vendor_id,pickup_datetime,dropoff_datetime,passenger_count,trip_distance,rate_code,store_and_fwd_flag,payment_type,fare_amount,extra,mta_tax,tip_amount,tolls_amount,imp_surcharge,total_amount,pickup_location_id,dropoff_location_id,hour,day_of_week,month,zone_id,zone_name,borough
1,2018-09-16 19:33:05,2018-09-16 19:51:50,1,7.8,1,N,1,23.5,0E-9,0.500000000,4.0,5.76,0.300000000,34.06,138,263,19,Sunday,9,138,LaGuardia Airport,Queens
2,2018-10-24 21:54:12,2018-10-24 22:14:38,1,8.56,1,N,1,25.5,0.500000000,0.500000000,6.51,5.76,0.300000000,39.07,138,107,21,Wednesday,10,138,LaGuardia Airport,Queens
2,2018-04-21 12:46:07,2018-04-21 13:18:04,1,10.46,1,N,1,32.0,0E-9,0.500000000,9.64,5.76,0.300000000,48.2,138,237,12,Saturday,4,138,LaGuardia Airport,Queens
2,2018-02-13 19:13:05,2018-02-13 19:34:00,5,8.36,1,N,1,26.0,1.000000000,0.500000000,6.71,5.76,0.300000000,40.27,138,236,19,Tuesday,2,138,LaGuardia Airport,Queens
2,2018-12-16 14:40:13,2018-12-16 15:07:39,2,9.23,1,N,1,28.5,0E-9,0.500000000,8.76,5.76,0.300000000,43.82,138,238,14,Sunday,12,138,LaGuardia Airport,Queens
2,2018-04-29 13:51:38,2018-04-29 14:17:02,1,8.17,1,N,1,26.5,0E-9,0.500000000,4.5,5.76,0.300000000,37.56,138,170,13,Sunday,4,138,LaGuardia Airport,Queens
2,2018-10-23 21:46:05,2018-10-23 22:19:02,5,11.51,1,N,1,35.5,0.500000000,0.500000000,7.36,0.0,0.300000000,44.16,138,106,21,Tuesday,10,138,LaGuardia Airport,Queens
2,2018-12-18 15:11:21,2018-12-18 15:34:57,1,7.26,1,N,1,23.0,0E-9,0.500000000,5.95,0.0,0.300000000,29.75,138,145,15,Tuesday,12,138,LaGuardia Airport,Queens
2,2018-01-13 10:48:42,2018-01-13 11:14:42,5,9.05,1,N,1,28.0,0E-9,0.500000000,6.91,5.76,0.300000000,41.47,138,107,10,Saturday,1,138,LaGuardia Airport,Queens
2,2018-05-10 13:58:33,2018-05-10 14:46:24,2,11.29,1,N,1,40.0,0E-9,0.500000000,11.64,5.76,0.300000000,58.2,138,163,13,Thursday,5,138,LaGuardia Airport,Queens
1,2018-01-01 19:02:31,2018-01-01 19:18:07,1,7.7,1,N,1,22.5,0E-9,0.500000000,5.8,5.76,0.300000000,34.86,138,263,19,Monday,1,138,LaGuardia Airport,Queens
2,2018-06-11 20:20:24,2018-06-11 20:38:24,2,8.96,1,N,1,26.0,0.500000000,0.500000000,6.61,5.76,0.300000000,39.67,138,161,20,Monday,6,138,LaGuardia Airport,Queens
2,2018-07-13 17:43:55,2018-07-13 18:19:17,1,7.63,1,N,1,28.0,1.000000000,0.500000000,5.96,0.0,0.300000000,35.76,138,255,17,Friday,7,138,LaGuardia Airport,Queens
2,2018-03-02 09:49:33,2018-03-02 10:17:01,5,7.48,1,N,1,24.5,0E-9,0.500000000,6.21,5.76,0.300000000,37.27,138,263,9,Friday,3,138,LaGuardia Airport,Queens
2,2018-07-14 16:32:54,2018-07-14 16:59:33,1,8.98,1,N,1,29.0,0E-9,0.500000000,5.8,5.76,0.300000000,41.36,138,230,16,Saturday,7,138,LaGuardia Airport,Queens
2,2018-01-26 11:13:00,2018-01-26 12:04:31,1,9.76,1,N,1,41.0,0E-9,0.500000000,9.51,5.76,0.300000000,57.07,138,246,11,Friday,1,138,LaGuardia Airport,Queens
2,2018-09-09 21:14:26,2018-09-09 21:34:43,2,11.95,1,N,1,32.5,0.500000000,0.500000000,6.76,0.0,0.300000000,40.56,138,132,21,Sunday,9,138,LaGuardia Airport,Queens
2,2018-03-13 20:00:36,2018-03-13 20:22:07,1,8.66,1,N,1,27.0,0.500000000,0.500000000,6.81,5.76,0.300000000,40.87,138,161,20,Tuesday,3,138,LaGuardia Airport,Queens
2,2018-06-01 14:11:40,2018-06-01 14:55:11,1,9.39,1,N,1,35.5,0E-9,0.500000000,8.41,5.76,0.300000000,50.47,138,236,14,Friday,6,138,LaGuardia Airport,Queens
1,2018-12-18 17:00:47,2018-12-18 17:30:00,1,9.1,1,N,1,28.0,1.000000000,0.500000000,7.1,5.76,0.300000000,42.66,138,42,17,Tuesday,12,138,LaGuardia Airport,Queens
2,2018-07-03 07:15:29,2018-07-03 07:40:31,3,6.59,1,N,1,22.5,0E-9,0.500000000,4.7,0.0,0.300000000,28.0,179,238,7,Tuesday,7,179,Old Astoria,Queens
2,2018-03-25 16:46:45,2018-03-25 17:32:58,1,7.2,1,N,1,32.5,0E-9,0.500000000,6.66,0.0,0.300000000,39.96,138,170,16,Sunday,3,138,LaGuardia Airport,Queens
2,2018-04-15 14:38:44,2018-04-15 15:18:38,2,10.16,1,N,1,35.0,0E-9,0.500000000,8.31,5.76,0.300000000,49.87,138,68,14,Sunday,4,138,LaGuardia Airport,Queens
2,2018-08-16 16:02:35,2018-08-16 16:54:26,1,9.12,1,N,1,39.0,1.000000000,0.500000000,9.31,5.76,0.300000000,55.87,138,48,16,Thursday,8,138,LaGuardia Airport,Queens
2,2018-11-18 12:40:49,2018-11-18 13:12:02,1,11.34,1,N,1,34.5,0E-9,0.500000000,8.21,5.76,0.300000000,49.27,138,166,12,Sunday,11,138,LaGuardia Airport,Queens
2,2018-03-25 10:58:45,2018-03-25 11:46:52,1,10.11,1,N,1,39.5,0E-9,0.500000000,8.06,0.0,0.300000000,48.36,138,161,10,Sunday,3,138,LaGuardia Airport,Queens
1,2018-11-15 11:07:19,2018-11-15 11:58:32,1,11.2,1,N,1,44.0,0E-9,0.500000000,10.1,5.76,0.300000000,60.66,138,264,11,Thursday,11,138,LaGuardia Airport,Queens
1,2018-04-14 19:40:39,2018-04-14 20:09:31,1,8.7,1,N,1,28.5,0E-9,0.500000000,7.3,0.0,0.300000000,36.6,138,229,19,Saturday,4,138,LaGuardia Airport,Queens
2,2018-05-01 13:51:41,2018-05-01 14:26:04,2,9.51,1,N,1,31.5,0E-9,0.500000000,7.61,5.76,0.300000000,45.67,138,163,13,Tuesday,5,138,LaGuardia Airport,Queens
2,2018-06-15 11:56:45,2018-06-15 13:02:16,1,16.11,4,N,1,64.5,0E-9,0.500000000,15.0,0.0,0.300000000,80.3,138,265,11,Friday,6,138,LaGuardia Airport,Queens
2,2018-09-23 19:55:08,2018-09-23 20:32:51,2,11.67,1,N,1,38.5,0E-9,0.500000000,9.01,5.76,0.300000000,54.07,138,163,19,Sunday,9,138,LaGuardia Airport,Queens
1,2018-04-14 15:44:46,2018-04-14 16:40:36,1,11.4,1,N,1,44.5,0E-9,0.500000000,9.05,0.0,0.300000000,54.35,138,144,15,Saturday,4,138,LaGuardia Airport,Queens
2,2018-03-17 08:28:36,2018-03-17 08:50:27,5,9.4,1,N,1,27.5,0E-9,0.500000000,6.81,5.76,0.300000000,40.87,138,151,8,Saturday,3,138,LaGuardia Airport,Queens
1,2018-03-26 09:46:29,2018-03-26 10:29:49,1,9.0,1,N,1,31.5,0E-9,0.500000000,7.61,5.76,0.300000000,45.67,138,161,9,Monday,3,138,LaGuardia Airport,Queens
2,2018-03-26 07:49:53,2018-03-26 08:52:03,1,11.08,1,N,1,41.0,0E-9,0.500000000,11.89,5.76,0.300000000,59.45,138,161,7,Monday,3,138,LaGuardia Airport,Queens
2,2018-06-23 13:43:29,2018-06-23 14:03:03,1,10.05,1,N,1,28.0,0E-9,0.500000000,6.91,5.76,0.300000000,41.47,138,229,13,Saturday,6,138,LaGuardia Airport,Queens
1,2018-03-26 10:47:47,2018-03-26 11:16:02,1,8.8,1,N,1,29.0,0E-9,0.500000000,7.1,5.76,0.300000000,42.66,138,230,10,Monday,3,138,LaGuardia Airport,Queens
2,2018-07-06 16:04:51,2018-07-06 16:27:12,1,9.9,1,N,1,29.0,1.000000000,0.500000000,9.14,5.76,0.300000000,45.7,138,162,16,Friday,7,138,LaGuardia Airport,Queens
2,2018-05-02 13:38:32,2018-05-02 14:03:09,1,12.5,1,N,1,34.5,0E-9,0.500000000,7.06,0.0,0.300000000,42.36,138,132,13,Wednesday,5,138,LaGuardia Airport,Queens
2,2018-06-05 10:35:16,2018-06-05 11:09:35,1,8.51,1,N,1,30.5,0E-9,0.500000000,7.41,5.76,0.300000000,44.47,138,234,10,Tuesday,6,138,LaGuardia Airport,Queens
2,2018-06-23 08:54:45,2018-06-23 09:16:54,6,10.24,1,N,1,29.0,0E-9,0.500000000,5.96,0.0,0.300000000,35.76,138,17,8,Saturday,6,138,LaGuardia Airport,Queens
2,2018-08-17 22:01:22,2018-08-17 22:17:30,1,7.95,1,N,1,23.0,0.500000000,0.500000000,7.52,5.76,0.300000000,37.58,138,262,22,Friday,8,138,LaGuardia Airport,Queens
1,2018-05-25 11:36:51,2018-05-25 12:19:51,1,9.9,1,N,1,36.5,0E-9,0.500000000,7.45,0.0,0.300000000,44.75,138,125,11,Friday,5,138,LaGuardia Airport,Queens
1,2018-12-09 12:02:04,2018-12-09 12:22:28,1,10.2,1,N,1,29.0,0E-9,0.500000000,7.1,5.76,0.300000000,42.66,138,229,12,Sunday,12,138,LaGuardia Airport,Queens
2,2018-10-12 18:59:14,2018-10-12 19:30:35,1,8.44,1,N,1,28.0,1.000000000,0.500000000,7.11,5.76,0.300000000,42.67,138,170,18,Friday,10,138,LaGuardia Airport,Queens
2,2018-09-23 13:17:10,2018-09-23 13:48:35,1,8.56,1,N,1,30.5,0E-9,0.500000000,7.41,5.76,0.300000000,44.47,138,170,13,Sunday,9,138,LaGuardia Airport,Queens
1,2018-04-26 15:50:58,2018-04-26 16:47:37,1,10.5,1,N,1,39.0,0E-9,0.500000000,9.0,5.76,0.300000000,54.56,138,163,15,Thursday,4,138,LaGuardia Airport,Queens
2,2018-06-06 09:52:43,2018-06-06 10:36:46,1,10.85,1,N,1,36.5,0E-9,0.500000000,8.61,5.76,0.300000000,51.67,138,43,9,Wednesday,6,138,LaGuardia Airport,Queens
2,2018-08-19 13:00:00,2018-08-19 13:31:02,1,11.05,1,N,1,34.5,0E-9,0.500000000,8.21,5.76,0.300000000,49.27,138,230,13,Sunday,8,138,LaGuardia Airport,Queens
2,2018-03-07 14:11:01,2018-03-07 14:33:42,2,12.48,1,N,1,34.5,0E-9,0.500000000,7.06,0.0,0.300000000,42.36,138,132,14,Wednesday,3,138,LaGuardia Airport,Queens
2,2018-02-26 10:00:18,2018-02-26 10:36:57,2,10.48,1,N,1,33.5,0E-9,0.500000000,8.01,5.76,0.300000000,48.07,138,161,10,Monday,2,138,LaGuardia Airport,Queens
1,2018-03-28 15:45:39,2018-03-28 16:19:18,1,8.4,1,N,1,27.5,0E-9,0.500000000,6.0,5.76,0.300000000,40.06,138,236,15,Wednesday,3,138,LaGuardia Airport,Queens
2,2018-08-20 13:27:16,2018-08-20 14:06:23,3,12.8,1,N,1,38.0,0E-9,0.500000000,7.76,0.0,0.300000000,46.56,138,261,13,Monday,8,138,LaGuardia Airport,Queens
1,2018-02-25 16:38:05,2018-02-25 16:57:31,4,9.1,1,N,1,27.0,0E-9,0.500000000,8.39,5.76,0.300000000,41.95,138,233,16,Sunday,2,138,LaGuardia Airport,Queens
2,2018-09-26 10:04:41,2018-09-26 11:22:45,1,11.51,1,N,1,48.5,0E-9,0.500000000,9.86,0.0,0.300000000,59.16,138,164,10,Wednesday,9,138,LaGuardia Airport,Queens
2,2018-11-21 09:35:52,2018-11-21 09:59:48,1,13.25,1,N,2,37.5,0E-9,0.500000000,0.0,0.0,0.300000000,38.3,138,19,9,Wednesday,11,138,LaGuardia Airport,Queens
2,2018-12-02 23:00:00,2018-12-02 23:28:14,1,9.74,1,N,2,29.5,0.500000000,0.500000000,0.0,5.76,0.300000000,36.56,138,234,23,Sunday,12,138,LaGuardia Airport,Queens
1,2018-04-18 15:05:26,2018-04-18 15:58:59,1,10.2,1,N,2,39.5,0E-9,0.500000000,0.0,5.76,0.300000000,46.06,138,239,15,Wednesday,4,138,LaGuardia Airport,Queens
1,2018-02-09 18:45:54,2018-02-09 19:22:07,1,13.4,1,Y,1,39.0,1.000000000,0.500000000,9.3,5.76,0.300000000,55.86,138,13,18,Friday,2,138,LaGuardia Airport,Queens
2,2018-05-16 23:25:17,2018-05-16 23:46:03,1,10.2,1,N,1,29.0,0.500000000,0.500000000,6.5,5.76,0.300000000,42.56,138,239,23,Wednesday,5,138,LaGuardia Airport,Queens
2,2018-03-09 13:52:22,2018-03-09 14:22:25,4,9.73,1,N,1,30.5,0E-9,0.500000000,9.26,5.76,0.300000000,46.32,138,141,13,Friday,3,138,LaGuardia Airport,Queens
1,2018-06-07 21:38:04,2018-06-07 22:01:12,1,8.2,1,N,1,26.0,0.500000000,0.500000000,6.8,0.0,0.300000000,34.1,138,164,21,Thursday,6,138,LaGuardia Airport,Queens
1,2018-02-17 18:48:48,2018-02-17 19:09:08,1,8.5,1,N,1,24.5,0E-9,0.500000000,6.2,5.76,0.300000000,37.26,138,263,18,Saturday,2,138,LaGuardia Airport,Queens
2,2018-10-18 22:26:14,2018-10-18 22:43:50,1,7.47,1,N,1,22.5,0.500000000,0.500000000,4.76,0.0,0.300000000,28.56,138,80,22,Thursday,10,138,LaGuardia Airport,Queens
2,2018-10-19 16:15:12,2018-10-19 17:11:21,2,6.35,1,N,1,35.0,1.000000000,0.500000000,8.0,0.0,0.300000000,44.8,138,145,16,Friday,10,138,LaGuardia Airport,Queens
2,2018-10-29 23:24:05,2018-10-29 23:51:29,1,9.41,1,N,1,30.0,0.500000000,0.500000000,7.41,5.76,0.300000000,44.47,138,186,23,Monday,10,138,LaGuardia Airport,Queens
2,2018-03-09 22:04:20,2018-03-09 22:25:21,1,9.25,1,N,1,27.5,0.500000000,0.500000000,8.64,5.76,0.300000000,43.2,138,79,22,Friday,3,138,LaGuardia Airport,Queens
1,2018-05-17 20:54:16,2018-05-17 21:20:23,1,9.0,1,N,1,29.0,0.500000000,0.500000000,9.0,5.76,0.300000000,45.06,138,238,20,Thursday,5,138,LaGuardia Airport,Queens
2,2018-01-21 14:26:25,2018-01-21 14:50:37,1,9.86,1,N,1,29.0,0E-9,0.500000000,7.11,5.76,0.300000000,42.67,138,162,14,Sunday,1,138,LaGuardia Airport,Queens
1,2018-12-01 18:18:24,2018-12-01 18:59:15,1,12.3,1,N,1,36.0,0E-9,0.500000000,12.75,5.76,0.300000000,55.31,138,224,18,Saturday,12,138,LaGuardia Airport,Queens
2,2018-12-27 18:58:35,2018-12-27 19:40:24,1,11.68,1,N,1,39.5,1.000000000,0.500000000,9.41,5.76,0.300000000,56.47,138,48,18,Thursday,12,138,LaGuardia Airport,Queens
2,2018-02-19 13:20:53,2018-02-19 13:41:20,1,8.65,1,N,1,26.5,0E-9,0.500000000,6.61,5.76,0.300000000,39.67,138,141,13,Monday,2,138,LaGuardia Airport,Queens
1,2018-07-10 12:52:34,2018-07-10 13:16:49,1,10.1,1,N,1,29.5,0E-9,0.500000000,7.2,5.76,0.300000000,43.26,138,233,12,Tuesday,7,138,LaGuardia Airport,Queens
1,2018-05-07 16:45:00,2018-05-07 17:17:24,2,7.4,1,N,1,26.0,1.000000000,0.500000000,5.55,0.0,0.300000000,33.35,138,255,16,Monday,5,138,LaGuardia Airport,Queens
1,2018-08-12 11:15:18,2018-08-12 11:42:15,1,10.0,1,N,1,31.5,0E-9,0.500000000,6.45,0.0,0.300000000,38.75,138,45,11,Sunday,8,138,LaGuardia Airport,Queens
1,2018-04-08 17:02:56,2018-04-08 17:36:30,1,9.3,1,N,1,30.5,0E-9,0.500000000,11.1,5.76,0.300000000,48.16,138,24,17,Sunday,4,138,LaGuardia Airport,Queens
2,2018-02-19 14:01:33,2018-02-19 14:26:13,2,11.82,1,N,1,33.0,0E-9,0.500000000,6.76,0.0,0.300000000,40.56,138,52,14,Monday,2,138,LaGuardia Airport,Queens
2,2018-03-20 20:33:43,2018-03-20 21:02:38,1,8.9,1,N,1,29.5,0.500000000,0.500000000,7.31,5.76,0.300000000,43.87,138,68,20,Tuesday,3,138,LaGuardia Airport,Queens
2,2018-02-14 10:42:55,2018-02-14 11:24:51,1,10.98,1,N,1,37.5,0E-9,0.500000000,4.0,0.0,0.300000000,42.3,179,231,10,Wednesday,2,179,Old Astoria,Queens
2,2018-12-28 13:41:06,2018-12-28 14:01:41,1,7.6,1,N,1,24.5,0E-9,0.500000000,6.28,5.76,0.300000000,37.34,138,43,13,Friday,12,138,LaGuardia Airport,Queens
1,2018-02-21 17:05:18,2018-02-21 17:28:31,1,8.2,1,N,1,25.5,1.000000000,0.500000000,6.6,5.76,0.300000000,39.66,138,162,17,Wednesday,2,138,LaGuardia Airport,Queens
2,2018-03-22 17:47:50,2018-03-22 18:20:24,1,10.05,1,N,1,33.0,1.000000000,0.500000000,8.11,5.76,0.300000000,48.67,138,239,17,Thursday,3,138,LaGuardia Airport,Queens
2,2018-04-21 15:30:16,2018-04-21 15:54:48,2,7.78,1,N,1,25.0,0E-9,0.500000000,7.89,5.76,0.300000000,39.45,138,116,15,Saturday,4,138,LaGuardia Airport,Queens
2,2018-04-23 21:58:12,2018-04-23 22:16:51,1,11.21,1,N,1,31.5,0.500000000,0.500000000,7.71,5.76,0.300000000,46.27,138,162,21,Monday,4,138,LaGuardia Airport,Queens
2,2018-11-04 17:50:25,2018-11-04 18:23:39,2,9.86,1,N,1,32.0,0E-9,0.500000000,9.64,5.76,0.300000000,48.2,138,90,17,Sunday,11,138,LaGuardia Airport,Queens
2,2018-02-28 18:06:58,2018-02-28 18:57:15,5,10.12,1,N,1,37.0,1.000000000,0.500000000,11.14,5.76,0.300000000,55.7,138,162,18,Wednesday,2,138,LaGuardia Airport,Queens
1,2018-10-22 19:10:54,2018-10-22 19:30:15,1,9.6,1,N,1,28.0,1.000000000,0.500000000,8.85,5.76,0.300000000,44.41,138,244,19,Monday,10,138,LaGuardia Airport,Queens
2,2018-12-17 12:55:00,2018-12-17 13:27:55,5,10.08,1,N,1,33.0,0E-9,0.500000000,9.89,5.76,0.300000000,49.45,138,163,12,Monday,12,138,LaGuardia Airport,Queens
2,2018-04-11 20:26:49,2018-04-11 20:50:21,2,8.9,1,N,1,27.0,0.500000000,0.500000000,6.81,5.76,0.300000000,40.87,138,234,20,Wednesday,4,138,LaGuardia Airport,Queens
2,2018-05-30 21:11:10,2018-05-30 21:38:33,2,11.7,1,N,1,33.5,0.500000000,0.500000000,8.11,5.76,0.300000000,48.67,138,244,21,Wednesday,5,138,LaGuardia Airport,Queens
2,2018-06-21 07:49:45,2018-06-21 08:46:40,1,12.65,1,N,1,47.0,0E-9,0.500000000,8.0,5.76,0.300000000,61.56,138,230,7,Thursday,6,138,LaGuardia Airport,Queens
1,2018-03-02 13:56:01,2018-03-02 14:17:55,1,7.4,1,N,1,24.5,0E-9,0.500000000,5.05,0.0,0.300000000,30.35,138,112,13,Friday,3,138,LaGuardia Airport,Queens
2,2018-06-20 17:56:39,2018-06-20 18:43:33,2,10.83,1,N,1,37.5,1.000000000,0.500000000,9.01,5.76,0.300000000,54.07,138,163,17,Wednesday,6,138,LaGuardia Airport,Queens
2,2018-11-13 17:35:20,2018-11-13 18:12:34,1,9.08,1,N,1,32.5,1.000000000,0.500000000,8.01,5.76,0.300000000,48.07,138,162,17,Tuesday,11,138,LaGuardia Airport,Queens
1,2018-10-08 23:21:40,2018-10-08 23:42:24,1,9.8,1,N,1,29.0,0.500000000,0.500000000,6.05,0.0,0.300000000,36.35,138,97,23,Monday,10,138,LaGuardia Airport,Queens
2,2018-12-06 07:43:55,2018-12-06 08:21:14,6,11.93,1,N,1,37.5,0E-9,0.500000000,8.81,5.76,0.300000000,52.87,138,161,7,Thursday,12,138,LaGuardia Airport,Queens
1,2018-08-06 23:46:41,2018-08-07 00:05:38,1,10.0,1,N,1,29.0,0.500000000,0.500000000,6.05,0.0,0.300000000,36.35,138,49,23,Monday,8,138,LaGuardia Airport,Queens
2,2018-09-21 10:48:04,2018-09-21 11:33:41,1,12.37,1,N,1,40.5,0E-9,0.500000000,9.41,5.76,0.300000000,56.47,138,50,10,Friday,9,138,LaGuardia Airport,Queens
1,2018-05-13 19:40:36,2018-05-13 20:12:56,1,11.5,1,N,1,34.0,0E-9,0.500000000,5.22,0.0,0.300000000,40.02,138,87,19,Sunday,5,138,LaGuardia Airport,Queens
2,2018-06-02 19:46:49,2018-06-02 20:21:18,1,11.6,1,N,1,36.0,0E-9,0.500000000,8.51,5.76,0.300000000,51.07,138,48,19,Saturday,6,138,LaGuardia Airport,Queens
2,2018-05-01 08:32:57,2018-05-01 09:07:23,6,11.56,1,N,1,35.5,0E-9,0.500000000,8.37,5.54,0.300000000,50.21,138,162,8,Tuesday,5,138,LaGuardia Airport,Queens
2,2018-10-09 08:13:01,2018-10-09 09:11:28,2,11.71,1,N,1,43.0,0E-9,0.500000000,9.91,5.76,0.300000000,59.47,138,48,8,Tuesday,10,138,LaGuardia Airport,Queens
2,2018-10-26 15:23:23,2018-10-26 16:18:32,1,8.64,1,N,1,38.5,0E-9,0.500000000,7.86,0.0,0.300000000,47.16,138,262,15,Friday,10,138,LaGuardia Airport,Queens
2,2018-06-22 17:38:04,2018-06-22 18:35:05,2,10.64,1,N,1,43.5,1.000000000,0.500000000,8.08,5.76,0.300000000,59.14,138,43,17,Friday,6,138,LaGuardia Airport,Queens
1,2018-10-02 14:22:17,2018-10-02 14:40:34,1,7.0,1,N,1,22.0,0E-9,0.500000000,5.7,0.0,0.300000000,28.5,138,80,14,Tuesday,10,138,LaGuardia Airport,Queens
1,2018-11-26 22:09:42,2018-11-26 22:29:01,1,6.9,1,N,1,22.5,0.500000000,0.500000000,4.2,0.0,0.300000000,28.0,138,145,22,Monday,11,138,LaGuardia Airport,Queens
1,2018-05-02 18:03:57,2018-05-02 18:34:03,1,8.7,1,N,1,29.5,1.000000000,0.500000000,8.0,5.76,0.300000000,45.06,138,164,18,Wednesday,5,138,LaGuardia Airport,Queens
2,2018-10-25 19:56:16,2018-10-25 20:33:09,1,11.61,1,N,1,36.5,1.000000000,0.500000000,7.0,5.76,0.300000000,51.06,138,161,19,Thursday,10,138,LaGuardia Airport,Queens
2,2018-02-05 13:28:07,2018-02-05 14:00:02,1,10.07,1,N,1,32.5,0E-9,0.500000000,6.66,0.0,0.300000000,39.96,138,97,13,Monday,2,138,LaGuardia Airport,Queens
2,2018-08-07 12:10:32,2018-08-07 12:53:56,1,11.71,1,N,1,39.5,0E-9,0.500000000,8.06,0.0,0.300000000,48.36,138,13,12,Tuesday,8,138,LaGuardia Airport,Queens
2,2018-08-30 23:24:14,2018-08-30 23:45:35,1,7.07,1,N,1,23.0,0.500000000,0.500000000,3.64,0.0,0.300000000,27.94,138,145,23,Thursday,8,138,LaGuardia Airport,Queens
1,2018-10-12 16:52:51,2018-10-12 17:44:44,1,8.5,1,N,1,34.0,1.000000000,0.500000000,8.3,5.76,0.300000000,49.86,138,41,16,Friday,10,138,LaGuardia Airport,Queens
2,2018-01-08 11:52:39,2018-01-08 12:28:58,2,12.41,1,N,1,40.5,0E-9,0.500000000,9.41,5.76,0.300000000,56.47,138,138,11,Monday,1,138,LaGuardia Airport,Queens
2,2018-03-05 08:57:54,2018-03-05 09:43:30,1,8.73,1,N,1,33.5,0E-9,0.500000000,8.01,5.76,0.300000000,48.07,138,162,8,Monday,3,138,LaGuardia Airport,Queens
1,2018-08-08 23:22:25,2018-08-08 23:48:51,1,10.6,1,N,1,31.5,0.500000000,0.500000000,5.78,5.76,0.300000000,44.34,138,142,23,Wednesday,8,138,LaGuardia Airport,Queens
1,2018-03-06 14:22:04,2018-03-06 14:55:00,1,10.0,1,N,1,32.5,0E-9,0.500000000,7.8,5.76,0.300000000,46.86,138,113,14,Tuesday,3,138,LaGuardia Airport,Queens
1,2018-11-16 19:50:18,2018-11-16 20:22:34,2,10.4,1,N,1,33.5,1.000000000,0.500000000,10.25,5.76,0.300000000,51.31,138,237,19,Friday,11,138,LaGuardia Airport,Queens
2,2018-03-17 09:06:06,2018-03-17 09:26:55,1,8.34,1,N,1,25.5,0E-9,0.500000000,5.26,0.0,0.300000000,31.56,138,37,9,Saturday,3,138,LaGuardia Airport,Queens
2,2018-05-14 16:41:48,2018-05-14 17:19:57,1,8.88,1,N,1,31.0,1.000000000,0.500000000,7.71,5.76,0.300000000,46.27,138,170,16,Monday,5,138,LaGuardia Airport,Queens
2,2018-03-17 20:13:07,2018-03-17 20:35:40,2,10.23,1,N,1,30.0,0.500000000,0.500000000,7.41,5.76,0.300000000,44.47,138,142,20,Saturday,3,138,LaGuardia Airport,Queens
1,2018-12-09 15:08:48,2018-12-09 15:33:53,1,10.1,1,N,1,30.0,0E-9,0.500000000,7.7,0.0,0.300000000,38.5,138,145,15,Sunday,12,138,LaGuardia Airport,Queens
2,2018-03-06 18:09:44,2018-03-06 18:53:38,1,9.02,1,N,1,31.0,1.000000000,0.500000000,7.71,5.76,0.300000000,46.27,138,237,18,Tuesday,3,138,LaGuardia Airport,Queens
2,2018-06-05 17:02:39,2018-06-05 17:39:45,1,11.55,1,N,1,35.5,1.000000000,0.500000000,9.0,5.76,0.300000000,52.06,138,137,17,Tuesday,6,138,LaGuardia Airport,Queens
1,2018-06-25 14:45:24,2018-06-25 15:11:56,1,8.3,1,N,1,27.5,0E-9,0.500000000,5.11,5.76,0.300000000,39.17,138,186,14,Monday,6,138,LaGuardia Airport,Queens
1,2018-03-27 12:34:26,2018-03-27 13:18:23,1,12.5,1,N,1,42.0,0E-9,0.500000000,9.71,5.76,0.300000000,58.27,138,88,12,Tuesday,3,138,LaGuardia Airport,Queens
2,2018-03-26 11:58:01,2018-03-26 12:26:01,5,7.28,1,N,1,25.5,0E-9,0.500000000,5.26,0.0,0.300000000,31.56,138,161,11,Monday,3,138,LaGuardia Airport,Queens
2,2018-11-07 09:11:10,2018-11-07 10:01:31,1,11.87,1,N,1,41.0,0E-9,0.500000000,9.51,5.76,0.300000000,57.07,138,100,9,Wednesday,11,138,LaGuardia Airport,Queens
1,2018-02-27 09:30:52,2018-02-27 10:21:11,2,11.9,1,N,1,37.5,0E-9,0.500000000,7.0,5.76,0.300000000,51.06,138,142,9,Tuesday,2,138,LaGuardia Airport,Queens
2,2018-06-25 20:48:11,2018-06-25 21:21:43,1,8.67,1,N,1,31.5,0.500000000,0.500000000,9.64,5.76,0.300000000,48.2,138,161,20,Monday,6,138,LaGuardia Airport,Queens
1,2018-02-26 23:34:05,2018-02-26 23:54:20,1,11.0,1,N,1,31.0,0.500000000,0.500000000,7.6,5.76,0.300000000,45.66,138,170,23,Monday,2,138,LaGuardia Airport,Queens
1,2018-03-18 19:51:05,2018-03-18 20:12:52,2,9.3,1,N,1,27.5,0E-9,0.500000000,6.8,5.76,0.300000000,40.86,138,236,19,Sunday,3,138,LaGuardia Airport,Queens
1,2018-11-07 18:47:27,2018-11-07 19:46:04,3,10.8,1,N,1,42.0,1.000000000,0.500000000,9.9,5.76,0.300000000,59.46,138,230,18,Wednesday,11,138,LaGuardia Airport,Queens
2,2018-11-18 21:45:31,2018-11-18 22:04:16,1,9.77,1,N,1,28.0,0.500000000,0.500000000,4.21,5.76,0.300000000,39.27,138,229,21,Sunday,11,138,LaGuardia Airport,Queens
1,2018-03-29 09:18:39,2018-03-29 09:55:22,1,15.3,1,N,1,44.5,0E-9,0.500000000,12.75,5.76,0.300000000,63.81,138,88,9,Thursday,3,138,LaGuardia Airport,Queens
2,2018-04-20 11:07:46,2018-04-20 11:41:37,4,8.48,1,N,2,31.0,0E-9,0.500000000,0.0,5.76,0.300000000,37.56,138,100,11,Friday,4,138,LaGuardia Airport,Queens
2,2018-06-26 07:47:45,2018-06-26 08:23:25,1,11.73,1,N,1,36.0,0E-9,0.500000000,8.51,5.76,0.300000000,51.07,138,137,7,Tuesday,6,138,LaGuardia Airport,Queens
2,2018-08-21 12:17:47,2018-08-21 12:44:47,4,9.37,1,N,1,29.5,0E-9,0.500000000,9.02,5.76,0.300000000,45.08,138,234,12,Tuesday,8,138,LaGuardia Airport,Queens
2,2018-06-06 11:33:35,2018-06-06 11:51:01,1,7.31,1,N,1,21.5,0E-9,0.500000000,5.58,0.0,0.300000000,27.88,138,255,11,Wednesday,6,138,LaGuardia Airport,Queens
2,2018-09-03 18:54:50,2018-09-03 19:21:27,5,9.89,1,N,1,29.0,0E-9,0.500000000,5.96,0.0,0.300000000,35.76,138,65,18,Monday,9,138,LaGuardia Airport,Queens
1,2018-09-26 01:01:09,2018-09-26 01:21:16,1,12.2,1,N,1,33.0,0.500000000,0.500000000,5.15,0.0,0.300000000,39.45,138,231,1,Wednesday,9,138,LaGuardia Airport,Queens
1,2018-05-28 16:28:48,2018-05-28 16:49:16,2,8.7,1,N,2,26.0,0E-9,0.500000000,0.0,5.76,0.300000000,32.56,138,230,16,Monday,5,138,LaGuardia Airport,Queens
1,2018-12-03 09:31:04,2018-12-03 10:23:14,1,8.7,1,N,1,37.5,0E-9,0.500000000,8.8,5.76,0.300000000,52.86,138,170,9,Monday,12,138,LaGuardia Airport,Queens
1,2018-05-07 21:24:14,2018-05-07 21:39:07,1,7.3,1,N,1,21.5,0.500000000,0.500000000,2.74,0.0,0.300000000,25.54,138,255,21,Monday,5,138,LaGuardia Airport,Queens
2,2018-05-18 08:01:38,2018-05-18 08:57:01,1,10.4,1,N,1,42.0,0E-9,0.500000000,0.0,0.0,0.300000000,42.8,135,188,8,Friday,5,135,Kew Gardens Hills,Queens
2,2018-10-21 23:10:57,2018-10-21 23:28:23,5,8.39,1,N,2,24.5,0.500000000,0.500000000,0.0,0.0,0.300000000,25.8,138,112,23,Sunday,10,138,LaGuardia Airport,Queens
2,2018-09-27 11:24:59,2018-09-27 12:07:33,1,8.07,1,N,2,33.5,0E-9,0.500000000,0.0,5.76,0.300000000,40.06,138,162,11,Thursday,9,138,LaGuardia Airport,Queens
2,2018-04-19 20:43:36,2018-04-19 21:22:10,1,27.57,5,N,1,143.0,0E-9,0.500000000,20.0,16.26,0.300000000,180.06,138,265,20,Thursday,4,138,LaGuardia Airport,Queens
2,2018-10-31 09:11:56,2018-10-31 09:32:28,1,7.62,5,N,1,22.32,0E-9,0.500000000,0.0,0.0,0.300000000,23.12,191,95,9,Wednesday,10,191,Queens Village,Queens
2,2018-08-11 14:25:48,2018-08-11 14:41:54,1,9.33,1,N,2,26.0,0E-9,0.500000000,0.0,5.76,0.300000000,32.56,138,140,14,Saturday,8,138,LaGuardia Airport,Queens
1,2018-09-27 15:37:29,2018-09-27 16:30:17,4,8.7,1,N,2,36.0,0E-9,0.500000000,0.0,5.76,0.300000000,42.56,138,161,15,Thursday,9,138,LaGuardia Airport,Queens
2,2018-08-11 17:07:31,2018-08-11 17:30:30,1,9.82,1,N,1,28.0,0E-9,0.500000000,6.91,5.76,0.300000000,41.47,138,4,17,Saturday,8,138,LaGuardia Airport,Queens
1,2018-05-09 18:48:21,2018-05-09 19:22:23,1,8.8,1,N,1,30.5,1.000000000,0.500000000,7.6,5.76,0.300000000,45.66,138,236,18,Wednesday,5,138,LaGuardia Airport,Queens
2,2018-07-20 20:12:47,2018-07-20 20:32:13,2,9.85,1,N,1,27.5,0.500000000,0.500000000,6.91,5.76,0.300000000,41.47,138,162,20,Friday,7,138,LaGuardia Airport,Queens
1,2018-03-01 18:36:42,2018-03-01 18:59:27,1,8.5,1,N,1,26.5,1.000000000,0.500000000,6.8,5.76,0.300000000,40.86,138,140,18,Thursday,3,138,LaGuardia Airport,Queens
1,2018-04-27 18:29:30,2018-04-27 19:23:41,2,14.2,1,N,1,45.0,1.000000000,0.500000000,7.5,5.76,0.300000000,60.06,138,113,18,Friday,4,138,LaGuardia Airport,Queens
2,2018-05-30 13:56:34,2018-05-30 14:36:16,1,8.87,1,N,1,33.5,0E-9,0.500000000,8.01,5.76,0.300000000,48.07,138,100,13,Wednesday,5,138,LaGuardia Airport,Queens
2,2018-01-11 08:47:35,2018-01-11 09:29:10,2,11.81,1,N,1,39.5,0E-9,0.500000000,11.52,5.76,0.300000000,57.58,138,100,8,Thursday,1,138,LaGuardia Airport,Queens
2,2018-08-03 00:37:16,2018-08-03 01:03:13,1,9.8,1,N,1,29.0,0.500000000,0.500000000,7.21,5.76,0.300000000,43.27,138,249,0,Friday,8,138,LaGuardia Airport,Queens
1,2018-02-01 22:32:32,2018-02-01 23:01:40,1,12.9,1,N,1,37.5,0.500000000,0.500000000,7.75,0.0,0.300000000,46.55,138,261,22,Thursday,2,138,LaGuardia Airport,Queens
2,2018-02-13 17:15:55,2018-02-13 19:16:43,5,11.55,1,N,1,43.5,1.000000000,0.500000000,9.06,0.0,0.300000000,54.36,138,40,17,Tuesday,2,138,LaGuardia Airport,Queens
2,2018-06-12 09:19:17,2018-06-12 09:54:51,1,10.24,1,N,1,31.5,0E-9,0.500000000,7.61,5.76,0.300000000,45.67,138,161,9,Tuesday,6,138,LaGuardia Airport,Queens
1,2018-12-17 10:42:58,2018-12-17 11:16:23,1,9.6,1,N,1,32.0,0E-9,0.500000000,7.7,5.76,0.300000000,46.26,138,163,10,Monday,12,138,LaGuardia Airport,Queens
2,2018-04-22 18:27:15,2018-04-22 18:56:34,5,8.44,1,N,1,26.0,0E-9,0.500000000,6.51,5.76,0.300000000,39.07,138,263,18,Sunday,4,138,LaGuardia Airport,Queens
2,2018-01-03 22:20:30,2018-01-03 22:41:17,1,8.24,1,N,1,25.5,0.500000000,0.500000000,6.51,5.76,0.300000000,39.07,138,152,22,Wednesday,1,138,LaGuardia Airport,Queens
1,2018-05-30 17:27:10,2018-05-30 18:05:00,1,8.8,1,N,1,31.0,1.000000000,0.500000000,7.7,5.76,0.300000000,46.26,138,234,17,Wednesday,5,138,LaGuardia Airport,Queens
2,2018-12-04 16:51:56,2018-12-04 17:44:11,2,11.45,1,N,1,40.0,1.000000000,0.500000000,9.51,5.76,0.300000000,57.07,138,163,16,Tuesday,12,138,LaGuardia Airport,Queens
2,2018-06-11 09:39:24,2018-06-11 10:25:01,1,11.26,1,N,1,36.0,0E-9,0.500000000,8.51,5.76,0.300000000,51.07,138,161,9,Monday,6,138,LaGuardia Airport,Queens
2,2018-09-16 16:54:18,2018-09-16 17:22:07,1,7.89,1,N,1,27.0,0E-9,0.500000000,5.56,0.0,0.300000000,33.36,138,229,16,Sunday,9,138,LaGuardia Airport,Queens
2,2018-12-16 21:04:06,2018-12-16 21:22:32,1,8.51,1,N,1,25.5,0.500000000,0.500000000,8.14,5.76,0.300000000,40.7,138,236,21,Sunday,12,138,LaGuardia Airport,Queens
1,2018-09-09 20:23:02,2018-09-09 20:48:23,1,9.5,1,N,1,29.5,0.500000000,0.500000000,7.0,5.76,0.300000000,43.56,138,230,20,Sunday,9,138,LaGuardia Airport,Queens
2,2018-07-13 19:19:21,2018-07-13 19:59:28,2,10.85,1,N,1,36.5,1.000000000,0.500000000,4.0,5.76,0.300000000,48.06,138,163,19,Friday,7,138,LaGuardia Airport,Queens
2,2018-10-23 22:24:37,2018-10-23 22:48:38,1,10.43,1,N,1,30.5,0.500000000,0.500000000,9.39,5.76,0.300000000,46.95,138,239,22,Tuesday,10,138,LaGuardia Airport,Queens
2,2018-02-03 17:34:54,2018-02-03 18:02:53,1,9.95,1,N,1,31.0,0E-9,0.500000000,6.66,5.76,0.300000000,44.22,138,48,17,Saturday,2,138,LaGuardia Airport,Queens
1,2018-11-15 00:10:57,2018-11-15 00:28:56,2,9.1,1,N,1,26.0,0.500000000,0.500000000,8.25,5.76,0.300000000,41.31,138,90,0,Thursday,11,138,LaGuardia Airport,Queens
2,2018-06-01 15:37:49,2018-06-01 16:25:40,1,10.88,1,N,1,35.5,0E-9,0.500000000,4.2,5.76,0.300000000,46.26,138,162,15,Friday,6,138,LaGuardia Airport,Queens
1,2018-03-15 16:20:45,2018-03-15 17:05:09,1,8.6,1,N,1,33.5,1.000000000,0.500000000,8.2,5.76,0.300000000,49.26,138,230,16,Thursday,3,138,LaGuardia Airport,Queens
1,2018-08-15 19:08:51,2018-08-15 19:31:19,1,9.3,1,N,1,28.5,1.000000000,0.500000000,6.05,0.0,0.300000000,36.35,138,162,19,Wednesday,8,138,LaGuardia Airport,Queens
2,2018-09-14 08:28:32,2018-09-14 10:03:00,1,17.1,1,N,1,67.0,0E-9,0.500000000,13.56,0.0,0.300000000,81.36,138,161,8,Friday,9,138,LaGuardia Airport,Queens
2,2018-04-25 14:53:25,2018-04-25 15:24:30,2,7.71,1,N,1,27.0,0E-9,0.500000000,5.56,0.0,0.300000000,33.36,138,80,14,Wednesday,4,138,LaGuardia Airport,Queens
2,2018-05-01 13:53:23,2018-05-01 14:30:21,1,10.23,1,N,1,34.0,0E-9,0.500000000,8.7,0.0,0.300000000,43.5,138,144,13,Tuesday,5,138,LaGuardia Airport,Queens
1,2018-03-06 16:25:28,2018-03-06 17:07:08,1,10.2,1,N,1,32.0,1.000000000,0.500000000,7.9,5.76,0.300000000,47.46,138,162,16,Tuesday,3,138,LaGuardia Airport,Queens
2,2018-05-22 12:00:18,2018-05-22 12:29:00,1,8.67,1,N,1,29.0,0E-9,0.500000000,7.11,5.76,0.300000000,42.67,138,161,12,Tuesday,5,138,LaGuardia Airport,Queens
2,2018-06-14 18:19:38,2018-06-14 18:52:14,1,8.66,1,N,1,28.0,1.000000000,0.500000000,7.11,5.76,0.300000000,42.67,138,236,18,Thursday,6,138,LaGuardia Airport,Queens
2,2018-03-05 23:53:37,2018-03-06 00:15:08,6,8.75,1,N,1,27.0,0.500000000,0.500000000,5.66,0.0,0.300000000,33.96,138,36,23,Monday,3,138,LaGuardia Airport,Queens
1,2018-03-08 12:11:19,2018-03-08 12:30:12,1,8.2,1,N,1,25.5,0E-9,0.500000000,6.4,5.76,0.300000000,38.46,138,263,12,Thursday,3,138,LaGuardia Airport,Queens
2,2018-06-15 12:09:57,2018-06-15 12:29:49,1,8.9,1,N,1,26.0,0E-9,0.500000000,6.51,5.76,0.300000000,39.07,138,107,12,Friday,6,138,LaGuardia Airport,Queens
1,2018-04-16 00:16:59,2018-04-16 00:35:56,3,8.2,1,N,1,24.5,0.500000000,0.500000000,3.16,5.76,0.300000000,34.72,138,236,0,Monday,4,138,LaGuardia Airport,Queens
1,2018-11-27 13:41:09,2018-11-27 14:14:27,1,16.6,1,N,1,47.0,0E-9,0.500000000,6.0,5.76,0.300000000,59.56,138,163,13,Tuesday,11,138,LaGuardia Airport,Queens
2,2018-02-14 23:23:53,2018-02-14 23:50:24,2,10.29,1,N,1,31.0,0.500000000,0.500000000,4.0,5.76,0.300000000,42.06,138,161,23,Wednesday,2,138,LaGuardia Airport,Queens
2,2018-06-24 14:52:15,2018-06-24 15:29:54,1,10.94,1,N,1,35.0,0E-9,0.500000000,8.31,5.76,0.300000000,49.87,138,163,14,Sunday,6,138,LaGuardia Airport,Queens
2,2018-02-06 11:13:05,2018-02-06 11:45:28,2,9.53,1,N,1,32.5,0E-9,0.500000000,7.81,5.76,0.300000000,46.87,138,107,11,Tuesday,2,138,LaGuardia Airport,Queens
1,2018-01-29 16:50:42,2018-01-29 17:32:21,1,11.8,1,N,1,39.0,1.000000000,0.500000000,8.15,0.0,0.300000000,48.95,138,13,16,Monday,1,138,LaGuardia Airport,Queens
1,2018-11-28 13:29:02,2018-11-28 14:01:42,1,8.6,1,N,1,28.5,0E-9,0.500000000,8.75,5.76,0.300000000,43.81,138,234,13,Wednesday,11,138,LaGuardia Airport,Queens
1,2018-05-23 07:56:56,2018-05-23 08:51:04,2,8.8,1,N,1,39.0,0E-9,0.500000000,5.97,0.0,0.300000000,45.77,138,161,7,Wednesday,5,138,LaGuardia Airport,Queens
1,2018-01-22 08:19:15,2018-01-22 09:20:19,1,8.6,1,N,2,39.0,0E-9,0.500000000,0.0,5.76,0.300000000,45.56,138,234,8,Monday,1,138,LaGuardia Airport,Queens
1,2018-06-25 12:25:39,2018-06-25 13:15:16,3,8.7,1,N,1,37.0,0E-9,0.500000000,4.0,5.76,0.300000000,47.56,138,186,12,Monday,6,138,LaGuardia Airport,Queens
2,2018-10-05 18:37:55,2018-10-05 19:12:14,1,7.83,1,N,1,26.0,1.000000000,0.500000000,5.56,0.0,0.300000000,33.36,138,256,18,Friday,10,138,LaGuardia Airport,Queens
2,2018-03-28 10:10:56,2018-03-28 11:01:12,1,7.86,1,N,1,33.5,0E-9,0.500000000,8.01,5.76,0.300000000,48.07,138,164,10,Wednesday,3,138,LaGuardia Airport,Queens
2,2018-05-15 13:11:58,2018-05-15 13:55:30,1,10.12,1,N,1,37.0,0E-9,0.500000000,10.89,5.76,0.300000000,54.45,138,237,13,Tuesday,5,138,LaGuardia Airport,Queens
1,2018-10-16 19:16:17,2018-10-16 19:37:30,1,8.4,1,N,1,26.0,1.000000000,0.500000000,7.0,5.76,0.300000000,40.56,138,164,19,Tuesday,10,138,LaGuardia Airport,Queens
2,2018-10-15 18:46:50,2018-10-15 19:08:35,2,8.63,1,N,1,26.5,1.000000000,0.500000000,6.81,5.76,0.300000000,40.87,138,224,18,Monday,10,138,LaGuardia Airport,Queens
2,2018-09-24 20:50:18,2018-09-24 21:06:34,4,7.01,1,N,1,21.5,0.500000000,0.500000000,4.28,5.76,0.300000000,32.84,138,42,20,Monday,9,138,LaGuardia Airport,Queens
1,2018-01-09 00:02:12,2018-01-09 00:25:46,1,7.8,1,N,1,25.5,0.500000000,0.500000000,5.35,0.0,0.300000000,32.15,138,237,0,Tuesday,1,138,LaGuardia Airport,Queens
1,2018-06-18 07:11:32,2018-06-18 08:02:59,3,13.4,1,N,2,46.0,0E-9,0.500000000,0.0,5.76,0.300000000,52.56,138,230,7,Monday,6,138,LaGuardia Airport,Queens
2,2018-09-04 18:52:28,2018-09-04 19:26:41,1,5.24,1,N,2,23.5,1.000000000,0.500000000,0.0,0.0,0.300000000,25.3,138,93,18,Tuesday,9,138,LaGuardia Airport,Queens
2,2018-11-09 11:44:29,2018-11-09 12:19:49,1,6.55,1,N,1,26.5,0E-9,0.500000000,5.46,0.0,0.300000000,32.76,138,163,11,Friday,11,138,LaGuardia Airport,Queens
2,2018-08-02 09:41:25,2018-08-02 10:32:20,2,12.71,1,N,2,44.5,0E-9,0.500000000,0.0,5.76,0.300000000,51.06,138,230,9,Thursday,8,138,LaGuardia Airport,Queens
1,2018-03-09 11:56:35,2018-03-09 12:29:03,3,11.6,1,N,1,36.0,0E-9,0.500000000,8.5,5.76,0.300000000,51.06,138,164,11,Friday,3,138,LaGuardia Airport,Queens
2,2018-03-09 09:40:24,2018-03-09 10:39:23,1,12.54,1,N,1,47.0,0E-9,0.500000000,10.71,5.76,0.300000000,64.27,138,161,9,Friday,3,138,LaGuardia Airport,Queens
2,2018-07-19 16:04:03,2018-07-19 16:32:27,1,6.83,1,N,1,23.5,1.000000000,0.500000000,8.0,5.0,0.300000000,38.3,138,255,16,Thursday,7,138,LaGuardia Airport,Queens
1,2018-07-30 09:26:28,2018-07-30 10:08:23,0,9.1,1,N,1,33.5,0E-9,0.500000000,8.0,5.76,0.300000000,48.06,138,79,9,Monday,7,138,LaGuardia Airport,Queens
2,2018-12-12 11:59:11,2018-12-12 12:37:40,5,15.74,1,N,1,46.0,0E-9,0.500000000,11.7,0.0,0.300000000,58.5,138,72,11,Wednesday,12,138,LaGuardia Airport,Queens
2,2018-07-07 20:45:24,2018-07-07 21:06:49,1,9.84,1,N,1,28.5,0.500000000,0.500000000,7.45,0.0,0.300000000,37.25,138,65,20,Saturday,7,138,LaGuardia Airport,Queens
2,2018-12-03 12:38:19,2018-12-03 13:13:06,1,9.1,1,N,1,31.5,0E-9,0.500000000,9.52,5.76,0.300000000,47.58,138,107,12,Monday,12,138,LaGuardia Airport,Queens
1,2018-05-29 16:41:20,2018-05-29 17:21:35,2,10.5,1,N,2,33.0,1.000000000,0.500000000,0.0,5.76,0.300000000,40.56,138,213,16,Tuesday,5,138,LaGuardia Airport,Queens
1,2018-06-07 11:19:58,2018-06-07 12:10:29,2,13.0,1,N,1,42.5,0E-9,0.500000000,9.8,5.76,0.300000000,58.86,138,148,11,Thursday,6,138,LaGuardia Airport,Queens
1,2018-06-07 16:21:29,2018-06-07 18:02:55,1,11.1,1,N,1,63.0,1.000000000,0.500000000,14.1,5.76,0.300000000,84.66,138,113,16,Thursday,6,138,LaGuardia Airport,Queens
1,2018-04-18 10:40:20,2018-04-18 11:27:30,1,10.9,1,N,1,38.0,0E-9,0.500000000,7.75,0.0,0.300000000,46.55,138,125,10,Wednesday,4,138,LaGuardia Airport,Queens
2,2018-03-09 21:39:58,2018-03-09 22:17:38,1,15.02,1,N,1,44.0,0.500000000,0.500000000,11.32,0.0,0.300000000,56.62,138,257,21,Friday,3,138,LaGuardia Airport,Queens
2,2018-03-20 11:08:14,2018-03-20 11:43:48,1,8.81,1,N,1,30.0,0E-9,0.500000000,7.31,5.76,0.300000000,43.87,138,161,11,Tuesday,3,138,LaGuardia Airport,Queens
1,2018-04-19 10:52:09,2018-04-19 11:36:43,1,9.2,1,N,1,34.5,0E-9,0.500000000,8.2,5.76,0.300000000,49.26,138,230,10,Thursday,4,138,LaGuardia Airport,Queens
2,2018-01-21 23:04:03,2018-01-21 23:19:22,2,7.06,1,N,1,21.5,0.500000000,0.500000000,2.5,0.0,0.300000000,25.3,138,145,23,Sunday,1,138,LaGuardia Airport,Queens
1,2018-04-28 13:39:52,2018-04-28 14:51:01,3,9.5,1,N,2,49.0,0E-9,0.500000000,0.0,5.76,0.300000000,55.56,138,48,13,Saturday,4,138,LaGuardia Airport,Queens
2,2018-05-17 17:19:05,2018-05-17 18:28:58,1,14.72,1,N,1,53.0,1.000000000,0.500000000,10.96,0.0,0.300000000,65.76,138,39,17,Thursday,5,138,LaGuardia Airport,Queens
2,2018-01-09 17:35:26,2018-01-09 18:42:46,1,11.22,1,N,1,47.0,1.000000000,0.500000000,9.76,0.0,0.300000000,58.56,138,25,17,Tuesday,1,138,LaGuardia Airport,Queens
2,2018-05-17 21:36:32,2018-05-17 21:52:38,1,7.29,1,N,1,22.5,0.500000000,0.500000000,4.76,0.0,0.300000000,28.56,138,80,21,Thursday,5,138,LaGuardia Airport,Queens
2,2018-04-11 20:54:49,2018-04-11 21:17:10,2,12.28,1,N,1,34.0,0.500000000,0.500000000,3.53,0.0,0.300000000,38.83,138,40,20,Wednesday,4,138,LaGuardia Airport,Queens
2,2018-05-28 16:50:45,2018-05-28 17:10:02,1,8.96,1,N,1,26.5,0E-9,0.500000000,5.5,5.76,0.300000000,38.56,138,224,16,Monday,5,138,LaGuardia Airport,Queens
2,2018-06-29 15:12:22,2018-06-29 16:42:24,1,11.22,1,N,1,55.0,0E-9,0.500000000,11.0,5.76,0.300000000,72.56,138,230,15,Friday,6,138,LaGuardia Airport,Queens
2,2018-11-11 12:31:00,2018-11-11 13:08:41,1,2.27,1,N,1,23.5,0E-9,0.500000000,6.08,0.0,0.300000000,30.38,146,43,12,Sunday,11,146,Long Island City/Queens Plaza,Queens
2,2018-12-03 12:18:36,2018-12-03 13:05:50,2,10.99,1,N,1,41.0,0E-9,0.500000000,11.89,5.76,0.300000000,59.45,138,161,12,Monday,12,138,LaGuardia Airport,Queens
2,2018-12-02 15:27:52,2018-12-02 15:59:01,1,8.78,1,N,1,28.5,0E-9,0.500000000,10.52,5.76,0.300000000,45.58,138,230,15,Sunday,12,138,LaGuardia Airport,Queens
2,2018-03-23 18:25:00,2018-03-23 19:17:56,2,10.95,1,N,1,38.5,1.000000000,0.500000000,6.0,0.0,0.300000000,46.3,138,66,18,Friday,3,138,LaGuardia Airport,Queens
2,2018-12-04 18:41:24,2018-12-04 19:02:45,1,8.44,1,N,1,25.5,1.000000000,0.500000000,6.61,5.76,0.300000000,39.67,138,236,18,Tuesday,12,138,LaGuardia Airport,Queens
2,2018-03-29 15:24:36,2018-03-29 16:07:09,1,9.76,1,N,1,34.5,0E-9,0.500000000,8.21,5.76,0.300000000,49.27,138,230,15,Thursday,3,138,LaGuardia Airport,Queens
1,2018-06-13 08:17:52,2018-06-13 09:11:06,1,11.6,1,N,1,44.5,0E-9,0.500000000,10.2,5.76,0.300000000,61.26,138,233,8,Wednesday,6,138,LaGuardia Airport,Queens
2,2018-06-19 23:07:05,2018-06-19 23:29:45,1,9.21,1,N,1,27.0,0.500000000,0.500000000,8.52,5.76,0.300000000,42.58,138,113,23,Tuesday,6,138,LaGuardia Airport,Queens
2,2018-02-21 17:24:16,2018-02-21 17:57:35,1,9.76,1,N,1,32.0,1.000000000,0.500000000,7.91,5.76,0.300000000,47.47,138,237,17,Wednesday,2,138,LaGuardia Airport,Queens
2,2018-07-24 09:31:35,2018-07-24 09:58:16,1,7.98,1,N,1,26.0,0E-9,0.500000000,6.47,5.54,0.300000000,38.81,138,236,9,Tuesday,7,138,LaGuardia Airport,Queens
1,2018-11-14 23:03:16,2018-11-14 23:36:20,1,16.2,1,N,1,46.5,0.500000000,0.500000000,10.7,5.76,0.300000000,64.26,138,87,23,Wednesday,11,138,LaGuardia Airport,Queens
1,2018-09-30 15:56:25,2018-09-30 16:24:30,1,10.2,1,N,1,29.5,0E-9,0.500000000,7.2,5.76,0.300000000,43.26,138,237,15,Sunday,9,138,LaGuardia Airport,Queens
2,2018-03-29 22:05:16,2018-03-29 22:36:04,1,9.86,1,N,1,32.0,0.500000000,0.500000000,5.99,0.0,0.300000000,39.29,138,65,22,Thursday,3,138,LaGuardia Airport,Queens
1,2018-06-04 15:59:56,2018-06-04 16:32:52,1,8.9,1,N,1,29.0,1.000000000,0.500000000,7.0,5.76,0.300000000,43.56,138,170,15,Monday,6,138,LaGuardia Airport,Queens
2,2018-11-06 15:29:54,2018-11-06 16:09:57,1,10.33,1,N,1,34.0,0E-9,0.500000000,8.11,5.76,0.300000000,48.67,138,230,15,Tuesday,11,138,LaGuardia Airport,Queens
2,2018-02-15 13:45:17,2018-02-15 14:26:59,1,9.87,1,N,1,35.5,0E-9,0.500000000,10.52,5.76,0.300000000,52.58,138,143,13,Thursday,2,138,LaGuardia Airport,Queens
2,2018-01-29 17:54:52,2018-01-29 18:21:48,2,9.96,1,N,1,31.0,1.000000000,0.500000000,4.63,5.76,0.300000000,43.19,138,141,17,Monday,1,138,LaGuardia Airport,Queens
2,2018-11-25 16:06:29,2018-11-25 16:39:01,1,9.01,1,N,1,31.0,0E-9,0.500000000,6.36,0.0,0.300000000,38.16,138,148,16,Sunday,11,138,LaGuardia Airport,Queens
2,2018-01-13 15:31:24,2018-01-13 16:03:07,1,9.25,1,N,1,31.0,0E-9,0.500000000,6.36,0.0,0.300000000,38.16,138,148,15,Saturday,1,138,LaGuardia Airport,Queens
2,2018-01-16 17:57:34,2018-01-16 18:14:34,5,7.07,1,N,1,21.5,1.000000000,0.500000000,4.66,0.0,0.300000000,27.96,138,145,17,Tuesday,1,138,LaGuardia Airport,Queens
1,2018-11-25 18:58:16,2018-11-25 19:30:37,1,16.2,1,N,1,44.0,0E-9,0.500000000,10.11,5.76,0.300000000,60.67,138,88,18,Sunday,11,138,LaGuardia Airport,Queens
1,2018-06-22 22:19:09,2018-06-22 22:43:26,1,8.3,1,N,1,26.5,0.500000000,0.500000000,6.0,5.76,0.300000000,39.56,138,238,22,Friday,6,138,LaGuardia Airport,Queens
2,2018-07-16 23:56:25,2018-07-17 00:16:09,1,8.49,1,N,1,25.5,0.500000000,0.500000000,5.8,5.76,0.300000000,38.36,138,100,23,Monday,7,138,LaGuardia Airport,Queens
1,2018-05-01 19:25:07,2018-05-01 19:49:45,1,12.9,1,N,1,36.0,1.000000000,0.500000000,7.55,0.0,0.300000000,45.35,138,88,19,Tuesday,5,138,LaGuardia Airport,Queens
2,2018-01-15 10:26:38,2018-01-15 10:54:34,1,12.66,1,N,1,37.5,0E-9,0.500000000,9.58,0.0,0.300000000,47.88,138,231,10,Monday,1,138,LaGuardia Airport,Queens
2,2018-08-07 20:01:21,2018-08-07 20:34:44,2,9.02,1,N,1,28.5,0.500000000,0.500000000,5.96,0.0,0.300000000,35.76,138,10,20,Tuesday,8,138,LaGuardia Airport,Queens
1,2018-09-21 09:46:46,2018-09-21 10:22:15,1,9.0,1,N,1,32.0,0E-9,0.500000000,7.7,5.76,0.300000000,46.26,138,162,9,Friday,9,138,LaGuardia Airport,Queens
1,2018-03-05 21:22:57,2018-03-05 21:46:25,2,10.4,1,N,1,31.0,0.500000000,0.500000000,8.0,5.76,0.300000000,46.06,138,161,21,Monday,3,138,LaGuardia Airport,Queens
1,2018-03-05 23:40:21,2018-03-06 00:01:24,1,9.3,1,N,1,27.5,0.500000000,0.500000000,6.9,5.76,0.300000000,41.46,138,234,23,Monday,3,138,LaGuardia Airport,Queens
1,2018-03-16 14:45:53,2018-03-16 15:24:25,1,7.2,1,N,1,27.0,0E-9,0.500000000,4.17,0.0,0.300000000,31.97,134,191,14,Friday,3,134,Kew Gardens,Queens
2,2018-03-16 20:54:21,2018-03-16 21:35:58,1,10.89,1,N,1,37.5,0.500000000,0.500000000,6.0,5.76,0.300000000,50.56,138,236,20,Friday,3,138,LaGuardia Airport,Queens
2,2018-07-18 00:25:53,2018-07-18 00:44:58,1,11.27,1,N,1,32.0,0.500000000,0.500000000,6.66,0.0,0.300000000,39.96,138,211,0,Wednesday,7,138,LaGuardia Airport,Queens
1,2018-08-30 17:59:45,2018-08-30 18:36:16,1,9.0,1,N,1,30.0,1.000000000,0.500000000,8.0,5.76,0.300000000,45.56,138,164,17,Thursday,8,138,LaGuardia Airport,Queens
2,2018-05-22 22:57:51,2018-05-22 23:25:00,2,11.02,1,N,1,33.0,0.500000000,0.500000000,8.01,5.76,0.300000000,48.07,138,48,22,Tuesday,5,138,LaGuardia Airport,Queens
2,2018-05-23 08:56:51,2018-05-23 09:46:37,1,11.07,1,N,1,36.0,0E-9,0.500000000,8.51,5.76,0.300000000,51.07,138,163,8,Wednesday,5,138,LaGuardia Airport,Queens
2,2018-11-27 21:47:51,2018-11-27 22:15:10,1,10.07,1,N,1,32.0,0.500000000,0.500000000,9.76,5.76,0.300000000,48.82,138,161,21,Tuesday,11,138,LaGuardia Airport,Queens
2,2018-09-13 13:44:26,2018-09-13 14:37:43,3,9.33,1,N,1,38.0,0E-9,0.500000000,8.91,5.76,0.300000000,53.47,138,230,13,Thursday,9,138,LaGuardia Airport,Queens
2,2018-11-07 22:20:13,2018-11-07 22:42:56,1,10.26,1,N,1,30.5,0.500000000,0.500000000,7.51,5.76,0.300000000,45.07,138,161,22,Wednesday,11,138,LaGuardia Airport,Queens
2,2018-06-15 22:38:33,2018-06-15 22:58:24,1,8.5,1,N,1,25.5,0.500000000,0.500000000,6.51,5.76,0.300000000,39.07,138,236,22,Friday,6,138,LaGuardia Airport,Queens
1,2018-03-05 17:09:33,2018-03-05 17:33:49,1,8.6,1,N,1,27.5,1.000000000,0.500000000,8.75,5.76,0.300000000,43.81,138,234,17,Monday,3,138,LaGuardia Airport,Queens
1,2018-09-14 20:53:11,2018-09-14 21:10:25,1,6.6,1,N,1,21.5,0.500000000,0.500000000,5.7,5.76,0.300000000,34.26,138,41,20,Friday,9,138,LaGuardia Airport,Queens
2,2018-01-17 12:18:38,2018-01-17 12:44:29,1,11.33,1,N,1,34.0,0E-9,0.500000000,8.11,5.76,0.300000000,48.67,138,170,12,Wednesday,1,138,LaGuardia Airport,Queens
2,2018-10-28 12:53:17,2018-10-28 13:22:37,1,10.54,1,N,1,32.5,0E-9,0.500000000,7.81,5.76,0.300000000,46.87,138,142,12,Sunday,10,138,LaGuardia Airport,Queens
2,2018-04-03 23:59:52,2018-04-04 00:20:39,2,9.97,1,N,1,29.0,0.500000000,0.500000000,7.58,0.0,0.300000000,37.88,138,225,23,Tuesday,4,138,LaGuardia Airport,Queens
2,2018-02-16 16:04:01,2018-02-16 17:03:58,5,8.94,1,N,1,41.5,1.000000000,0.500000000,9.81,5.76,0.300000000,58.87,138,186,16,Friday,2,138,LaGuardia Airport,Queens
1,2018-10-16 21:15:37,2018-10-16 21:37:09,1,9.3,1,N,1,28.0,0.500000000,0.500000000,5.26,5.76,0.300000000,40.32,138,113,21,Tuesday,10,138,LaGuardia Airport,Queens
1,2018-09-04 15:47:51,2018-09-04 16:27:15,1,6.5,1,N,1,27.5,0E-9,0.500000000,8.45,0.0,0.300000000,36.75,138,162,15,Tuesday,9,138,LaGuardia Airport,Queens
2,2018-07-07 15:00:45,2018-07-07 15:22:51,6,9.11,1,N,2,28.0,0E-9,0.500000000,0.0,0.0,0.300000000,28.8,138,144,15,Saturday,7,138,LaGuardia Airport,Queens
2,2018-10-06 14:50:45,2018-10-06 15:21:15,1,8.95,1,N,1,28.5,0E-9,0.500000000,7.01,5.76,0.300000000,42.07,138,107,14,Saturday,10,138,LaGuardia Airport,Queens
1,2018-03-29 14:32:45,2018-03-29 15:04:53,1,9.0,1,N,1,31.5,0E-9,0.500000000,7.6,5.76,0.300000000,45.66,138,141,14,Thursday,3,138,LaGuardia Airport,Queens
2,2018-03-28 09:13:53,2018-03-28 10:09:42,2,13.45,1,N,1,47.5,0E-9,0.500000000,10.41,5.76,0.300000000,64.47,138,158,9,Wednesday,3,138,LaGuardia Airport,Queens
2,2018-04-06 10:30:43,2018-04-06 11:03:04,1,8.82,1,N,1,30.5,0E-9,0.500000000,7.41,5.76,0.300000000,44.47,138,186,10,Friday,4,138,LaGuardia Airport,Queens
2,2018-12-03 18:41:02,2018-12-03 19:02:35,1,9.11,1,N,1,27.0,1.000000000,0.500000000,6.91,5.76,0.300000000,41.47,138,162,18,Monday,12,138,LaGuardia Airport,Queens
1,2018-05-18 21:29:49,2018-05-18 21:50:11,1,8.3,1,N,1,26.0,0.500000000,0.500000000,6.6,5.76,0.300000000,39.66,138,75,21,Friday,5,138,LaGuardia Airport,Queens
2,2018-10-21 14:48:59,2018-10-21 15:42:00,2,10.09,1,N,1,39.5,0E-9,0.500000000,10.07,0.0,0.300000000,50.37,138,142,14,Sunday,10,138,LaGuardia Airport,Queens
2,2018-12-02 10:37:10,2018-12-02 11:00:51,1,10.05,1,N,1,29.5,0E-9,0.500000000,0.0,5.76,0.300000000,36.06,138,249,10,Sunday,12,138,LaGuardia Airport,Queens
2,2018-02-01 20:33:51,2018-02-01 20:55:05,3,8.38,1,N,1,26.0,0.500000000,0.500000000,4.0,5.76,0.300000000,37.06,138,233,20,Thursday,2,138,LaGuardia Airport,Queens
1,2018-04-10 12:56:13,2018-04-10 13:21:53,1,8.3,1,N,1,27.5,0E-9,0.500000000,7.0,5.76,0.300000000,41.06,138,237,12,Tuesday,4,138,LaGuardia Airport,Queens
2,2018-05-28 13:16:18,2018-05-28 13:35:12,3,9.41,1,N,1,27.0,0E-9,0.500000000,6.71,5.76,0.300000000,40.27,138,229,13,Monday,5,138,LaGuardia Airport,Queens
2,2018-07-19 21:56:00,2018-07-19 22:25:52,3,9.76,1,N,1,32.5,0.500000000,0.500000000,8.45,0.0,0.300000000,42.25,138,79,21,Thursday,7,138,LaGuardia Airport,Queens
2,2018-07-23 15:01:07,2018-07-23 15:36:55,1,10.65,1,N,1,34.0,0E-9,0.500000000,12.17,5.76,0.300000000,52.73,138,230,15,Monday,7,138,LaGuardia Airport,Queens
2,2018-03-01 18:39:42,2018-03-01 19:08:21,1,10.23,1,N,1,32.0,1.000000000,0.500000000,5.93,5.76,0.300000000,45.49,138,113,18,Thursday,3,138,LaGuardia Airport,Queens
2,2018-03-20 19:07:44,2018-03-20 19:25:20,1,8.73,1,N,1,25.0,1.000000000,0.500000000,4.88,5.76,0.300000000,37.44,138,140,19,Tuesday,3,138,LaGuardia Airport,Queens
2,2018-12-14 11:12:55,2018-12-14 11:55:34,2,10.85,1,N,1,37.0,0E-9,0.500000000,0.0,5.76,0.300000000,43.56,138,162,11,Friday,12,138,LaGuardia Airport,Queens
1,2018-01-31 14:06:20,2018-01-31 14:39:01,1,9.5,1,N,1,32.0,0E-9,0.500000000,6.0,5.76,0.300000000,44.56,138,230,14,Wednesday,1,138,LaGuardia Airport,Queens
1,2018-01-22 15:25:00,2018-01-22 16:16:38,2,15.8,1,N,1,48.5,0E-9,0.500000000,9.85,0.0,0.300000000,59.15,138,265,15,Monday,1,138,LaGuardia Airport,Queens
1,2018-05-17 14:54:15,2018-05-17 15:55:38,1,11.7,1,N,1,43.5,0E-9,0.500000000,4.0,0.0,0.300000000,48.3,138,54,14,Thursday,5,138,LaGuardia Airport,Queens
1,2018-06-12 09:37:20,2018-06-12 10:25:54,2,10.8,1,N,1,37.0,0E-9,0.500000000,10.85,5.76,0.300000000,54.41,138,230,9,Tuesday,6,138,LaGuardia Airport,Queens
1,2018-03-21 11:07:52,2018-03-21 11:27:05,1,10.6,1,N,1,29.5,0E-9,0.500000000,9.0,5.76,0.300000000,45.06,138,230,11,Wednesday,3,138,LaGuardia Airport,Queens
1,2018-03-12 15:16:28,2018-03-12 15:46:35,1,8.2,1,N,1,27.0,0E-9,0.500000000,6.7,5.76,0.300000000,40.26,138,236,15,Monday,3,138,LaGuardia Airport,Queens
1,2018-02-19 10:43:17,2018-02-19 11:07:05,2,10.3,1,N,1,32.0,0E-9,0.500000000,5.78,5.76,0.300000000,44.34,138,141,10,Monday,2,138,LaGuardia Airport,Queens
1,2018-05-08 16:03:27,2018-05-08 16:40:39,1,8.9,1,N,1,31.0,0E-9,0.500000000,7.5,5.76,0.300000000,45.06,138,186,16,Tuesday,5,138,LaGuardia Airport,Queens
1,2018-10-23 15:39:01,2018-10-23 16:40:35,1,16.9,1,N,1,51.0,0E-9,0.500000000,10.35,0.0,0.300000000,62.15,138,67,15,Tuesday,10,138,LaGuardia Airport,Queens
2,2018-05-18 14:45:03,2018-05-18 15:16:04,1,8.36,1,N,1,28.0,0E-9,0.500000000,8.64,5.76,0.300000000,43.2,138,107,14,Friday,5,138,LaGuardia Airport,Queens
2,2018-04-13 09:55:05,2018-04-13 10:46:00,2,8.82,1,N,1,37.0,0E-9,0.500000000,6.6,5.76,0.300000000,50.16,138,100,9,Friday,4,138,LaGuardia Airport,Queens
1,2018-10-22 08:40:39,2018-10-22 09:26:37,1,8.8,1,N,1,34.5,0E-9,0.500000000,8.2,5.76,0.300000000,49.26,138,100,8,Monday,10,138,LaGuardia Airport,Queens
2,2018-02-28 16:56:23,2018-02-28 17:29:13,1,9.28,1,N,1,30.5,1.000000000,0.500000000,9.52,5.76,0.300000000,47.58,138,162,16,Wednesday,2,138,LaGuardia Airport,Queens
1,2018-04-23 08:32:04,2018-04-23 09:21:55,1,11.8,1,N,1,42.0,0E-9,0.500000000,10.0,5.76,0.300000000,58.56,138,161,8,Monday,4,138,LaGuardia Airport,Queens
2,2018-04-09 14:53:19,2018-04-09 15:18:22,2,8.92,1,N,1,29.0,0E-9,0.500000000,7.11,5.76,0.300000000,42.67,138,170,14,Monday,4,138,LaGuardia Airport,Queens
2,2018-04-22 16:08:46,2018-04-22 17:05:18,5,12.61,1,N,1,43.5,0E-9,0.500000000,8.86,0.0,0.300000000,53.16,138,13,16,Sunday,4,138,LaGuardia Airport,Queens
2,2018-01-24 22:14:13,2018-01-24 22:46:04,2,10.81,1,N,1,34.0,0.500000000,0.500000000,5.3,0.0,0.300000000,40.6,138,158,22,Wednesday,1,138,LaGuardia Airport,Queens
2,2018-04-11 19:10:05,2018-04-11 19:39:03,1,10.15,1,N,1,32.0,1.000000000,0.500000000,6.76,0.0,0.300000000,40.56,138,97,19,Wednesday,4,138,LaGuardia Airport,Queens
1,2018-09-29 20:05:44,2018-09-29 20:42:20,1,9.4,1,N,1,31.5,0.500000000,0.500000000,4.0,0.0,0.300000000,36.8,138,97,20,Saturday,9,138,LaGuardia Airport,Queens
2,2018-11-02 10:34:56,2018-11-02 11:02:02,1,9.65,1,N,1,30.5,0E-9,0.500000000,7.41,5.76,0.300000000,44.47,138,243,10,Friday,11,138,LaGuardia Airport,Queens
2,2018-03-15 12:49:08,2018-03-15 13:14:29,1,9.38,1,N,1,29.5,0E-9,0.500000000,7.21,5.76,0.300000000,43.27,138,164,12,Thursday,3,138,LaGuardia Airport,Queens
1,2018-01-26 13:02:16,2018-01-26 13:21:13,2,8.9,1,N,1,26.0,0E-9,0.500000000,6.5,5.76,0.300000000,39.06,138,140,13,Friday,1,138,LaGuardia Airport,Queens
2,2018-03-14 00:52:50,2018-03-14 01:06:19,5,9.23,1,N,1,26.0,0.500000000,0.500000000,6.61,5.76,0.300000000,39.67,138,244,0,Wednesday,3,138,LaGuardia Airport,Queens
2,2018-08-06 11:02:14,2018-08-06 11:36:29,5,9.1,1,N,1,30.5,0E-9,0.500000000,9.26,5.76,0.300000000,46.32,138,100,11,Monday,8,138,LaGuardia Airport,Queens
1,2018-03-22 08:26:26,2018-03-22 09:02:38,1,12.1,1,N,1,37.0,0E-9,0.500000000,10.85,5.76,0.300000000,54.41,138,107,8,Thursday,3,138,LaGuardia Airport,Queens
1,2018-07-13 13:10:05,2018-07-13 13:46:18,1,4.9,1,N,1,25.0,0E-9,0.500000000,5.15,0.0,0.300000000,30.95,193,100,13,Friday,7,193,Queensbridge/Ravenswood,Queens
2,2018-01-13 15:56:27,2018-01-13 16:39:30,1,11.23,1,N,1,36.5,0E-9,0.500000000,7.46,0.0,0.300000000,44.76,138,158,15,Saturday,1,138,LaGuardia Airport,Queens
1,2018-07-01 14:54:23,2018-07-01 15:19:37,1,10.9,1,N,1,32.0,0E-9,0.500000000,11.55,5.76,0.300000000,50.11,138,142,14,Sunday,7,138,LaGuardia Airport,Queens
2,2018-11-14 20:27:27,2018-11-14 20:51:08,1,8.83,1,N,1,27.5,0.500000000,0.500000000,4.0,5.76,0.300000000,38.56,138,48,20,Wednesday,11,138,LaGuardia Airport,Queens
1,2018-09-10 22:13:10,2018-09-10 22:38:39,1,11.9,1,N,1,35.0,0.500000000,0.500000000,12.6,5.76,0.300000000,54.66,138,234,22,Monday,9,138,LaGuardia Airport,Queens
1,2018-10-08 14:04:53,2018-10-08 14:35:00,1,15.2,1,N,1,41.5,0E-9,0.500000000,9.6,5.76,0.300000000,57.66,138,261,14,Monday,10,138,LaGuardia Airport,Queens
2,2018-07-17 16:36:25,2018-07-17 17:20:59,1,8.92,1,N,1,32.5,1.000000000,0.500000000,10.02,5.76,0.300000000,50.08,138,238,16,Tuesday,7,138,LaGuardia Airport,Queens
1,2018-07-14 16:52:30,2018-07-14 17:28:02,4,10.6,1,N,1,35.0,0E-9,0.500000000,8.3,5.76,0.300000000,49.86,138,48,16,Saturday,7,138,LaGuardia Airport,Queens
2,2018-12-06 16:28:18,2018-12-06 16:57:07,1,6.5,1,N,1,24.5,1.000000000,0.500000000,5.26,0.0,0.300000000,31.56,138,145,16,Thursday,12,138,LaGuardia Airport,Queens
2,2018-10-10 13:30:40,2018-10-10 13:52:20,1,8.14,1,N,1,25.5,0E-9,0.500000000,10.0,5.76,0.300000000,42.06,138,170,13,Wednesday,10,138,LaGuardia Airport,Queens
2,2018-02-15 18:20:48,2018-02-15 19:28:36,1,11.66,1,N,1,51.0,1.000000000,0.500000000,11.71,5.76,0.300000000,70.27,138,230,18,Thursday,2,138,LaGuardia Airport,Queens
1,2018-03-02 07:45:53,2018-03-02 08:42:19,1,13.5,1,N,1,44.0,0E-9,0.500000000,10.0,5.76,0.300000000,60.56,138,148,7,Friday,3,138,LaGuardia Airport,Queens
2,2018-01-07 18:06:19,2018-01-07 18:38:44,5,9.32,1,N,1,31.5,0E-9,0.500000000,7.61,5.76,0.300000000,45.67,138,238,18,Sunday,1,138,LaGuardia Airport,Queens
2,2018-02-23 17:04:04,2018-02-23 17:43:13,1,8.13,1,N,1,29.0,1.000000000,0.500000000,4.0,5.76,0.300000000,40.56,138,152,17,Friday,2,138,LaGuardia Airport,Queens
2,2018-09-10 15:13:09,2018-09-10 15:49:42,1,8.58,1,N,1,31.0,0E-9,0.500000000,7.51,5.76,0.300000000,45.07,138,162,15,Monday,9,138,LaGuardia Airport,Queens
2,2018-11-27 13:00:27,2018-11-27 13:21:00,2,7.97,1,N,1,24.5,0E-9,0.500000000,9.32,5.76,0.300000000,40.38,138,137,13,Tuesday,11,138,LaGuardia Airport,Queens
1,2018-12-19 08:26:11,2018-12-19 09:18:48,1,9.7,1,N,1,35.0,0E-9,0.500000000,10.35,5.76,0.300000000,51.91,138,161,8,Wednesday,12,138,LaGuardia Airport,Queens
2,2018-10-02 20:12:37,2018-10-02 20:33:04,1,7.82,1,N,1,24.5,0.500000000,0.500000000,6.31,5.76,0.300000000,37.87,138,41,20,Tuesday,10,138,LaGuardia Airport,Queens
2,2018-06-02 23:37:13,2018-06-03 00:05:21,1,11.55,1,N,1,34.0,0.500000000,0.500000000,8.21,5.76,0.300000000,49.27,138,48,23,Saturday,6,138,LaGuardia Airport,Queens
1,2018-05-01 11:07:50,2018-05-01 11:53:10,1,14.6,1,N,1,46.0,0E-9,0.500000000,12.0,5.76,0.300000000,64.56,138,114,11,Tuesday,5,138,LaGuardia Airport,Queens
2,2018-06-04 00:16:20,2018-06-04 00:34:37,1,7.95,1,N,1,24.0,0.500000000,0.500000000,6.21,5.76,0.300000000,37.27,138,236,0,Monday,6,138,LaGuardia Airport,Queens
2,2018-03-26 07:22:23,2018-03-26 08:00:47,1,11.03,1,N,1,35.0,0E-9,0.500000000,8.95,0.0,0.300000000,44.75,138,66,7,Monday,3,138,LaGuardia Airport,Queens
1,2018-08-17 07:11:48,2018-08-17 07:47:11,1,16.9,1,N,1,48.0,0E-9,0.500000000,10.9,5.76,0.300000000,65.46,138,13,7,Friday,8,138,LaGuardia Airport,Queens
2,2018-03-16 18:47:59,2018-03-16 19:19:58,1,6.68,1,N,1,25.5,1.000000000,0.500000000,8.26,5.76,0.300000000,41.32,138,74,18,Friday,3,138,LaGuardia Airport,Queens
1,2018-06-26 19:55:19,2018-06-26 20:14:14,1,8.1,1,N,1,25.5,1.000000000,0.500000000,6.6,5.76,0.300000000,39.66,138,162,19,Tuesday,6,138,LaGuardia Airport,Queens
1,2018-10-17 07:48:32,2018-10-17 08:24:19,1,9.1,1,N,1,30.0,0E-9,0.500000000,7.3,5.76,0.300000000,43.86,138,161,7,Wednesday,10,138,LaGuardia Airport,Queens
2,2018-06-24 12:18:44,2018-06-24 13:01:33,1,10.7,1,N,1,37.0,0E-9,0.500000000,7.56,0.0,0.300000000,45.36,138,188,12,Sunday,6,138,LaGuardia Airport,Queens
1,2018-01-19 16:36:57,2018-01-19 17:21:53,1,9.7,1,N,1,36.0,1.000000000,0.500000000,8.7,5.76,0.300000000,52.26,138,161,16,Friday,1,138,LaGuardia Airport,Queens
2,2018-03-18 20:14:26,2018-03-18 20:40:56,1,10.96,1,N,1,32.5,0.500000000,0.500000000,7.91,5.76,0.300000000,47.47,138,143,20,Sunday,3,138,LaGuardia Airport,Queens
1,2018-02-09 13:58:40,2018-02-09 14:35:38,1,9.8,1,N,2,34.5,0E-9,0.500000000,0.0,5.76,0.300000000,41.06,138,230,13,Friday,2,138,LaGuardia Airport,Queens
2,2018-07-08 13:24:31,2018-07-08 13:41:50,2,8.04,1,N,2,23.0,0E-9,0.500000000,0.0,5.76,0.300000000,29.56,138,263,13,Sunday,7,138,LaGuardia Airport,Queens
1,2018-03-28 07:49:32,2018-03-28 08:36:04,1,8.1,1,N,1,33.5,0E-9,0.500000000,8.0,5.76,0.300000000,48.06,138,162,7,Wednesday,3,138,LaGuardia Airport,Queens
1,2018-02-07 11:07:56,2018-02-07 11:32:14,0,14.4,1,N,1,39.0,0E-9,0.500000000,9.1,5.76,0.300000000,54.66,138,87,11,Wednesday,2,138,LaGuardia Airport,Queens
2,2018-12-23 14:46:38,2018-12-23 15:13:34,1,9.83,1,N,2,29.5,0E-9,0.500000000,0.0,0.0,0.300000000,30.3,138,97,14,Sunday,12,138,LaGuardia Airport,Queens
2,2018-07-06 12:37:37,2018-07-06 13:13:18,1,10.55,1,N,1,35.0,0E-9,0.500000000,8.31,5.76,0.300000000,49.87,138,142,12,Friday,7,138,LaGuardia Airport,Queens
1,2018-09-24 11:26:16,2018-09-24 11:55:16,2,9.8,1,N,1,31.5,0E-9,0.500000000,5.71,5.77,0.300000000,43.78,138,229,11,Monday,9,138,LaGuardia Airport,Queens
1,2018-09-22 17:03:42,2018-09-22 17:36:11,1,12.3,1,N,1,36.0,0E-9,0.500000000,8.0,5.76,0.300000000,50.56,138,224,17,Saturday,9,138,LaGuardia Airport,Queens
2,2018-01-07 13:19:11,2018-01-07 13:50:31,1,12.63,1,N,1,38.5,0E-9,0.500000000,9.01,5.76,0.300000000,54.07,138,100,13,Sunday,1,138,LaGuardia Airport,Queens
2,2018-03-06 10:44:26,2018-03-06 11:14:04,1,9.32,1,N,1,29.5,0E-9,0.500000000,7.21,5.76,0.300000000,43.27,138,107,10,Tuesday,3,138,LaGuardia Airport,Queens
2,2018-03-06 18:11:54,2018-03-06 18:58:06,1,9.32,1,N,1,33.0,1.000000000,0.500000000,8.11,5.76,0.300000000,48.67,138,151,18,Tuesday,3,138,LaGuardia Airport,Queens
2,2018-09-03 23:06:37,2018-09-03 23:29:32,1,11.12,1,N,1,32.0,0.500000000,0.500000000,7.81,5.76,0.300000000,46.87,138,163,23,Monday,9,138,LaGuardia Airport,Queens
2,2018-12-10 14:57:05,2018-12-10 15:38:39,1,9.64,1,N,1,33.5,0E-9,0.500000000,6.86,0.0,0.300000000,41.16,138,33,14,Monday,12,138,LaGuardia Airport,Queens
1,2018-03-28 09:12:42,2018-03-28 10:05:00,0,9.1,1,N,1,36.0,0E-9,0.500000000,7.35,0.0,0.300000000,44.15,138,161,9,Wednesday,3,138,LaGuardia Airport,Queens
2,2018-02-01 13:17:06,2018-02-01 13:38:29,2,10.7,1,N,1,30.5,0E-9,0.500000000,0.0,5.76,0.300000000,37.06,138,233,13,Thursday,2,138,LaGuardia Airport,Queens
1,2018-03-09 10:32:28,2018-03-09 11:23:16,1,9.8,1,N,1,40.0,0E-9,0.500000000,9.3,5.76,0.300000000,55.86,138,48,10,Friday,3,138,LaGuardia Airport,Queens
2,2018-03-09 13:15:02,2018-03-09 14:00:11,1,10.08,1,N,2,35.5,0E-9,0.500000000,0.0,0.0,0.300000000,36.3,138,97,13,Friday,3,138,LaGuardia Airport,Queens
1,2018-09-05 12:29:59,2018-09-05 13:05:53,2,8.2,1,N,1,29.0,0E-9,0.500000000,4.0,5.76,0.300000000,39.56,138,140,12,Wednesday,9,138,LaGuardia Airport,Queens
2,2018-08-22 21:43:28,2018-08-22 21:58:16,1,8.46,1,N,2,24.0,0.500000000,0.500000000,0.0,5.76,0.300000000,31.06,138,162,21,Wednesday,8,138,LaGuardia Airport,Queens
1,2018-02-18 12:27:29,2018-02-18 12:50:40,3,7.3,1,N,3,24.5,0E-9,0.500000000,0.0,0.0,0.300000000,25.3,138,80,12,Sunday,2,138,LaGuardia Airport,Queens
2,2018-03-08 08:33:05,2018-03-08 09:40:59,1,10.83,1,N,1,45.5,0E-9,0.500000000,10.41,5.76,0.300000000,62.47,138,230,8,Thursday,3,138,LaGuardia Airport,Queens
2,2018-01-09 18:41:21,2018-01-09 19:16:19,5,9.51,1,N,2,34.0,1.000000000,0.500000000,0.0,5.76,0.300000000,41.56,138,164,18,Tuesday,1,138,LaGuardia Airport,Queens
1,2018-02-17 11:05:16,2018-02-17 11:38:19,1,9.1,1,N,1,30.5,0E-9,0.500000000,7.4,5.76,0.300000000,44.46,138,186,11,Saturday,2,138,LaGuardia Airport,Queens
2,2018-01-20 21:57:15,2018-01-20 22:24:17,1,10.43,1,N,1,31.5,0.500000000,0.500000000,7.71,5.76,0.300000000,46.27,138,142,21,Saturday,1,138,LaGuardia Airport,Queens
2,2018-07-19 17:00:31,2018-07-19 17:40:32,1,9.61,1,N,1,34.0,1.000000000,0.500000000,10.39,5.76,0.300000000,51.95,138,114,17,Thursday,7,138,LaGuardia Airport,Queens
2,2018-09-28 07:59:13,2018-09-28 08:59:20,3,13.55,1,N,2,46.0,0E-9,0.500000000,0.0,0.0,0.300000000,46.8,138,256,7,Friday,9,138,LaGuardia Airport,Queens
1,2018-08-10 15:54:23,2018-08-10 16:19:29,1,7.2,1,N,1,22.5,0E-9,0.500000000,3.94,5.76,0.300000000,33.0,138,262,15,Friday,8,138,LaGuardia Airport,Queens
1,2018-06-17 18:24:49,2018-06-17 18:55:51,1,10.0,1,N,1,32.0,0E-9,0.500000000,9.6,5.76,0.300000000,48.16,138,230,18,Sunday,6,138,LaGuardia Airport,Queens
2,2018-01-30 10:15:40,2018-01-30 10:57:04,1,11.39,1,N,1,38.5,0E-9,0.500000000,9.01,5.76,0.300000000,54.07,138,161,10,Tuesday,1,138,LaGuardia Airport,Queens
1,2018-12-22 16:39:52,2018-12-22 17:06:34,2,8.5,1,N,1,27.5,0E-9,0.500000000,6.8,5.76,0.300000000,40.86,138,164,16,Saturday,12,138,LaGuardia Airport,Queens
2,2018-09-07 22:00:52,2018-09-07 22:31:26,1,12.32,1,N,1,35.5,0.500000000,0.500000000,7.36,0.0,0.300000000,44.16,138,52,22,Friday,9,138,LaGuardia Airport,Queens
2,2018-11-01 07:39:03,2018-11-01 08:16:17,1,15.49,1,N,1,44.5,0E-9,0.500000000,10.21,5.76,0.300000000,61.27,138,88,7,Thursday,11,138,LaGuardia Airport,Queens
2,2018-07-19 07:23:23,2018-07-19 07:52:03,1,9.06,1,N,1,27.5,0E-9,0.500000000,6.81,5.76,0.300000000,40.87,138,236,7,Thursday,7,138,LaGuardia Airport,Queens
2,2018-05-16 16:05:30,2018-05-16 16:59:45,2,9.35,1,N,1,33.5,1.000000000,0.500000000,10.26,5.76,0.300000000,51.32,138,43,16,Wednesday,5,138,LaGuardia Airport,Queens
1,2018-02-13 17:34:28,2018-02-13 17:51:54,1,8.1,1,N,1,24.0,1.000000000,0.500000000,6.3,5.76,0.300000000,37.86,138,170,17,Tuesday,2,138,LaGuardia Airport,Queens
2,2018-03-18 18:26:37,2018-03-18 19:00:57,1,11.89,1,N,1,36.5,0E-9,0.500000000,7.75,5.76,0.300000000,50.81,138,50,18,Sunday,3,138,LaGuardia Airport,Queens
1,2018-03-19 13:41:01,2018-03-19 14:11:24,1,9.4,1,N,1,31.5,0E-9,0.500000000,7.6,5.76,0.300000000,45.66,138,238,13,Monday,3,138,LaGuardia Airport,Queens
2,2018-06-08 10:22:11,2018-06-08 10:52:13,1,11.16,1,N,1,34.0,0E-9,0.500000000,8.11,5.76,0.300000000,48.67,138,162,10,Friday,6,138,LaGuardia Airport,Queens
2,2018-11-23 16:54:47,2018-11-23 17:15:13,1,8.6,1,N,1,25.5,1.000000000,0.500000000,6.82,0.0,0.300000000,34.12,138,148,16,Friday,11,138,LaGuardia Airport,Queens
1,2018-12-14 11:00:16,2018-12-14 11:46:44,1,13.8,1,N,1,43.5,0E-9,0.500000000,10.0,5.76,0.300000000,60.06,138,211,11,Friday,12,138,LaGuardia Airport,Queens
2,2018-03-23 08:07:41,2018-03-23 08:39:04,1,13.73,1,N,1,38.0,0E-9,0.500000000,9.44,8.4,0.300000000,56.64,138,200,8,Friday,3,138,LaGuardia Airport,Queens
2,2018-03-31 08:43:27,2018-03-31 09:07:57,5,12.12,1,N,1,34.5,0E-9,0.500000000,8.21,5.76,0.300000000,49.27,138,100,8,Saturday,3,138,LaGuardia Airport,Queens
1,2018-04-20 16:46:03,2018-04-20 17:45:10,1,10.1,1,N,1,40.5,1.000000000,0.500000000,12.0,0.0,0.300000000,54.3,138,181,16,Friday,4,138,LaGuardia Airport,Queens
1,2018-06-10 12:10:54,2018-06-10 12:43:27,1,9.6,1,N,1,32.0,0E-9,0.500000000,6.0,5.76,0.300000000,44.56,138,239,12,Sunday,6,138,LaGuardia Airport,Queens
1,2018-11-01 01:24:14,2018-11-01 01:44:04,1,6.4,1,N,1,21.5,0.500000000,0.500000000,4.55,0.0,0.300000000,27.35,157,181,1,Thursday,11,157,Maspeth,Queens
1,2018-10-20 13:34:15,2018-10-20 13:56:04,1,8.0,1,N,1,25.0,0E-9,0.500000000,6.3,5.76,0.300000000,37.86,138,166,13,Saturday,10,138,LaGuardia Airport,Queens
2,2018-02-20 09:50:17,2018-02-20 10:25:45,3,11.64,1,N,1,36.5,0E-9,0.500000000,8.61,5.76,0.300000000,51.67,138,233,9,Tuesday,2,138,LaGuardia Airport,Queens
2,2018-01-11 10:11:50,2018-01-11 10:50:22,1,8.45,1,N,1,31.0,0E-9,0.500000000,3.76,5.76,0.300000000,41.32,138,164,10,Thursday,1,138,LaGuardia Airport,Queens
2,2018-07-25 09:40:41,2018-07-25 10:37:12,1,9.25,1,N,1,40.0,0E-9,0.500000000,9.31,5.76,0.300000000,55.87,138,164,9,Wednesday,7,138,LaGuardia Airport,Queens
1,2018-12-29 17:42:26,2018-12-29 18:23:00,2,12.0,1,N,1,38.5,0E-9,0.500000000,9.01,5.76,0.300000000,54.07,138,50,17,Saturday,12,138,LaGuardia Airport,Queens
2,2018-05-29 12:37:15,2018-05-29 13:22:51,6,10.19,1,N,1,34.5,0E-9,0.500000000,5.5,5.76,0.300000000,46.56,138,162,12,Tuesday,5,138,LaGuardia Airport,Queens
2,2018-04-08 20:20:51,2018-04-08 20:52:12,1,10.8,1,N,1,33.0,0.500000000,0.500000000,6.86,0.0,0.300000000,41.16,138,97,20,Sunday,4,138,LaGuardia Airport,Queens
2,2018-11-12 19:42:22,2018-11-12 20:07:03,1,8.79,1,N,1,27.5,0E-9,0.500000000,10.22,5.76,0.300000000,44.28,138,239,19,Monday,11,138,LaGuardia Airport,Queens
2,2018-03-23 00:32:38,2018-03-23 01:01:44,2,11.48,1,N,1,35.5,0.500000000,0.500000000,8.51,5.76,0.300000000,51.07,138,142,0,Friday,3,138,LaGuardia Airport,Queens
2,2018-12-27 12:19:28,2018-12-27 12:41:15,2,12.82,1,N,1,35.0,0E-9,0.500000000,7.16,0.0,0.300000000,42.96,138,132,12,Thursday,12,138,LaGuardia Airport,Queens
1,2018-09-16 15:14:26,2018-09-16 15:58:49,1,7.5,1,N,1,33.0,0E-9,0.500000000,8.45,0.0,0.300000000,42.25,138,162,15,Sunday,9,138,LaGuardia Airport,Queens
1,2018-12-07 16:44:45,2018-12-07 17:11:34,1,6.5,1,N,1,23.5,1.000000000,0.500000000,5.05,0.0,0.300000000,30.35,138,160,16,Friday,12,138,LaGuardia Airport,Queens
2,2018-06-12 07:26:07,2018-06-12 08:03:20,1,12.01,1,N,1,37.5,0E-9,0.500000000,11.02,5.76,0.300000000,55.08,138,230,7,Tuesday,6,138,LaGuardia Airport,Queens
2,2018-03-22 17:28:18,2018-03-22 17:55:14,1,8.51,1,N,1,27.5,1.000000000,0.500000000,7.01,5.76,0.300000000,42.07,138,164,17,Thursday,3,138,LaGuardia Airport,Queens
2,2018-12-05 18:45:26,2018-12-05 19:15:15,1,14.65,1,N,1,39.5,1.000000000,0.500000000,12.39,0.0,0.300000000,53.69,138,227,18,Wednesday,12,138,LaGuardia Airport,Queens
1,2018-12-29 10:47:31,2018-12-29 11:05:52,1,7.7,1,N,1,23.5,0E-9,0.500000000,2.43,0.0,0.300000000,26.73,138,256,10,Saturday,12,138,LaGuardia Airport,Queens
2,2018-01-02 15:59:08,2018-01-02 16:23:39,1,7.41,1,N,1,25.5,0E-9,0.500000000,6.41,5.76,0.300000000,38.47,138,41,15,Tuesday,1,138,LaGuardia Airport,Queens
1,2018-04-29 14:45:32,2018-04-29 15:13:36,1,8.7,1,N,1,27.0,0E-9,0.500000000,6.7,5.76,0.300000000,40.26,138,236,14,Sunday,4,138,LaGuardia Airport,Queens
2,2018-09-09 11:06:33,2018-09-09 11:30:53,1,9.82,1,N,1,30.0,0E-9,0.500000000,10.97,5.76,0.300000000,47.53,138,186,11,Sunday,9,138,LaGuardia Airport,Queens
1,2018-10-08 07:49:34,2018-10-08 08:40:36,1,12.4,1,N,1,42.5,0E-9,0.500000000,9.81,5.76,0.300000000,58.87,138,211,7,Monday,10,138,LaGuardia Airport,Queens
2,2018-03-25 13:57:26,2018-03-25 14:44:24,2,11.33,1,N,1,38.5,0E-9,0.500000000,10.0,5.76,0.300000000,55.06,138,161,13,Sunday,3,138,LaGuardia Airport,Queens
1,2018-07-27 19:30:54,2018-07-27 20:16:25,1,11.2,1,N,1,38.0,1.000000000,0.500000000,9.1,5.76,0.300000000,54.66,138,230,19,Friday,7,138,LaGuardia Airport,Queens
2,2018-09-08 16:21:58,2018-09-08 16:46:19,1,8.88,1,N,1,27.0,0E-9,0.500000000,6.71,5.76,0.300000000,40.27,138,186,16,Saturday,9,138,LaGuardia Airport,Queens
1,2018-07-25 07:12:48,2018-07-25 07:58:56,1,12.4,1,N,1,42.0,0E-9,0.500000000,12.1,5.76,0.300000000,60.66,138,164,7,Wednesday,7,138,LaGuardia Airport,Queens
2,2018-11-23 23:43:08,2018-11-23 23:58:48,1,8.49,1,N,1,24.5,0.500000000,0.500000000,4.0,5.76,0.300000000,35.56,138,170,23,Friday,11,138,LaGuardia Airport,Queens
2,2018-03-14 17:44:43,2018-03-14 18:29:14,2,10.06,1,N,1,36.5,1.000000000,0.500000000,8.81,5.76,0.300000000,52.87,138,234,17,Wednesday,3,138,LaGuardia Airport,Queens
2,2018-06-23 19:10:38,2018-06-23 19:46:22,1,10.9,1,N,1,35.0,0E-9,0.500000000,12.47,5.76,0.300000000,54.03,138,163,19,Saturday,6,138,LaGuardia Airport,Queens
1,2018-03-02 21:25:27,2018-03-02 22:04:20,1,24.4,1,N,1,66.0,0.500000000,0.500000000,7.7,0.0,0.300000000,75.0,138,265,21,Friday,3,138,LaGuardia Airport,Queens
2,2018-08-07 08:53:16,2018-08-07 10:01:27,1,11.01,1,N,1,47.5,0E-9,0.500000000,10.81,5.76,0.300000000,64.87,138,125,8,Tuesday,8,138,LaGuardia Airport,Queens
2,2018-01-02 13:16:58,2018-01-02 13:38:25,1,9.03,1,N,1,27.5,0E-9,0.500000000,6.81,5.76,0.300000000,40.87,138,164,13,Tuesday,1,138,LaGuardia Airport,Queens
2,2018-01-16 19:24:04,2018-01-16 19:50:24,1,10.51,1,N,1,32.5,1.000000000,0.500000000,8.01,5.76,0.300000000,48.07,138,127,19,Tuesday,1,138,LaGuardia Airport,Queens
1,2018-11-27 15:23:45,2018-11-27 15:59:32,2,11.5,1,N,1,35.5,0E-9,0.500000000,8.4,5.76,0.300000000,50.46,138,100,15,Tuesday,11,138,LaGuardia Airport,Queens
2,2018-03-03 12:32:26,2018-03-03 13:22:09,3,9.77,1,N,1,40.5,0E-9,0.500000000,9.41,5.76,0.300000000,56.47,138,114,12,Saturday,3,138,LaGuardia Airport,Queens
2,2018-10-02 11:46:40,2018-10-02 12:52:30,2,10.45,1,N,1,48.5,0E-9,0.500000000,11.01,5.76,0.300000000,66.07,138,230,11,Tuesday,10,138,LaGuardia Airport,Queens
1,2018-01-15 21:04:22,2018-01-15 21:23:18,2,8.7,1,N,1,26.0,0.500000000,0.500000000,6.6,5.76,0.300000000,39.66,138,262,21,Monday,1,138,LaGuardia Airport,Queens
1,2018-02-07 19:47:06,2018-02-07 20:09:00,1,11.1,1,N,1,31.5,1.000000000,0.500000000,7.8,5.76,0.300000000,46.86,138,162,19,Wednesday,2,138,LaGuardia Airport,Queens
2,2018-08-28 12:46:39,2018-08-28 13:19:59,1,9.42,1,N,1,31.0,0E-9,0.500000000,7.51,5.76,0.300000000,45.07,138,161,12,Tuesday,8,138,LaGuardia Airport,Queens
2,2018-03-18 23:43:03,2018-03-19 00:05:15,1,9.34,1,N,1,28.0,0.500000000,0.500000000,5.86,0.0,0.300000000,35.16,138,230,23,Sunday,3,138,LaGuardia Airport,Queens
2,2018-11-07 23:20:36,2018-11-07 23:45:47,1,10.27,1,N,1,30.5,0.500000000,0.500000000,7.51,5.76,0.300000000,45.07,138,243,23,Wednesday,11,138,LaGuardia Airport,Queens
1,2018-09-11 08:25:56,2018-09-11 08:51:22,1,8.6,1,N,1,26.5,0E-9,0.500000000,8.25,5.76,0.300000000,41.31,138,236,8,Tuesday,9,138,LaGuardia Airport,Queens
2,2018-02-24 17:55:51,2018-02-24 18:22:35,4,8.79,1,N,1,27.0,0E-9,0.500000000,6.71,5.76,0.300000000,40.27,138,236,17,Saturday,2,138,LaGuardia Airport,Queens
2,2018-12-19 20:13:03,2018-12-19 20:31:32,2,9.02,1,N,1,26.0,0.500000000,0.500000000,6.61,5.76,0.300000000,39.67,138,236,20,Wednesday,12,138,LaGuardia Airport,Queens
2,2018-05-23 10:46:12,2018-05-23 11:19:56,1,10.38,1,N,1,31.0,0E-9,0.500000000,7.51,5.76,0.300000000,45.07,138,162,10,Wednesday,5,138,LaGuardia Airport,Queens
2,2018-10-12 13:01:00,2018-10-12 13:48:07,1,9.65,1,N,1,39.0,0E-9,0.500000000,9.11,5.76,0.300000000,54.67,138,246,13,Friday,10,138,LaGuardia Airport,Queens
2,2018-01-16 10:11:19,2018-01-16 11:08:19,1,10.37,1,N,1,40.0,0E-9,0.500000000,11.64,5.76,0.300000000,58.2,138,142,10,Tuesday,1,138,LaGuardia Airport,Queens
1,2018-03-25 21:32:40,2018-03-25 22:13:29,1,11.5,1,N,1,38.0,0.500000000,0.500000000,7.21,5.76,0.300000000,52.27,138,113,21,Sunday,3,138,LaGuardia Airport,Queens
2,2018-11-08 07:55:01,2018-11-08 08:52:42,1,13.87,1,N,1,48.0,0E-9,0.500000000,10.91,5.76,0.300000000,65.47,138,90,7,Thursday,11,138,LaGuardia Airport,Queens
1,2018-03-08 09:47:12,2018-03-08 10:11:15,1,13.0,1,N,1,35.0,0E-9,0.500000000,7.15,0.0,0.300000000,42.95,138,132,9,Thursday,3,138,LaGuardia Airport,Queens
2,2018-07-08 09:56:50,2018-07-08 10:25:22,6,13.7,1,N,2,39.5,0E-9,0.500000000,0.0,0.0,0.300000000,40.3,138,188,9,Sunday,7,138,LaGuardia Airport,Queens
2,2018-06-08 19:54:26,2018-06-08 20:27:18,3,11.68,1,N,2,34.0,1.000000000,0.500000000,0.0,0.0,0.300000000,35.8,138,52,19,Friday,6,138,LaGuardia Airport,Queens
2,2018-03-29 14:08:53,2018-03-29 15:45:05,1,18.98,1,N,1,73.0,0E-9,0.500000000,15.91,5.76,0.300000000,95.47,138,186,14,Thursday,3,138,LaGuardia Airport,Queens
2,2018-02-09 11:58:43,2018-02-09 12:26:00,1,12.28,1,N,2,36.5,0E-9,0.500000000,0.0,5.76,0.300000000,43.06,138,161,11,Friday,2,138,LaGuardia Airport,Queens
2,2018-07-29 18:46:44,2018-07-29 19:17:40,2,14.45,1,N,1,39.5,0E-9,0.500000000,9.21,5.76,0.300000000,55.27,138,87,18,Sunday,7,138,LaGuardia Airport,Queens
2,2018-06-04 21:30:02,2018-06-04 21:49:48,1,10.59,1,N,1,30.5,0.500000000,0.500000000,6.36,0.0,0.300000000,38.16,138,224,21,Monday,6,138,LaGuardia Airport,Queens
2,2018-09-23 10:27:04,2018-09-23 10:54:00,2,9.63,1,N,1,30.5,0E-9,0.500000000,4.0,5.76,0.300000000,41.06,138,230,10,Sunday,9,138,LaGuardia Airport,Queens
2,2018-08-23 23:58:44,2018-08-24 00:15:53,1,8.9,1,N,2,26.0,0.500000000,0.500000000,0.0,0.0,0.300000000,27.3,138,216,23,Thursday,8,138,LaGuardia Airport,Queens
2,2018-03-19 12:59:37,2018-03-19 13:24:57,1,8.47,1,N,1,27.5,0E-9,0.500000000,0.0,5.76,0.300000000,34.06,138,238,12,Monday,3,138,LaGuardia Airport,Queens
1,2018-03-18 19:58:16,2018-03-18 20:32:48,1,12.5,1,N,1,37.5,0.500000000,0.500000000,8.0,5.76,0.300000000,52.56,138,166,19,Sunday,3,138,LaGuardia Airport,Queens
2,2018-09-24 13:14:52,2018-09-24 13:36:20,1,8.83,1,N,1,26.5,0E-9,0.500000000,5.46,0.0,0.300000000,32.76,138,148,13,Monday,9,138,LaGuardia Airport,Queens
2,2018-09-13 22:16:29,2018-09-13 22:37:08,2,10.05,1,N,1,28.5,0.500000000,0.500000000,7.11,5.76,0.300000000,42.67,138,141,22,Thursday,9,138,LaGuardia Airport,Queens
2,2018-08-19 11:52:01,2018-08-19 12:10:41,1,8.9,1,N,1,25.5,0E-9,0.500000000,6.41,5.76,0.300000000,38.47,138,236,11,Sunday,8,138,LaGuardia Airport,Queens
1,2018-01-18 11:51:51,2018-01-18 12:28:44,1,9.2,1,N,1,34.0,0E-9,0.500000000,8.1,5.76,0.300000000,48.66,138,164,11,Thursday,1,138,LaGuardia Airport,Queens
2,2018-03-06 16:39:15,2018-03-06 17:19:43,1,8.39,1,N,1,31.0,1.000000000,0.500000000,9.64,5.76,0.300000000,48.2,138,162,16,Tuesday,3,138,LaGuardia Airport,Queens
2,2018-09-23 14:32:04,2018-09-23 15:29:17,1,10.6,1,N,1,43.0,0E-9,0.500000000,9.91,5.76,0.300000000,59.47,138,229,14,Sunday,9,138,LaGuardia Airport,Queens
2,2018-08-21 11:51:48,2018-08-21 12:29:56,2,9.49,1,N,1,36.0,0E-9,0.500000000,8.51,5.76,0.300000000,51.07,138,246,11,Tuesday,8,138,LaGuardia Airport,Queens
2,2018-10-17 22:00:07,2018-10-17 22:22:26,6,9.47,1,N,1,29.0,0.500000000,0.500000000,6.06,0.0,0.300000000,36.36,138,113,22,Wednesday,10,138,LaGuardia Airport,Queens
1,2018-01-22 08:00:34,2018-01-22 08:51:53,1,9.7,1,N,1,36.0,0E-9,0.500000000,8.51,5.76,0.300000000,51.07,138,161,8,Monday,1,138,LaGuardia Airport,Queens
1,2018-03-28 15:14:10,2018-03-28 16:01:01,1,9.8,1,N,1,38.0,0E-9,0.500000000,8.0,5.76,0.300000000,52.56,138,68,15,Wednesday,3,138,LaGuardia Airport,Queens
2,2018-08-19 23:13:42,2018-08-19 23:42:19,1,13.61,5,N,1,75.0,0E-9,0.500000000,15.0,10.5,0.300000000,101.3,138,265,23,Sunday,8,138,LaGuardia Airport,Queens
2,2018-04-05 17:47:06,2018-04-05 18:47:26,2,15.33,1,N,1,49.5,1.000000000,0.500000000,7.7,0.0,0.300000000,59.0,138,89,17,Thursday,4,138,LaGuardia Airport,Queens
1,2018-02-12 10:40:34,2018-02-12 10:57:15,4,7.1,1,N,2,22.5,0E-9,0.500000000,0.0,0.0,0.300000000,23.3,138,130,10,Monday,2,138,LaGuardia Airport,Queens
2,2018-02-11 18:55:41,2018-02-11 19:20:40,1,12.12,1,N,1,34.5,0E-9,0.500000000,10.26,5.76,0.300000000,51.32,138,79,18,Sunday,2,138,LaGuardia Airport,Queens
1,2018-06-08 10:04:49,2018-06-08 10:47:23,2,11.3,1,N,2,38.0,0E-9,0.500000000,0.0,5.76,0.300000000,44.56,138,161,10,Friday,6,138,LaGuardia Airport,Queens
1,2018-04-19 10:14:06,2018-04-19 10:47:09,1,7.9,1,N,2,28.0,0E-9,0.500000000,0.0,5.76,0.300000000,34.56,138,236,10,Thursday,4,138,LaGuardia Airport,Queens
2,2018-06-07 18:11:54,2018-06-07 19:00:46,5,9.09,1,N,2,36.0,1.000000000,0.500000000,0.0,5.76,0.300000000,43.56,138,246,18,Thursday,6,138,LaGuardia Airport,Queens
2,2018-02-21 13:45:40,2018-02-21 14:04:59,1,7.1,1,N,1,23.0,0E-9,0.500000000,5.91,5.76,0.300000000,35.47,138,74,13,Wednesday,2,138,LaGuardia Airport,Queens
2,2018-05-27 18:45:53,2018-05-27 19:00:59,1,8.69,1,N,1,25.0,0E-9,0.500000000,6.31,5.76,0.300000000,37.87,138,170,18,Sunday,5,138,LaGuardia Airport,Queens
2,2018-09-06 15:45:31,2018-09-06 17:27:48,1,28.9,1,N,2,89.5,0E-9,0.500000000,0.0,18.26,0.300000000,108.56,138,14,15,Thursday,9,138,LaGuardia Airport,Queens
2,2018-02-12 14:42:08,2018-02-12 15:06:04,1,9.98,1,N,2,30.0,0E-9,0.500000000,0.0,5.76,0.300000000,36.56,138,229,14,Monday,2,138,LaGuardia Airport,Queens
2,2018-01-21 23:31:55,2018-01-21 23:50:09,2,9.37,1,N,1,27.5,0.500000000,0.500000000,5.76,0.0,0.300000000,34.56,138,225,23,Sunday,1,138,LaGuardia Airport,Queens
2,2018-04-07 21:11:55,2018-04-07 21:51:18,1,30.17,1,N,1,78.5,0.500000000,0.500000000,10.0,0.0,0.300000000,89.8,138,265,21,Saturday,4,138,LaGuardia Airport,Queens
2,2018-02-18 23:48:49,2018-02-19 00:26:31,1,11.72,1,N,2,37.0,0.500000000,0.500000000,0.0,0.0,0.300000000,38.3,138,143,23,Sunday,2,138,LaGuardia Airport,Queens
2,2018-11-11 10:24:39,2018-11-11 10:51:38,5,9.46,1,N,1,30.5,0E-9,0.500000000,6.26,0.0,0.300000000,37.56,138,79,10,Sunday,11,138,LaGuardia Airport,Queens
2,2018-08-27 12:52:22,2018-08-27 13:09:09,1,11.58,1,N,1,31.5,0E-9,0.500000000,7.61,5.76,0.300000000,45.67,138,20,12,Monday,8,138,LaGuardia Airport,Queens
2,2018-07-09 21:09:15,2018-07-09 21:34:27,1,9.58,1,N,1,28.0,0.500000000,0.500000000,8.76,5.76,0.300000000,43.82,138,163,21,Monday,7,138,LaGuardia Airport,Queens
2,2018-12-15 14:07:17,2018-12-15 14:28:50,4,7.9,1,N,1,24.0,0E-9,0.500000000,6.11,5.76,0.300000000,36.67,138,141,14,Saturday,12,138,LaGuardia Airport,Queens
2,2018-01-22 19:00:05,2018-01-22 19:22:29,1,10.28,1,N,1,30.5,1.000000000,0.500000000,7.61,5.76,0.300000000,45.67,138,237,19,Monday,1,138,LaGuardia Airport,Queens
2,2018-03-30 18:48:42,2018-03-30 19:12:39,1,9.06,1,N,1,27.0,1.000000000,0.500000000,6.91,5.76,0.300000000,41.47,138,238,18,Friday,3,138,LaGuardia Airport,Queens
1,2018-04-10 14:07:24,2018-04-10 14:45:18,1,10.2,1,N,1,35.0,0E-9,0.500000000,8.3,5.76,0.300000000,49.86,138,230,14,Tuesday,4,138,LaGuardia Airport,Queens
1,2018-03-12 13:38:57,2018-03-12 14:13:11,1,9.8,1,N,1,34.0,0E-9,0.500000000,8.1,5.76,0.300000000,48.66,138,238,13,Monday,3,138,LaGuardia Airport,Queens
2,2018-01-11 18:36:59,2018-01-11 19:07:52,5,9.45,1,N,1,30.5,1.000000000,0.500000000,8.8,5.76,0.300000000,46.86,138,162,18,Thursday,1,138,LaGuardia Airport,Queens
2,2018-12-14 23:20:37,2018-12-14 23:52:16,2,10.4,1,N,1,33.0,0.500000000,0.500000000,5.5,5.76,0.300000000,45.56,138,163,23,Friday,12,138,LaGuardia Airport,Queens
1,2018-03-11 16:36:06,2018-03-11 17:12:49,1,10.0,1,N,1,34.0,0E-9,0.500000000,6.95,0.0,0.300000000,41.75,138,231,16,Sunday,3,138,LaGuardia Airport,Queens
2,2018-09-17 23:57:34,2018-09-18 00:22:29,1,9.08,1,N,1,28.5,0.500000000,0.500000000,4.0,0.0,0.300000000,33.8,138,37,23,Monday,9,138,LaGuardia Airport,Queens
1,2018-08-12 14:22:40,2018-08-12 15:01:58,3,13.2,1,N,1,39.5,0E-9,0.500000000,8.0,0.0,0.300000000,48.3,138,132,14,Sunday,8,138,LaGuardia Airport,Queens
2,2018-10-22 23:53:34,2018-10-23 00:08:33,1,9.26,1,N,1,26.5,0.500000000,0.500000000,6.71,5.76,0.300000000,40.27,138,140,23,Monday,10,138,LaGuardia Airport,Queens
1,2018-01-02 08:08:21,2018-01-02 08:29:56,1,8.0,1,N,1,25.5,0E-9,0.500000000,5.25,0.0,0.300000000,31.55,138,229,8,Tuesday,1,138,LaGuardia Airport,Queens
2,2018-12-28 10:25:00,2018-12-28 10:48:28,1,8.73,1,N,1,26.5,0E-9,0.500000000,6.61,5.76,0.300000000,39.67,138,164,10,Friday,12,138,LaGuardia Airport,Queens
2,2018-05-18 17:37:44,2018-05-18 18:02:12,2,7.34,1,N,1,23.5,1.000000000,0.500000000,3.8,0.0,0.300000000,29.1,138,145,17,Friday,5,138,LaGuardia Airport,Queens
2,2018-04-09 10:04:56,2018-04-09 10:24:25,1,7.02,1,N,1,22.0,0E-9,0.500000000,4.0,5.76,0.300000000,32.56,138,74,10,Monday,4,138,LaGuardia Airport,Queens
2,2018-01-11 20:58:09,2018-01-11 21:17:11,2,10.5,1,N,1,29.5,0.500000000,0.500000000,7.31,5.76,0.300000000,43.87,138,229,20,Thursday,1,138,LaGuardia Airport,Queens
1,2018-02-01 21:51:10,2018-02-01 22:18:03,1,13.3,1,N,1,38.0,0.500000000,0.500000000,7.85,0.0,0.300000000,47.15,138,13,21,Thursday,2,138,LaGuardia Airport,Queens
1,2018-09-07 22:35:17,2018-09-07 22:53:44,1,7.4,1,N,1,22.5,0.500000000,0.500000000,3.33,0.0,0.300000000,27.13,138,255,22,Friday,9,138,LaGuardia Airport,Queens
1,2018-01-01 22:12:49,2018-01-01 22:58:01,1,21.0,1,N,1,59.5,0.500000000,0.500000000,13.3,5.76,0.300000000,79.86,138,90,22,Monday,1,138,LaGuardia Airport,Queens
2,2018-04-14 17:07:23,2018-04-14 17:54:00,2,11.36,1,N,1,36.0,0E-9,0.500000000,15.0,5.76,0.300000000,57.56,138,163,17,Saturday,4,138,LaGuardia Airport,Queens
1,2018-12-17 20:36:11,2018-12-17 21:03:22,1,11.1,1,Y,1,33.0,0.500000000,0.500000000,1.1,5.76,0.300000000,41.16,138,48,20,Monday,12,138,LaGuardia Airport,Queens
1,2018-01-27 23:30:16,2018-01-27 23:47:48,4,9.0,1,N,1,26.0,0.500000000,0.500000000,6.6,5.76,0.300000000,39.66,138,141,23,Saturday,1,138,LaGuardia Airport,Queens
2,2018-02-23 17:18:03,2018-02-23 18:10:41,1,12.46,1,N,1,43.5,1.000000000,0.500000000,12.76,5.76,0.300000000,63.82,138,43,17,Friday,2,138,LaGuardia Airport,Queens
2,2018-10-01 09:44:24,2018-10-01 10:19:26,1,12.99,1,N,1,40.0,0E-9,0.500000000,9.31,5.76,0.300000000,55.87,138,170,9,Monday,10,138,LaGuardia Airport,Queens
2,2018-09-09 08:38:29,2018-09-09 09:04:53,1,10.13,1,N,1,30.5,0E-9,0.500000000,9.26,5.76,0.300000000,46.32,138,239,8,Sunday,9,138,LaGuardia Airport,Queens
2,2018-09-11 20:45:27,2018-09-11 21:06:50,2,8.69,1,N,1,26.5,0.500000000,0.500000000,8.39,5.76,0.300000000,41.95,138,79,20,Tuesday,9,138,LaGuardia Airport,Queens
1,2018-05-22 11:45:27,2018-05-22 12:39:16,2,9.1,1,N,1,41.0,0E-9,0.500000000,9.5,5.76,0.300000000,57.06,138,161,11,Tuesday,5,138,LaGuardia Airport,Queens
2,2018-05-01 09:14:29,2018-05-01 09:46:48,2,12.01,1,N,1,37.5,0E-9,0.500000000,7.0,5.76,0.300000000,51.06,138,164,9,Tuesday,5,138,LaGuardia Airport,Queens
2,2018-12-19 12:37:24,2018-12-19 13:20:20,3,9.6,1,N,1,37.0,0E-9,0.500000000,8.71,5.76,0.300000000,52.27,138,186,12,Wednesday,12,138,LaGuardia Airport,Queens
1,2018-04-24 13:21:32,2018-04-24 14:12:02,1,7.6,1,N,1,35.5,0E-9,0.500000000,7.25,0.0,0.300000000,43.55,138,230,13,Tuesday,4,138,LaGuardia Airport,Queens
2,2018-09-11 12:49:25,2018-09-11 13:32:41,1,11.57,1,N,1,39.0,0E-9,0.500000000,9.11,5.76,0.300000000,54.67,138,230,12,Tuesday,9,138,LaGuardia Airport,Queens
2,2018-04-14 19:43:42,2018-04-14 20:18:12,1,11.45,1,N,1,34.5,0E-9,0.500000000,8.21,5.76,0.300000000,49.27,138,142,19,Saturday,4,138,LaGuardia Airport,Queens
1,2018-11-14 19:13:18,2018-11-14 19:43:26,1,7.2,1,N,1,27.5,1.000000000,0.500000000,8.75,0.0,0.300000000,38.05,138,145,19,Wednesday,11,138,LaGuardia Airport,Queens
2,2018-03-04 15:49:22,2018-03-04 16:23:22,1,11.12,1,N,1,35.0,0E-9,0.500000000,8.31,5.76,0.300000000,49.87,138,48,15,Sunday,3,138,LaGuardia Airport,Queens
2,2018-05-22 19:08:03,2018-05-22 19:42:07,1,9.49,1,N,1,31.5,1.000000000,0.500000000,7.81,5.76,0.300000000,46.87,138,142,19,Tuesday,5,138,LaGuardia Airport,Queens
1,2018-03-26 08:12:37,2018-03-26 09:05:39,1,13.3,1,N,1,46.0,0E-9,0.500000000,7.88,5.76,0.300000000,60.44,138,90,8,Monday,3,138,LaGuardia Airport,Queens
2,2018-12-08 12:30:23,2018-12-08 12:53:36,1,7.36,1,N,1,24.0,0E-9,0.500000000,9.17,5.76,0.300000000,39.73,138,166,12,Saturday,12,138,LaGuardia Airport,Queens
1,2018-05-15 00:36:39,2018-05-15 01:41:23,1,47.3,5,N,1,227.0,0E-9,0E-9,30.0,0.0,0.300000000,257.3,138,265,0,Tuesday,5,138,LaGuardia Airport,Queens
2,2018-06-14 21:29:20,2018-06-14 22:03:08,1,15.09,1,N,1,42.5,0.500000000,0.500000000,8.76,0.0,0.300000000,52.56,138,257,21,Thursday,6,138,LaGuardia Airport,Queens
2,2018-06-15 10:08:06,2018-06-15 10:42:21,1,10.61,1,N,1,35.0,0E-9,0.500000000,12.47,5.76,0.300000000,54.03,138,239,10,Friday,6,138,LaGuardia Airport,Queens
1,2018-08-17 09:42:43,2018-08-17 10:23:51,2,10.3,1,N,1,36.5,0E-9,0.500000000,10.0,5.76,0.300000000,53.06,138,163,9,Friday,8,138,LaGuardia Airport,Queens
2,2018-06-24 16:50:25,2018-06-24 18:06:55,2,8.87,1,N,1,51.0,0E-9,0.500000000,11.51,5.76,0.300000000,69.07,138,164,16,Sunday,6,138,LaGuardia Airport,Queens
2,2018-05-04 10:02:11,2018-05-04 11:02:57,5,11.02,1,N,1,42.0,0E-9,0.500000000,9.71,5.76,0.300000000,58.27,138,230,10,Friday,5,138,LaGuardia Airport,Queens
2,2018-06-15 15:28:32,2018-06-15 15:54:07,1,6.38,1,N,1,23.0,0E-9,0.500000000,15.0,0.0,0.300000000,38.8,138,135,15,Friday,6,138,LaGuardia Airport,Queens
2,2018-06-05 19:32:28,2018-06-05 19:51:07,5,8.44,1,N,1,25.5,1.000000000,0.500000000,6.0,5.76,0.300000000,39.06,138,141,19,Tuesday,6,138,LaGuardia Airport,Queens
1,2018-11-21 15:48:58,2018-11-21 17:15:19,2,11.8,1,N,2,52.5,0E-9,0.500000000,0.0,0.0,0.300000000,53.3,138,25,15,Wednesday,11,138,LaGuardia Airport,Queens
2,2018-03-29 14:21:49,2018-03-29 14:57:35,6,9.61,1,N,1,33.0,0E-9,0.500000000,7.91,5.76,0.300000000,47.47,138,162,14,Thursday,3,138,LaGuardia Airport,Queens
2,2018-01-08 16:56:14,2018-01-08 17:22:54,6,5.32,1,N,1,21.5,1.000000000,0.500000000,3.33,0.0,0.300000000,26.63,138,146,16,Monday,1,138,LaGuardia Airport,Queens
1,2018-01-08 19:05:21,2018-01-08 19:50:59,1,13.5,1,N,1,41.5,1.000000000,0.500000000,8.65,0.0,0.300000000,51.95,138,28,19,Monday,1,138,LaGuardia Airport,Queens
1,2018-02-08 09:35:43,2018-02-08 10:14:40,1,9.4,1,N,1,33.0,0E-9,0.500000000,9.85,5.76,0.300000000,49.41,138,162,9,Thursday,2,138,LaGuardia Airport,Queens
2,2018-03-20 08:40:11,2018-03-20 09:16:36,2,6.39,1,N,1,26.5,0E-9,0.500000000,5.46,0.0,0.300000000,32.76,138,80,8,Tuesday,3,138,LaGuardia Airport,Queens
2,2018-04-04 17:25:31,2018-04-04 17:55:53,1,8.99,1,N,1,29.0,1.000000000,0.500000000,7.31,5.76,0.300000000,43.87,138,186,17,Wednesday,4,138,LaGuardia Airport,Queens
2,2018-02-26 10:29:19,2018-02-26 10:57:08,4,10.06,1,N,1,30.5,0E-9,0.500000000,6.26,0.0,0.300000000,37.56,138,49,10,Monday,2,138,LaGuardia Airport,Queens
2,2018-09-25 12:25:52,2018-09-25 12:54:24,1,11.65,1,N,1,33.5,0E-9,0.500000000,6.86,0.0,0.300000000,41.16,138,261,12,Tuesday,9,138,LaGuardia Airport,Queens
2,2018-06-28 11:21:09,2018-06-28 12:11:23,1,11.44,1,N,2,40.5,0E-9,0.500000000,0.0,5.76,0.300000000,47.06,138,50,11,Thursday,6,138,LaGuardia Airport,Queens
1,2018-09-04 15:17:31,2018-09-04 15:41:20,1,7.4,1,N,1,24.5,0E-9,0.500000000,6.2,5.76,0.300000000,37.26,138,170,15,Tuesday,9,138,LaGuardia Airport,Queens
1,2018-10-18 18:39:42,2018-10-18 19:23:58,1,10.0,1,N,1,37.0,1.000000000,0.500000000,6.0,5.76,0.300000000,50.56,138,48,18,Thursday,10,138,LaGuardia Airport,Queens
1,2018-12-01 09:42:59,2018-12-01 10:04:27,2,10.2,1,N,1,29.5,0E-9,0.500000000,8.0,5.76,0.300000000,44.06,138,162,9,Saturday,12,138,LaGuardia Airport,Queens
2,2018-10-16 20:41:54,2018-10-16 20:57:14,1,7.77,1,N,1,23.0,0.500000000,0.500000000,7.52,5.76,0.300000000,37.58,138,263,20,Tuesday,10,138,LaGuardia Airport,Queens
2,2018-06-17 14:13:04,2018-06-17 14:54:39,4,11.47,1,N,2,36.5,0E-9,0.500000000,0.0,5.76,0.300000000,43.06,138,161,14,Sunday,6,138,LaGuardia Airport,Queens
2,2018-06-08 11:20:32,2018-06-08 11:57:19,1,11.15,1,N,1,38.0,0E-9,0.500000000,0.0,5.76,0.300000000,44.56,138,162,11,Friday,6,138,LaGuardia Airport,Queens
2,2018-03-30 13:57:18,2018-03-30 14:49:25,1,12.49,1,N,2,46.0,0E-9,0.500000000,0.0,5.76,0.300000000,52.56,138,68,13,Friday,3,138,LaGuardia Airport,Queens
2,2018-09-05 07:58:04,2018-09-05 08:43:49,1,12.07,1,N,1,41.5,0E-9,0.500000000,9.61,5.76,0.300000000,57.67,138,161,7,Wednesday,9,138,LaGuardia Airport,Queens
2,2018-12-22 13:18:20,2018-12-22 13:37:53,1,8.76,1,N,1,25.5,0E-9,0.500000000,8.02,5.76,0.300000000,40.08,138,162,13,Saturday,12,138,LaGuardia Airport,Queens
2,2018-02-09 17:53:56,2018-02-09 18:27:06,1,8.14,1,N,1,30.5,1.000000000,0.500000000,9.52,5.76,0.300000000,47.58,138,166,17,Friday,2,138,LaGuardia Airport,Queens
1,2018-03-09 11:33:52,2018-03-09 12:14:17,1,17.3,1,N,1,49.5,0E-9,0.500000000,11.2,5.76,0.300000000,67.26,138,13,11,Friday,3,138,LaGuardia Airport,Queens
2,2018-01-10 12:54:55,2018-01-10 13:26:50,1,10.54,1,N,1,32.5,0E-9,0.500000000,0.0,5.76,0.300000000,39.06,138,162,12,Wednesday,1,138,LaGuardia Airport,Queens
2,2018-11-19 15:34:19,2018-11-19 16:25:14,1,9.63,1,N,1,37.0,0E-9,0.500000000,7.56,0.0,0.300000000,45.36,138,142,15,Monday,11,138,LaGuardia Airport,Queens
2,2018-03-20 16:29:54,2018-03-20 17:04:43,6,8.7,1,N,1,30.0,1.000000000,0.500000000,8.0,5.76,0.300000000,45.56,138,164,16,Tuesday,3,138,LaGuardia Airport,Queens
2,2018-01-09 19:43:20,2018-01-09 20:14:11,1,9.56,1,N,1,31.5,1.000000000,0.500000000,7.81,5.76,0.300000000,46.87,138,68,19,Tuesday,1,138,LaGuardia Airport,Queens
1,2018-12-22 01:31:35,2018-12-22 01:47:09,1,7.3,1,N,1,22.0,0.500000000,0.500000000,5.8,5.76,0.300000000,34.86,138,262,1,Saturday,12,138,LaGuardia Airport,Queens
2,2018-06-17 21:06:41,2018-06-17 21:48:10,3,16.7,1,N,1,47.5,0.500000000,0.500000000,12.2,0.0,0.300000000,61.0,138,89,21,Sunday,6,138,LaGuardia Airport,Queens
1,2018-11-08 09:58:09,2018-11-08 10:32:30,1,8.3,1,N,1,29.0,0E-9,0.500000000,8.85,5.76,0.300000000,44.41,138,164,9,Thursday,11,138,LaGuardia Airport,Queens
1,2018-05-19 11:16:05,2018-05-19 11:37:04,1,9.6,1,N,1,27.5,0E-9,0.500000000,6.0,5.76,0.300000000,40.06,138,229,11,Saturday,5,138,LaGuardia Airport,Queens
1,2018-11-12 16:02:35,2018-11-12 16:39:22,3,9.8,1,N,1,33.5,1.000000000,0.500000000,6.16,5.76,0.300000000,47.22,138,238,16,Monday,11,138,LaGuardia Airport,Queens
1,2018-06-17 19:10:11,2018-06-17 19:43:32,1,14.5,1,N,1,41.5,0E-9,0.500000000,9.6,5.76,0.300000000,57.66,138,13,19,Sunday,6,138,LaGuardia Airport,Queens
1,2018-03-18 13:37:50,2018-03-18 14:17:32,2,11.9,1,N,1,38.0,0E-9,0.500000000,8.9,5.76,0.300000000,53.46,138,230,13,Sunday,3,138,LaGuardia Airport,Queens
2,2018-12-03 08:53:21,2018-12-03 09:52:29,1,15.34,1,N,1,50.5,0E-9,0.500000000,11.41,5.76,0.300000000,68.47,138,87,8,Monday,12,138,LaGuardia Airport,Queens
1,2018-07-09 10:27:39,2018-07-09 11:09:57,1,9.0,1,N,1,34.0,0E-9,0.500000000,6.08,5.76,0.300000000,46.64,138,237,10,Monday,7,138,LaGuardia Airport,Queens
1,2018-04-18 20:10:25,2018-04-18 20:52:41,1,12.2,1,N,1,41.5,0.500000000,0.500000000,7.0,0.0,0.300000000,49.8,138,161,20,Wednesday,4,138,LaGuardia Airport,Queens
2,2018-03-19 11:01:08,2018-03-19 11:53:03,2,14.23,1,N,1,48.0,0E-9,0.500000000,10.91,5.76,0.300000000,65.47,138,68,11,Monday,3,138,LaGuardia Airport,Queens
1,2018-09-06 17:37:34,2018-09-06 18:14:47,1,8.5,1,N,1,31.0,1.000000000,0.500000000,7.7,5.76,0.300000000,46.26,138,162,17,Thursday,9,138,LaGuardia Airport,Queens
2,2018-12-14 20:43:14,2018-12-14 21:08:54,1,8.79,1,N,1,27.5,0.500000000,0.500000000,8.64,5.76,0.300000000,43.2,138,166,20,Friday,12,138,LaGuardia Airport,Queens
1,2018-12-15 15:12:02,2018-12-15 15:39:05,1,11.3,1,N,1,31.5,0E-9,0.500000000,4.7,0.0,0.300000000,37.0,138,132,15,Saturday,12,138,LaGuardia Airport,Queens
2,2018-08-26 22:36:00,2018-08-26 23:00:13,4,13.27,1,N,1,36.0,0.500000000,0.500000000,8.61,5.76,0.300000000,51.67,138,141,22,Sunday,8,138,LaGuardia Airport,Queens
1,2018-11-02 19:45:11,2018-11-02 20:14:20,1,11.1,1,N,1,33.0,1.000000000,0.500000000,8.65,0.0,0.300000000,43.45,138,37,19,Friday,11,138,LaGuardia Airport,Queens
1,2018-05-18 21:31:45,2018-05-18 22:02:03,1,11.7,1,N,1,35.5,0.500000000,0.500000000,8.5,5.76,0.300000000,51.06,138,143,21,Friday,5,138,LaGuardia Airport,Queens
2,2018-04-30 12:38:29,2018-04-30 13:21:02,1,9.64,1,N,1,35.5,0E-9,0.500000000,10.52,5.76,0.300000000,52.58,138,79,12,Monday,4,138,LaGuardia Airport,Queens
2,2018-11-11 23:30:07,2018-11-11 23:54:05,2,13.05,1,N,1,37.0,0.500000000,0.500000000,8.81,5.76,0.300000000,52.87,138,43,23,Sunday,11,138,LaGuardia Airport,Queens
1,2018-11-11 20:55:31,2018-11-11 21:15:11,2,8.8,1,N,1,26.0,0.500000000,0.500000000,5.45,0.0,0.300000000,32.75,138,49,20,Sunday,11,138,LaGuardia Airport,Queens
1,2018-05-30 17:42:54,2018-05-30 18:16:07,1,7.8,1,N,1,26.5,1.000000000,0.500000000,6.8,5.76,0.300000000,40.86,138,24,17,Wednesday,5,138,LaGuardia Airport,Queens
2,2018-01-25 19:00:38,2018-01-25 19:23:33,1,8.58,1,N,1,26.5,1.000000000,0.500000000,6.81,5.76,0.300000000,40.87,138,236,19,Thursday,1,138,LaGuardia Airport,Queens
1,2018-04-11 11:30:05,2018-04-11 12:13:09,1,12.5,1,N,1,42.0,0E-9,0.500000000,4.86,5.76,0.300000000,53.42,138,186,11,Wednesday,4,138,LaGuardia Airport,Queens
2,2018-11-13 21:32:58,2018-11-13 21:55:43,1,10.71,1,N,1,31.5,0.500000000,0.500000000,7.71,5.76,0.300000000,46.27,138,162,21,Tuesday,11,138,LaGuardia Airport,Queens
1,2018-11-26 16:04:20,2018-11-26 16:39:44,1,9.1,1,N,1,29.5,1.000000000,0.500000000,7.4,5.76,0.300000000,44.46,138,162,16,Monday,11,138,LaGuardia Airport,Queens
2,2018-04-10 09:35:12,2018-04-10 10:32:47,1,10.24,1,N,1,42.0,0E-9,0.500000000,8.26,5.76,0.300000000,56.82,138,90,9,Tuesday,4,138,LaGuardia Airport,Queens
1,2018-04-10 16:34:21,2018-04-10 17:41:28,1,9.6,1,N,1,43.5,1.000000000,0.500000000,12.75,5.76,0.300000000,63.81,138,162,16,Tuesday,4,138,LaGuardia Airport,Queens
1,2018-04-10 19:31:24,2018-04-10 20:01:09,0,12.0,1,N,1,35.5,1.000000000,0.500000000,7.45,0.0,0.300000000,44.75,138,87,19,Tuesday,4,138,LaGuardia Airport,Queens
1,2018-03-29 18:24:44,2018-03-29 19:27:05,1,10.2,1,N,1,42.5,1.000000000,0.500000000,11.05,0.0,0.300000000,55.35,138,211,18,Thursday,3,138,LaGuardia Airport,Queens
2,2018-03-30 19:10:59,2018-03-30 19:31:14,1,8.33,1,N,1,24.5,1.000000000,0.500000000,6.41,5.76,0.300000000,38.47,138,137,19,Friday,3,138,LaGuardia Airport,Queens
2,2018-07-02 10:21:20,2018-07-02 10:50:13,5,9.38,1,N,1,31.0,0E-9,0.500000000,7.51,5.76,0.300000000,45.07,138,68,10,Monday,7,138,LaGuardia Airport,Queens
2,2018-07-24 08:20:37,2018-07-24 09:27:39,1,12.93,5,N,1,80.0,0E-9,0.500000000,23.32,12.5,0.300000000,116.62,192,192,8,Tuesday,7,192,Queensboro Hill,Queens
1,2018-05-31 16:21:01,2018-05-31 17:20:07,1,10.5,1,N,1,38.0,1.000000000,0.500000000,9.1,5.76,0.300000000,54.66,138,161,16,Thursday,5,138,LaGuardia Airport,Queens
1,2018-03-22 19:05:48,2018-03-22 19:29:24,4,9.4,1,N,1,29.0,1.000000000,0.500000000,4.0,5.76,0.300000000,40.56,138,140,19,Thursday,3,138,LaGuardia Airport,Queens
2,2018-11-13 10:10:58,2018-11-13 10:54:22,2,13.08,1,N,1,39.0,0E-9,0.500000000,11.39,5.76,0.300000000,56.95,138,88,10,Tuesday,11,138,LaGuardia Airport,Queens
2,2018-12-17 12:48:39,2018-12-17 13:06:36,2,8.61,1,N,1,25.0,0E-9,0.500000000,6.31,5.76,0.300000000,37.87,138,170,12,Monday,12,138,LaGuardia Airport,Queens
1,2018-09-11 16:13:15,2018-09-11 16:41:28,1,9.5,1,N,1,31.0,1.000000000,0.500000000,7.5,5.76,0.300000000,46.06,138,244,16,Tuesday,9,138,LaGuardia Airport,Queens
2,2018-10-01 13:19:05,2018-10-01 13:52:45,1,11.58,1,N,1,36.5,0E-9,0.500000000,10.76,5.76,0.300000000,53.82,138,48,13,Monday,10,138,LaGuardia Airport,Queens
2,2018-03-14 15:26:29,2018-03-14 16:14:20,1,11.2,1,N,1,38.5,0E-9,0.500000000,11.26,5.76,0.300000000,56.32,138,230,15,Wednesday,3,138,LaGuardia Airport,Queens
2,2018-02-22 19:33:39,2018-02-22 20:06:14,1,12.55,1,N,1,38.0,1.000000000,0.500000000,11.39,5.76,0.300000000,56.95,138,107,19,Thursday,2,138,LaGuardia Airport,Queens
2,2018-09-30 15:31:17,2018-09-30 16:05:13,1,9.11,1,N,1,30.5,0E-9,0.500000000,7.41,5.76,0.300000000,44.47,138,186,15,Sunday,9,138,LaGuardia Airport,Queens
2,2018-09-30 12:24:45,2018-09-30 12:49:50,1,8.76,1,N,1,27.5,0E-9,0.500000000,6.81,5.76,0.300000000,40.87,138,229,12,Sunday,9,138,LaGuardia Airport,Queens
2,2018-04-23 15:19:53,2018-04-23 16:01:49,1,10.29,1,N,1,35.0,0E-9,0.500000000,7.0,5.76,0.300000000,48.56,138,113,15,Monday,4,138,LaGuardia Airport,Queens
1,2018-08-06 18:30:27,2018-08-06 18:52:28,1,8.6,1,N,1,26.0,1.000000000,0.500000000,6.7,5.76,0.300000000,40.26,138,234,18,Monday,8,138,LaGuardia Airport,Queens
2,2018-06-13 21:03:54,2018-06-13 21:29:17,5,10.17,1,N,1,30.5,0.500000000,0.500000000,11.27,5.76,0.300000000,48.83,138,68,21,Wednesday,6,138,LaGuardia Airport,Queens
2,2018-10-09 14:34:01,2018-10-09 15:23:55,2,11.33,1,N,1,41.5,0E-9,0.500000000,9.61,5.76,0.300000000,57.67,138,50,14,Tuesday,10,138,LaGuardia Airport,Queens
2,2018-08-07 10:42:00,2018-08-07 11:22:42,1,8.88,1,N,1,33.5,0E-9,0.500000000,8.01,5.76,0.300000000,48.07,138,90,10,Tuesday,8,138,LaGuardia Airport,Queens
1,2018-03-16 11:36:47,2018-03-16 12:11:09,2,8.3,1,N,1,30.5,0E-9,0.500000000,4.0,5.76,0.300000000,41.06,138,164,11,Friday,3,138,LaGuardia Airport,Queens
1,2018-11-25 19:43:44,2018-11-25 20:10:04,1,14.7,1,N,1,40.5,0E-9,0.500000000,9.4,5.76,0.300000000,56.46,138,87,19,Sunday,11,138,LaGuardia Airport,Queens
2,2018-03-16 21:42:24,2018-03-16 22:29:54,1,10.44,1,N,1,39.0,0.500000000,0.500000000,9.21,5.76,0.300000000,55.27,138,163,21,Friday,3,138,LaGuardia Airport,Queens
1,2018-03-18 22:17:38,2018-03-18 22:41:09,1,14.2,1,N,1,39.0,0.500000000,0.500000000,11.5,5.76,0.300000000,57.56,138,87,22,Sunday,3,138,LaGuardia Airport,Queens
1,2018-05-24 09:19:13,2018-05-24 10:15:53,1,15.0,1,N,1,49.0,0E-9,0.500000000,10.0,5.76,0.300000000,65.56,138,113,9,Thursday,5,138,LaGuardia Airport,Queens
2,2018-12-07 22:31:24,2018-12-07 22:59:51,1,6.81,1,N,1,26.5,0.500000000,0.500000000,5.56,0.0,0.300000000,33.36,138,255,22,Friday,12,138,LaGuardia Airport,Queens
2,2018-03-04 16:24:03,2018-03-04 17:01:37,1,11.44,1,N,1,36.0,0E-9,0.500000000,8.51,5.76,0.300000000,51.07,138,142,16,Sunday,3,138,LaGuardia Airport,Queens
1,2018-08-17 21:33:35,2018-08-17 22:05:37,1,10.2,1,N,1,33.0,0.500000000,0.500000000,10.0,5.76,0.300000000,50.06,138,230,21,Friday,8,138,LaGuardia Airport,Queens
1,2018-11-27 14:28:16,2018-11-27 15:19:36,2,9.6,1,N,1,40.0,0E-9,0.500000000,9.3,5.76,0.300000000,55.86,138,161,14,Tuesday,11,138,LaGuardia Airport,Queens
1,2018-11-07 11:02:58,2018-11-07 11:30:20,1,8.6,1,N,1,28.0,0E-9,0.500000000,5.75,0.0,0.300000000,34.55,138,148,11,Wednesday,11,138,LaGuardia Airport,Queens
2,2018-04-15 17:01:49,2018-04-15 17:38:27,2,10.13,1,N,1,32.5,0E-9,0.500000000,9.76,5.76,0.300000000,48.82,138,238,17,Sunday,4,138,LaGuardia Airport,Queens
2,2018-03-26 15:47:36,2018-03-26 16:27:50,1,9.38,1,N,1,33.5,0E-9,0.500000000,8.01,5.76,0.300000000,48.07,138,230,15,Monday,3,138,LaGuardia Airport,Queens
2,2018-11-05 21:13:47,2018-11-05 21:41:48,1,10.05,1,N,1,32.0,0.500000000,0.500000000,7.81,5.76,0.300000000,46.87,138,230,21,Monday,11,138,LaGuardia Airport,Queens
2,2018-11-07 18:36:25,2018-11-07 19:12:05,2,9.95,1,N,1,31.0,1.000000000,0.500000000,6.56,0.0,0.300000000,39.36,138,65,18,Wednesday,11,138,LaGuardia Airport,Queens
2,2018-09-21 18:18:41,2018-09-21 19:17:58,1,13.89,1,N,1,47.5,1.000000000,0.500000000,9.86,0.0,0.300000000,59.16,138,91,18,Friday,9,138,LaGuardia Airport,Queens
2,2018-08-23 07:27:44,2018-08-23 08:01:33,2,12.2,1,N,1,36.0,0E-9,0.500000000,0.0,5.76,0.300000000,42.56,135,148,7,Thursday,8,135,Kew Gardens Hills,Queens
2,2018-12-10 09:28:11,2018-12-10 10:06:42,1,7.21,1,N,1,30.0,0E-9,0.500000000,6.16,0.0,0.300000000,36.96,138,141,9,Monday,12,138,LaGuardia Airport,Queens
2,2018-03-26 09:18:07,2018-03-27 08:55:55,2,8.8,1,N,1,32.0,0E-9,0.500000000,7.71,5.76,0.300000000,46.27,138,100,9,Monday,3,138,LaGuardia Airport,Queens
1,2018-09-24 16:38:23,2018-09-24 17:26:58,1,8.6,1,N,1,38.5,1.000000000,0.500000000,13.8,5.76,0.300000000,59.86,138,233,16,Monday,9,138,LaGuardia Airport,Queens
1,2018-11-28 15:00:11,2018-11-28 15:35:55,1,9.2,1,N,1,32.0,0E-9,0.500000000,7.7,5.76,0.300000000,46.26,138,161,15,Wednesday,11,138,LaGuardia Airport,Queens
1,2018-01-09 14:17:37,2018-01-09 14:52:45,1,10.7,1,N,1,33.0,0E-9,0.500000000,7.9,5.76,0.300000000,47.46,138,163,14,Tuesday,1,138,LaGuardia Airport,Queens
2,2018-03-06 22:57:53,2018-03-06 23:15:34,2,7.8,1,N,1,23.5,0.500000000,0.500000000,4.96,0.0,0.300000000,29.76,138,37,22,Tuesday,3,138,LaGuardia Airport,Queens
2,2018-05-07 08:09:17,2018-05-07 08:59:18,1,11.6,1,N,1,40.5,0E-9,0.500000000,0.0,0.0,0.300000000,41.3,138,170,8,Monday,5,138,LaGuardia Airport,Queens
1,2018-08-31 18:40:47,2018-08-31 19:01:35,1,8.3,1,N,1,25.5,1.000000000,0.500000000,9.9,5.76,0.300000000,42.96,138,170,18,Friday,8,138,LaGuardia Airport,Queens
2,2018-02-11 21:31:13,2018-02-11 21:50:20,1,7.24,1,N,1,21.5,0.500000000,0.500000000,4.56,0.0,0.300000000,27.36,138,255,21,Sunday,2,138,LaGuardia Airport,Queens
1,2018-02-16 16:44:00,2018-02-16 17:37:59,1,9.5,1,N,1,39.0,1.000000000,0.500000000,7.0,5.76,0.300000000,53.56,138,68,16,Friday,2,138,LaGuardia Airport,Queens
1,2018-02-07 13:25:45,2018-02-07 14:04:05,1,8.9,1,N,1,35.0,0E-9,0.500000000,4.0,5.76,0.300000000,45.56,138,107,13,Wednesday,2,138,LaGuardia Airport,Queens
2,2018-09-27 23:03:30,2018-09-27 23:28:07,1,9.66,1,N,1,30.0,0.500000000,0.500000000,7.41,5.76,0.300000000,44.47,138,141,23,Thursday,9,138,LaGuardia Airport,Queens
2,2018-06-09 10:12:09,2018-06-09 10:41:11,1,11.84,1,N,2,34.0,0E-9,0.500000000,0.0,0.0,0.300000000,34.8,138,261,10,Saturday,6,138,LaGuardia Airport,Queens
2,2018-03-29 11:21:37,2018-03-29 12:11:09,2,11.82,1,N,1,41.5,0E-9,0.500000000,9.61,5.76,0.300000000,57.67,138,48,11,Thursday,3,138,LaGuardia Airport,Queens
2,2018-03-10 21:01:05,2018-03-10 21:26:53,1,11.41,1,N,1,34.5,0.500000000,0.500000000,0.0,0.0,0.300000000,35.8,138,35,21,Saturday,3,138,LaGuardia Airport,Queens
2,2018-12-12 16:24:30,2018-12-12 17:22:17,6,12.05,1,N,1,48.0,1.000000000,0.500000000,16.67,5.76,0.300000000,72.23,138,48,16,Wednesday,12,138,LaGuardia Airport,Queens
1,2018-06-17 21:51:19,2018-06-17 22:21:34,1,10.5,1,N,2,31.5,0.500000000,0.500000000,0.0,5.76,0.300000000,38.56,138,90,21,Sunday,6,138,LaGuardia Airport,Queens
2,2018-01-22 08:16:37,2018-01-22 09:13:39,1,11.74,1,N,1,40.5,0E-9,0.500000000,0.0,5.76,0.300000000,47.06,138,230,8,Monday,1,138,LaGuardia Airport,Queens
1,2018-02-27 20:48:55,2018-02-27 21:10:33,1,8.4,1,N,1,26.0,0.500000000,0.500000000,6.6,5.76,0.300000000,39.66,138,230,20,Tuesday,2,138,LaGuardia Airport,Queens
2,2018-06-18 15:59:28,2018-06-18 16:51:59,1,9.53,1,N,1,37.5,1.000000000,0.500000000,9.01,5.76,0.300000000,54.07,138,243,15,Monday,6,138,LaGuardia Airport,Queens
1,2018-12-26 21:18:48,2018-12-26 21:36:14,1,6.8,1,N,1,22.0,0.500000000,0.500000000,5.8,0.0,0.300000000,29.1,138,37,21,Wednesday,12,138,LaGuardia Airport,Queens
2,2018-05-07 07:37:03,2018-05-07 08:26:18,1,12.37,1,N,1,42.0,0E-9,0.500000000,9.71,5.76,0.300000000,58.27,138,162,7,Monday,5,138,LaGuardia Airport,Queens
1,2018-07-23 23:02:18,2018-07-23 23:23:41,1,9.8,1,N,1,29.5,0.500000000,0.500000000,7.3,5.76,0.300000000,43.86,138,238,23,Monday,7,138,LaGuardia Airport,Queens
1,2018-03-20 15:38:01,2018-03-20 16:21:17,1,11.2,1,N,2,36.5,0E-9,0.500000000,0.0,5.76,0.300000000,43.06,138,230,15,Tuesday,3,138,LaGuardia Airport,Queens
2,2018-07-19 11:27:05,2018-07-19 11:54:55,1,8.58,1,N,1,26.5,0E-9,0.500000000,9.92,5.76,0.300000000,42.98,138,236,11,Thursday,7,138,LaGuardia Airport,Queens
2,2018-02-12 14:56:50,2018-02-12 15:20:52,1,8.57,1,N,1,27.5,0E-9,0.500000000,6.81,5.76,0.300000000,40.87,138,230,14,Monday,2,138,LaGuardia Airport,Queens
2,2018-02-12 21:01:27,2018-02-12 21:17:44,1,8.99,1,N,1,25.5,0.500000000,0.500000000,8.14,5.76,0.300000000,40.7,138,234,21,Monday,2,138,LaGuardia Airport,Queens
1,2018-06-29 11:21:30,2018-06-29 12:02:32,1,4.3,1,N,1,25.5,0E-9,0.500000000,5.25,0.0,0.300000000,31.55,146,68,11,Friday,6,146,Long Island City/Queens Plaza,Queens
1,2018-03-20 10:44:28,2018-03-20 11:42:39,2,17.7,1,N,1,55.5,0E-9,0.500000000,12.4,5.76,0.300000000,74.46,138,48,10,Tuesday,3,138,LaGuardia Airport,Queens
2,2018-12-13 23:19:48,2018-12-13 23:42:00,6,7.6,1,N,1,25.0,0.500000000,0.500000000,6.58,0.0,0.300000000,32.88,138,37,23,Thursday,12,138,LaGuardia Airport,Queens
2,2018-05-06 22:06:14,2018-05-06 22:28:00,1,10.79,1,N,1,31.0,0.500000000,0.500000000,9.52,5.76,0.300000000,47.58,138,230,22,Sunday,5,138,LaGuardia Airport,Queens
2,2018-02-12 16:32:25,2018-02-12 16:47:49,1,8.03,1,N,1,23.0,1.000000000,0.500000000,6.11,5.76,0.300000000,36.67,138,170,16,Monday,2,138,LaGuardia Airport,Queens
2,2018-03-29 21:13:05,2018-03-29 21:45:17,1,8.69,1,N,1,30.0,0.500000000,0.500000000,9.26,5.76,0.300000000,46.32,138,164,21,Thursday,3,138,LaGuardia Airport,Queens
2,2018-09-06 17:02:23,2018-09-06 17:42:04,5,9.41,1,N,1,33.0,1.000000000,0.500000000,8.11,5.76,0.300000000,48.67,138,237,17,Thursday,9,138,LaGuardia Airport,Queens
2,2018-05-07 11:07:00,2018-05-07 11:43:42,1,10.31,1,N,1,35.5,0E-9,0.500000000,7.26,0.0,0.300000000,43.56,138,65,11,Monday,5,138,LaGuardia Airport,Queens
2,2018-02-12 19:11:58,2018-02-12 19:34:43,1,8.69,1,N,1,27.5,1.000000000,0.500000000,7.01,5.76,0.300000000,42.07,138,161,19,Monday,2,138,LaGuardia Airport,Queens
1,2018-06-10 19:37:19,2018-06-10 20:03:38,2,9.3,1,N,1,28.5,0E-9,0.500000000,8.75,5.76,0.300000000,43.81,138,90,19,Sunday,6,138,LaGuardia Airport,Queens
2,2018-04-09 08:30:23,2018-04-09 09:27:02,1,12.29,1,N,1,44.0,0E-9,0.500000000,10.11,5.76,0.300000000,60.67,138,161,8,Monday,4,138,LaGuardia Airport,Queens
2,2018-02-28 18:57:39,2018-02-28 19:30:12,1,9.6,1,N,1,32.0,1.000000000,0.500000000,10.14,0.0,0.300000000,43.94,138,45,18,Wednesday,2,138,LaGuardia Airport,Queens
1,2018-07-23 08:06:06,2018-07-23 08:41:50,1,4.6,1,N,1,23.5,0E-9,0.500000000,4.85,0.0,0.300000000,29.15,145,142,8,Monday,7,145,Long Island City/Hunters Point,Queens
2,2018-02-13 09:50:07,2018-02-13 11:01:53,1,10.13,1,N,1,48.0,0E-9,0.500000000,8.78,0.0,0.300000000,57.58,138,163,9,Tuesday,2,138,LaGuardia Airport,Queens
2,2018-02-01 16:46:54,2018-02-01 17:18:12,2,8.55,1,N,1,28.5,1.000000000,0.500000000,7.21,5.76,0.300000000,43.27,138,262,16,Thursday,2,138,LaGuardia Airport,Queens
1,2018-07-12 17:18:36,2018-07-12 17:47:22,1,8.2,1,N,1,25.5,1.000000000,0.500000000,6.6,5.76,0.300000000,39.66,138,236,17,Thursday,7,138,LaGuardia Airport,Queens
2,2018-12-28 10:12:41,2018-12-28 10:35:15,3,8.71,1,N,1,26.0,0E-9,0.500000000,6.51,5.76,0.300000000,39.07,138,238,10,Friday,12,138,LaGuardia Airport,Queens
2,2018-11-13 09:43:36,2018-11-13 10:47:32,1,11.35,1,N,1,42.0,0E-9,0.500000000,9.71,5.76,0.300000000,58.27,138,161,9,Tuesday,11,138,LaGuardia Airport,Queens
2,2018-09-29 09:01:33,2018-09-29 09:35:45,1,9.07,1,N,1,32.0,0E-9,0.500000000,6.56,0.0,0.300000000,39.36,138,163,9,Saturday,9,138,LaGuardia Airport,Queens
1,2018-11-23 15:41:17,2018-11-23 16:16:39,1,14.5,1,N,1,42.5,0E-9,0.500000000,9.8,5.76,0.300000000,58.86,138,231,15,Friday,11,138,LaGuardia Airport,Queens
2,2018-08-27 17:01:58,2018-08-27 17:39:50,1,9.34,1,N,1,33.5,1.000000000,0.500000000,8.82,0.0,0.300000000,44.12,138,49,17,Monday,8,138,LaGuardia Airport,Queens
2,2018-10-09 07:55:49,2018-10-09 08:01:35,1,8.45,1,N,1,42.0,0E-9,0.500000000,7.0,0.0,0.300000000,49.8,138,170,7,Tuesday,10,138,LaGuardia Airport,Queens
2,2018-07-13 22:46:01,2018-07-13 23:16:24,2,15.64,1,N,1,42.5,0.500000000,0.500000000,9.91,5.76,0.300000000,59.47,138,231,22,Friday,7,138,LaGuardia Airport,Queens
2,2018-02-22 15:56:07,2018-02-22 16:47:42,1,14.21,1,N,1,45.5,0E-9,0.500000000,10.41,5.76,0.300000000,62.47,138,88,15,Thursday,2,138,LaGuardia Airport,Queens
2,2018-09-19 18:46:42,2018-09-19 19:14:54,1,9.98,1,N,1,31.5,1.000000000,0.500000000,7.81,5.76,0.300000000,46.87,138,48,18,Wednesday,9,138,LaGuardia Airport,Queens
1,2018-03-15 22:23:52,2018-03-15 22:51:36,1,15.7,1,N,1,43.5,0.500000000,0.500000000,12.6,5.76,0.300000000,63.16,138,87,22,Thursday,3,138,LaGuardia Airport,Queens
1,2018-09-09 12:48:38,2018-09-09 13:09:59,4,11.3,1,N,1,31.5,0E-9,0.500000000,8.0,0.0,0.300000000,40.3,138,132,12,Sunday,9,138,LaGuardia Airport,Queens
2,2018-02-21 20:25:09,2018-02-22 19:39:12,1,6.82,1,N,1,22.0,0.500000000,0.500000000,4.66,0.0,0.300000000,27.96,138,80,20,Wednesday,2,138,LaGuardia Airport,Queens
2,2018-03-17 18:29:40,2018-03-17 18:57:40,2,8.25,1,N,1,27.0,0E-9,0.500000000,6.71,5.76,0.300000000,40.27,138,170,18,Saturday,3,138,LaGuardia Airport,Queens
2,2018-10-01 08:21:56,2018-10-01 09:18:47,2,15.43,1,N,1,49.0,0E-9,0.500000000,11.11,5.76,0.300000000,66.67,138,87,8,Monday,10,138,LaGuardia Airport,Queens
2,2018-07-01 21:23:07,2018-07-01 21:44:08,2,6.91,1,N,1,23.0,0.500000000,0.500000000,4.86,0.0,0.300000000,29.16,146,114,21,Sunday,7,146,Long Island City/Queens Plaza,Queens
2,2018-09-19 15:48:09,2018-09-19 16:07:19,1,8.06,1,N,1,24.5,0E-9,0.500000000,9.32,5.76,0.300000000,40.38,138,262,15,Wednesday,9,138,LaGuardia Airport,Queens
2,2018-10-09 18:37:56,2018-10-09 19:16:07,1,11.02,1,N,1,33.0,1.000000000,0.500000000,13.0,0.0,0.300000000,47.8,138,33,18,Tuesday,10,138,LaGuardia Airport,Queens
2,2018-06-01 21:40:47,2018-06-01 22:04:48,1,9.61,1,N,1,29.0,0.500000000,0.500000000,6.06,0.0,0.300000000,36.36,138,79,21,Friday,6,138,LaGuardia Airport,Queens
2,2018-06-15 10:07:45,2018-06-15 10:45:50,3,5.87,1,N,1,29.0,0E-9,0.500000000,4.4,5.76,0.300000000,39.96,138,246,10,Friday,6,138,LaGuardia Airport,Queens
2,2018-06-22 10:12:54,2018-06-22 10:38:29,5,8.51,1,N,1,27.0,0E-9,0.500000000,3.36,5.76,0.300000000,36.92,138,141,10,Friday,6,138,LaGuardia Airport,Queens
2,2018-09-20 14:46:54,2018-09-20 15:34:16,1,10.38,1,N,1,37.0,0E-9,0.500000000,10.89,5.76,0.300000000,54.45,138,237,14,Thursday,9,138,LaGuardia Airport,Queens
1,2018-11-16 14:15:45,2018-11-16 14:16:11,1,16.0,5,N,1,45.0,0E-9,0E-9,10.2,5.76,0.300000000,61.26,138,138,14,Friday,11,138,LaGuardia Airport,Queens
2,2018-04-03 19:54:54,2018-04-03 20:12:23,1,8.57,1,N,1,25.0,1.000000000,0.500000000,6.51,5.76,0.300000000,39.07,138,162,19,Tuesday,4,138,LaGuardia Airport,Queens
2,2018-08-18 16:23:21,2018-08-18 16:42:44,1,8.15,1,N,1,24.5,0E-9,0.500000000,6.21,5.76,0.300000000,37.27,138,141,16,Saturday,8,138,LaGuardia Airport,Queens
2,2018-07-16 12:50:04,2018-07-16 13:34:36,5,10.26,1,N,1,38.0,0E-9,0.500000000,8.91,5.76,0.300000000,53.47,138,68,12,Monday,7,138,LaGuardia Airport,Queens
2,2018-11-07 21:03:19,2018-11-07 21:32:57,1,10.3,1,N,1,32.0,0.500000000,0.500000000,7.81,5.76,0.300000000,46.87,138,143,21,Wednesday,11,138,LaGuardia Airport,Queens
1,2018-04-01 13:54:46,2018-04-01 14:42:31,1,10.7,1,N,1,40.5,0E-9,0.500000000,8.25,0.0,0.300000000,49.55,138,143,13,Sunday,4,138,LaGuardia Airport,Queens
2,2018-12-08 00:21:04,2018-12-08 00:53:39,1,12.27,1,N,1,37.5,0.500000000,0.500000000,9.7,0.0,0.300000000,48.5,138,189,0,Saturday,12,138,LaGuardia Airport,Queens
1,2018-03-16 14:00:29,2018-03-16 14:27:51,1,8.1,1,N,1,27.5,0E-9,0.500000000,8.5,5.76,0.300000000,42.56,138,162,14,Friday,3,138,LaGuardia Airport,Queens
2,2018-07-04 12:53:34,2018-07-04 13:20:15,1,10.22,1,N,1,31.5,0E-9,0.500000000,7.61,5.76,0.300000000,45.67,138,142,12,Wednesday,7,138,LaGuardia Airport,Queens
2,2018-08-29 15:24:38,2018-08-29 15:59:54,5,12.18,1,N,1,36.5,0E-9,0.500000000,7.75,5.76,0.300000000,50.81,138,107,15,Wednesday,8,138,LaGuardia Airport,Queens
1,2018-04-04 08:25:41,2018-04-04 09:01:10,1,12.0,1,N,1,38.0,0E-9,0.500000000,13.35,5.76,0.300000000,57.91,138,161,8,Wednesday,4,138,LaGuardia Airport,Queens
1,2018-03-04 21:12:43,2018-03-04 21:38:03,1,12.6,1,N,1,35.5,0.500000000,0.500000000,7.0,0.0,0.300000000,43.8,138,87,21,Sunday,3,138,LaGuardia Airport,Queens
2,2018-09-25 22:17:24,2018-09-25 22:42:48,3,12.47,1,N,1,36.0,0.500000000,0.500000000,7.46,0.0,0.300000000,44.76,138,181,22,Tuesday,9,138,LaGuardia Airport,Queens
1,2018-07-28 10:19:18,2018-07-28 10:36:54,1,12.2,1,N,1,33.5,0E-9,0.500000000,6.85,0.0,0.300000000,41.15,138,132,10,Saturday,7,138,LaGuardia Airport,Queens
1,2018-03-06 13:42:04,2018-03-06 14:01:55,1,8.1,1,N,1,24.5,0E-9,0.500000000,6.2,5.76,0.300000000,37.26,138,161,13,Tuesday,3,138,LaGuardia Airport,Queens
2,2018-04-06 08:52:29,2018-04-06 09:32:05,1,10.67,1,N,1,35.0,0E-9,0.500000000,4.0,5.76,0.300000000,45.56,138,229,8,Friday,4,138,LaGuardia Airport,Queens
2,2018-09-03 16:00:08,2018-09-03 16:29:38,5,9.79,1,N,1,31.0,0E-9,0.500000000,9.39,5.76,0.300000000,46.95,138,238,16,Monday,9,138,LaGuardia Airport,Queens
1,2018-03-05 23:33:26,2018-03-05 23:51:44,1,9.9,1,N,1,29.0,0.500000000,0.500000000,9.05,0.0,0.300000000,39.35,138,79,23,Monday,3,138,LaGuardia Airport,Queens
1,2018-05-14 08:36:39,2018-05-14 09:17:00,1,10.0,1,N,1,31.5,0E-9,0.500000000,6.46,0.0,0.300000000,38.76,138,66,8,Monday,5,138,LaGuardia Airport,Queens
2,2018-02-16 22:44:27,2018-02-16 23:10:41,1,9.87,1,N,1,29.5,0.500000000,0.500000000,7.31,5.76,0.300000000,43.87,138,90,22,Friday,2,138,LaGuardia Airport,Queens
2,2018-03-11 08:59:14,2018-03-11 09:20:39,1,11.74,1,N,1,33.5,0E-9,0.500000000,0.0,0.0,0.300000000,34.3,193,197,8,Sunday,3,193,Queensbridge/Ravenswood,Queens
1,2018-10-05 13:10:37,2018-10-05 13:39:02,1,7.7,1,N,1,27.0,0E-9,0.500000000,6.71,5.76,0.300000000,40.27,138,75,13,Friday,10,138,LaGuardia Airport,Queens
2,2018-05-24 11:36:26,2018-05-24 12:05:25,1,10.37,1,N,1,30.0,0E-9,0.500000000,7.7,0.0,0.300000000,38.5,138,33,11,Thursday,5,138,LaGuardia Airport,Queens
2,2018-01-07 21:28:46,2018-01-07 21:57:51,1,10.77,1,N,1,33.0,0.500000000,0.500000000,8.01,5.76,0.300000000,48.07,138,48,21,Sunday,1,138,LaGuardia Airport,Queens
1,2018-10-14 12:51:03,2018-10-14 13:11:28,1,6.9,1,N,1,23.0,0E-9,0.500000000,4.0,5.76,0.300000000,33.56,138,41,12,Sunday,10,138,LaGuardia Airport,Queens
2,2018-09-04 09:39:06,2018-09-04 10:19:29,2,10.64,1,N,1,34.5,0E-9,0.500000000,8.21,5.76,0.300000000,49.27,138,161,9,Tuesday,9,138,LaGuardia Airport,Queens
1,2018-12-26 19:30:39,2018-12-26 19:43:45,1,8.1,1,N,2,23.0,1.000000000,0.500000000,0.0,5.76,0.300000000,30.56,138,140,19,Wednesday,12,138,LaGuardia Airport,Queens
1,2018-03-06 18:19:20,2018-03-06 19:01:21,1,8.2,1,N,1,29.5,1.000000000,0.500000000,4.0,5.76,0.300000000,41.06,138,24,18,Tuesday,3,138,LaGuardia Airport,Queens
2,2018-03-06 14:57:55,2018-03-06 15:31:03,2,10.57,1,N,1,33.5,0E-9,0.500000000,10.02,5.76,0.300000000,50.08,138,161,14,Tuesday,3,138,LaGuardia Airport,Queens
2,2018-06-17 12:30:15,2018-06-17 12:53:33,3,10.54,1,N,1,30.5,0E-9,0.500000000,9.26,5.76,0.300000000,46.32,138,230,12,Sunday,6,138,LaGuardia Airport,Queens
2,2018-05-16 21:30:44,2018-05-16 22:02:40,3,11.32,1,N,1,35.0,0.500000000,0.500000000,7.26,0.0,0.300000000,43.56,138,181,21,Wednesday,5,138,LaGuardia Airport,Queens
2,2018-08-10 17:23:20,2018-08-10 17:49:12,2,8.79,1,N,2,27.5,1.000000000,0.500000000,0.0,5.76,0.300000000,35.06,138,236,17,Friday,8,138,LaGuardia Airport,Queens
2,2018-10-28 17:09:45,2018-10-28 17:42:39,2,12.11,1,N,1,35.5,0E-9,0.500000000,8.41,5.76,0.300000000,50.47,138,224,17,Sunday,10,138,LaGuardia Airport,Queens
1,2018-04-18 09:37:45,2018-04-18 10:31:10,1,9.0,1,N,1,37.0,0E-9,0.500000000,8.71,5.76,0.300000000,52.27,138,230,9,Wednesday,4,138,LaGuardia Airport,Queens
2,2018-07-31 14:46:05,2018-07-31 15:20:19,1,10.92,1,N,1,34.0,0E-9,0.500000000,6.96,0.0,0.300000000,41.76,138,125,14,Tuesday,7,138,LaGuardia Airport,Queens
2,2018-10-20 15:25:28,2018-10-20 15:52:12,2,9.7,1,N,1,30.0,0E-9,0.500000000,7.31,5.76,0.300000000,43.87,138,161,15,Saturday,10,138,LaGuardia Airport,Queens
1,2018-05-18 11:37:54,2018-05-18 12:02:01,1,8.6,1,N,1,27.5,0E-9,0.500000000,0.0,5.76,0.300000000,34.06,138,263,11,Friday,5,138,LaGuardia Airport,Queens
2,2018-02-01 14:03:33,2018-02-01 14:30:16,1,8.82,1,N,2,29.0,0E-9,0.500000000,0.0,5.76,0.300000000,35.56,138,186,14,Thursday,2,138,LaGuardia Airport,Queens
1,2018-12-26 08:40:32,2018-12-26 08:57:53,1,8.4,1,N,2,24.5,0E-9,0.500000000,0.0,5.76,0.300000000,31.06,138,263,8,Wednesday,12,138,LaGuardia Airport,Queens
1,2018-04-20 12:32:31,2018-04-20 13:02:22,1,7.2,1,N,2,28.0,0E-9,0.500000000,0.0,5.76,0.300000000,34.56,138,41,12,Friday,4,138,LaGuardia Airport,Queens
2,2018-06-28 15:24:22,2018-06-28 15:53:55,2,6.15,1,N,1,23.5,0E-9,0.500000000,4.86,0.0,0.300000000,29.16,146,144,15,Thursday,6,146,Long Island City/Queens Plaza,Queens
2,2018-08-10 21:08:16,2018-08-10 21:24:00,1,8.47,1,N,1,24.5,0.500000000,0.500000000,3.16,5.76,0.300000000,34.72,138,262,21,Friday,8,138,LaGuardia Airport,Queens
2,2018-03-12 13:53:16,2018-03-12 14:35:35,2,16.04,1,N,1,46.5,0E-9,0.500000000,9.46,0.0,0.300000000,56.76,138,89,13,Monday,3,138,LaGuardia Airport,Queens
2,2018-12-13 08:24:21,2018-12-13 09:29:04,5,15.57,1,N,1,51.0,0E-9,0.500000000,14.39,5.76,0.300000000,71.95,138,234,8,Thursday,12,138,LaGuardia Airport,Queens
1,2018-05-17 16:34:31,2018-05-17 17:24:48,1,11.8,1,N,1,39.0,1.000000000,0.500000000,13.95,5.76,0.300000000,60.51,138,164,16,Thursday,5,138,LaGuardia Airport,Queens
1,2018-11-08 13:39:17,2018-11-08 13:56:41,1,6.4,1,N,1,21.5,0E-9,0.500000000,6.65,0.0,0.300000000,28.95,138,80,13,Thursday,11,138,LaGuardia Airport,Queens
2,2018-12-26 21:08:54,2018-12-26 21:30:27,4,8.89,1,N,2,26.5,0.500000000,0.500000000,0.0,0.0,0.300000000,27.8,138,145,21,Wednesday,12,138,LaGuardia Airport,Queens
2,2018-12-21 17:28:11,2018-12-21 18:00:02,1,8.5,1,N,1,29.5,1.000000000,0.500000000,10.0,5.76,0.300000000,47.06,138,161,17,Friday,12,138,LaGuardia Airport,Queens
1,2018-04-10 10:11:09,2018-04-10 11:00:54,1,11.3,1,Y,1,41.0,0E-9,0.500000000,4.0,5.76,0.300000000,51.56,138,144,10,Tuesday,4,138,LaGuardia Airport,Queens
2,2018-01-23 20:19:42,2018-01-23 20:41:37,1,10.81,1,N,1,31.5,0.500000000,0.500000000,8.2,0.0,0.300000000,41.0,138,25,20,Tuesday,1,138,LaGuardia Airport,Queens
1,2018-08-04 09:03:08,2018-08-04 09:20:59,0,6.7,1,N,1,21.5,0E-9,0.500000000,4.0,5.76,0.300000000,32.06,138,42,9,Saturday,8,138,LaGuardia Airport,Queens
2,2018-09-04 21:59:37,2018-09-04 22:24:35,2,8.86,1,N,1,27.5,0.500000000,0.500000000,6.91,5.76,0.300000000,41.47,138,234,21,Tuesday,9,138,LaGuardia Airport,Queens
2,2018-02-12 00:47:55,2018-02-12 01:05:04,1,11.6,1,N,1,31.5,0.500000000,0.500000000,7.71,5.76,0.300000000,46.27,138,137,0,Monday,2,138,LaGuardia Airport,Queens
1,2018-12-02 15:49:39,2018-12-02 16:32:06,1,9.5,1,N,1,34.5,0E-9,0.500000000,8.2,5.76,0.300000000,49.26,138,48,15,Sunday,12,138,LaGuardia Airport,Queens
1,2018-07-19 13:37:43,2018-07-19 14:09:38,1,8.7,1,N,1,30.5,0E-9,0.500000000,7.4,5.76,0.300000000,44.46,138,164,13,Thursday,7,138,LaGuardia Airport,Queens
2,2018-03-22 12:19:45,2018-03-22 12:50:26,1,10.52,1,N,1,34.5,0E-9,0.500000000,8.21,5.76,0.300000000,49.27,138,230,12,Thursday,3,138,LaGuardia Airport,Queens
4,2018-12-26 19:52:00,2018-12-26 20:21:19,1,8.18,1,N,1,29.0,1.000000000,0.500000000,9.0,5.76,0.300000000,45.56,138,230,19,Wednesday,12,138,LaGuardia Airport,Queens
2,2018-10-07 21:15:30,2018-10-07 21:46:30,1,13.9,4,N,1,37.5,0.500000000,0.500000000,11.64,0.0,0.300000000,50.44,138,265,21,Sunday,10,138,LaGuardia Airport,Queens
1,2018-05-07 12:39:53,2018-05-07 13:08:41,1,10.1,1,N,1,32.0,0E-9,0.500000000,9.6,5.76,0.300000000,48.16,138,249,12,Monday,5,138,LaGuardia Airport,Queens
2,2018-02-12 22:52:58,2018-02-12 23:20:22,2,11.76,1,N,1,35.5,0.500000000,0.500000000,9.2,0.0,0.300000000,46.0,138,68,22,Monday,2,138,LaGuardia Airport,Queens
2,2018-11-14 09:59:20,2018-11-14 10:24:36,1,7.99,1,N,1,24.5,0E-9,0.500000000,6.21,5.76,0.300000000,37.27,138,262,9,Wednesday,11,138,LaGuardia Airport,Queens
2,2018-08-02 18:31:50,2018-08-02 18:56:09,1,9.52,1,N,1,28.0,1.000000000,0.500000000,7.11,5.76,0.300000000,42.67,138,237,18,Thursday,8,138,LaGuardia Airport,Queens
1,2018-08-12 20:47:51,2018-08-12 21:11:45,0,9.8,1,N,1,29.5,0.500000000,0.500000000,7.3,5.76,0.300000000,43.86,138,68,20,Sunday,8,138,LaGuardia Airport,Queens
2,2018-10-21 13:52:50,2018-10-21 14:35:55,5,9.89,1,N,1,34.0,0E-9,0.500000000,8.11,5.76,0.300000000,48.67,138,239,13,Sunday,10,138,LaGuardia Airport,Queens
2,2018-07-11 09:36:12,2018-07-11 10:16:28,1,12.52,1,N,1,41.5,0E-9,0.500000000,9.61,5.76,0.300000000,57.67,138,230,9,Wednesday,7,138,LaGuardia Airport,Queens
2,2018-04-20 20:19:38,2018-04-20 20:36:08,2,8.66,1,N,1,24.5,0.500000000,0.500000000,6.31,5.76,0.300000000,37.87,138,140,20,Friday,4,138,LaGuardia Airport,Queens
2,2018-03-23 15:47:59,2018-03-23 16:23:58,1,8.44,1,N,1,30.0,0E-9,0.500000000,6.0,5.76,0.300000000,42.56,138,164,15,Friday,3,138,LaGuardia Airport,Queens
2,2018-01-25 17:53:37,2018-01-25 18:42:23,1,8.91,1,N,1,37.5,1.000000000,0.500000000,8.0,5.76,0.300000000,53.06,138,170,17,Thursday,1,138,LaGuardia Airport,Queens
2,2018-12-17 08:34:24,2018-12-17 09:21:34,1,10.61,1,N,1,37.0,0E-9,0.500000000,7.84,5.76,0.300000000,51.4,138,161,8,Monday,12,138,LaGuardia Airport,Queens
2,2018-04-10 10:56:03,2018-04-10 11:25:26,1,9.87,1,N,1,31.5,0E-9,0.500000000,7.61,5.76,0.300000000,45.67,138,162,10,Tuesday,4,138,LaGuardia Airport,Queens
1,2018-06-11 09:35:17,2018-06-11 10:31:18,1,14.8,1,N,1,47.5,0E-9,0.500000000,6.0,5.76,0.300000000,60.06,138,231,9,Monday,6,138,LaGuardia Airport,Queens
2,2018-03-23 23:10:19,2018-03-23 23:40:20,1,10.37,1,N,1,33.5,0.500000000,0.500000000,10.14,5.76,0.300000000,50.7,138,68,23,Friday,3,138,LaGuardia Airport,Queens
1,2018-02-22 12:04:11,2018-02-22 12:46:01,1,10.5,1,N,1,36.0,0E-9,0.500000000,8.5,5.76,0.300000000,51.06,138,143,12,Thursday,2,138,LaGuardia Airport,Queens
2,2018-03-12 23:37:33,2018-03-12 23:55:52,1,8.8,1,N,1,25.0,0.500000000,0.500000000,6.41,5.76,0.300000000,38.47,138,161,23,Monday,3,138,LaGuardia Airport,Queens
1,2018-11-27 00:09:02,2018-11-27 00:27:00,3,7.9,1,N,1,24.0,0.500000000,0.500000000,6.2,5.76,0.300000000,37.26,138,170,0,Tuesday,11,138,LaGuardia Airport,Queens
2,2018-12-29 17:58:46,2018-12-29 18:17:50,3,8.56,1,N,1,25.5,0E-9,0.500000000,6.41,5.76,0.300000000,38.47,138,208,17,Saturday,12,138,LaGuardia Airport,Queens
2,2018-08-06 12:22:45,2018-08-06 12:53:42,1,8.35,1,N,1,28.0,0E-9,0.500000000,5.44,5.76,0.300000000,40.0,138,151,12,Monday,8,138,LaGuardia Airport,Queens
2,2018-09-17 21:52:40,2018-09-17 22:13:23,1,10.6,1,N,1,30.0,0.500000000,0.500000000,9.39,0.0,0.300000000,40.69,138,79,21,Monday,9,138,LaGuardia Airport,Queens
2,2018-11-02 13:32:49,2018-11-02 14:04:23,1,9.53,1,N,1,27.5,0E-9,0.500000000,7.0,5.76,0.300000000,41.06,138,239,13,Friday,11,138,LaGuardia Airport,Queens
2,2018-03-14 17:50:38,2018-03-14 18:22:42,1,10.59,1,N,1,33.0,1.000000000,0.500000000,8.11,5.76,0.300000000,48.67,138,161,17,Wednesday,3,138,LaGuardia Airport,Queens
2,2018-08-25 11:13:30,2018-08-25 11:36:56,1,9.84,1,N,1,30.0,0E-9,0.500000000,5.48,5.76,0.300000000,42.04,138,163,11,Saturday,8,138,LaGuardia Airport,Queens
2,2018-11-05 15:58:30,2018-11-05 16:55:34,1,11.92,1,N,1,43.0,1.000000000,0.500000000,10.11,5.76,0.300000000,60.67,138,87,15,Monday,11,138,LaGuardia Airport,Queens
2,2018-10-22 19:42:13,2018-10-22 20:02:34,1,8.11,1,N,1,25.5,1.000000000,0.500000000,6.61,5.76,0.300000000,39.67,138,170,19,Monday,10,138,LaGuardia Airport,Queens
2,2018-07-12 19:02:06,2018-07-12 19:40:06,1,9.02,1,N,1,31.5,1.000000000,0.500000000,6.66,0.0,0.300000000,39.96,138,17,19,Thursday,7,138,LaGuardia Airport,Queens
2,2018-03-01 13:50:56,2018-03-01 14:14:53,5,11.83,1,N,1,34.0,0E-9,0.500000000,10.14,5.76,0.300000000,50.7,138,107,13,Thursday,3,138,LaGuardia Airport,Queens
2,2018-03-15 16:39:15,2018-03-15 17:35:18,1,10.82,1,N,1,41.0,1.000000000,0.500000000,9.71,5.76,0.300000000,58.27,138,125,16,Thursday,3,138,LaGuardia Airport,Queens
2,2018-02-28 21:40:30,2018-02-28 22:06:22,1,11.78,1,N,1,35.0,0.500000000,0.500000000,8.41,5.76,0.300000000,50.47,138,164,21,Wednesday,2,138,LaGuardia Airport,Queens
2,2018-04-22 22:02:39,2018-04-22 22:25:11,1,11.12,1,N,1,32.5,0.500000000,0.500000000,6.76,0.0,0.300000000,40.56,138,97,22,Sunday,4,138,LaGuardia Airport,Queens
2,2018-01-14 17:22:53,2018-01-14 17:50:32,1,10.85,1,N,1,32.5,0E-9,0.500000000,7.81,5.76,0.300000000,46.87,138,79,17,Sunday,1,138,LaGuardia Airport,Queens
2,2018-07-16 12:56:16,2018-07-16 13:13:56,5,7.33,1,N,1,22.5,0E-9,0.500000000,4.66,0.0,0.300000000,27.96,138,130,12,Monday,7,138,LaGuardia Airport,Queens
2,2018-07-24 19:42:43,2018-07-24 20:01:32,1,9.0,1,N,1,26.5,1.000000000,0.500000000,5.66,0.0,0.300000000,33.96,138,148,19,Tuesday,7,138,LaGuardia Airport,Queens
2,2018-01-29 09:07:03,2018-01-29 09:45:14,2,16.21,1,N,1,47.0,0E-9,0.500000000,10.71,5.76,0.300000000,64.27,138,13,9,Monday,1,138,LaGuardia Airport,Queens
1,2018-06-04 21:56:34,2018-06-04 22:18:50,1,11.3,1,N,1,32.5,0.500000000,0.500000000,8.0,5.76,0.300000000,47.56,138,161,21,Monday,6,138,LaGuardia Airport,Queens
2,2018-08-27 19:03:30,2018-08-27 19:31:20,2,10.84,1,N,1,33.0,1.000000000,0.500000000,9.0,0.0,0.300000000,43.8,138,249,19,Monday,8,138,LaGuardia Airport,Queens
2,2018-10-01 19:55:09,2018-10-01 20:16:22,1,9.41,1,N,1,28.0,1.000000000,0.500000000,10.67,5.76,0.300000000,46.23,138,234,19,Monday,10,138,LaGuardia Airport,Queens
2,2018-06-22 11:29:36,2018-06-22 11:54:42,1,9.9,1,N,1,30.0,0E-9,0.500000000,7.31,5.76,0.300000000,43.87,138,234,11,Friday,6,138,LaGuardia Airport,Queens
1,2018-03-26 21:26:15,2018-03-26 21:51:46,1,8.5,1,N,1,27.0,0.500000000,0.500000000,6.8,5.76,0.300000000,40.86,138,162,21,Monday,3,138,LaGuardia Airport,Queens
1,2018-09-10 17:56:40,2018-09-10 18:26:56,1,11.5,1,N,1,34.0,1.000000000,0.500000000,7.15,0.0,0.300000000,42.95,138,211,17,Monday,9,138,LaGuardia Airport,Queens
2,2018-10-01 12:10:14,2018-10-01 12:43:44,2,10.05,1,N,1,34.5,0E-9,0.500000000,8.21,5.76,0.300000000,49.27,138,43,12,Monday,10,138,LaGuardia Airport,Queens
1,2018-10-11 11:48:47,2018-10-11 12:39:10,1,8.3,1,N,1,36.5,0E-9,0.500000000,6.5,5.76,0.300000000,49.56,138,161,11,Thursday,10,138,LaGuardia Airport,Queens
2,2018-04-13 17:14:46,2018-04-13 17:56:23,6,9.13,1,N,1,31.5,1.000000000,0.500000000,7.0,5.76,0.300000000,46.06,138,237,17,Friday,4,138,LaGuardia Airport,Queens
2,2018-10-25 08:03:55,2018-10-25 08:56:07,2,12.38,1,N,1,42.5,0E-9,0.500000000,7.36,5.76,0.300000000,56.42,138,163,8,Thursday,10,138,LaGuardia Airport,Queens
2,2018-09-12 19:36:26,2018-09-12 20:16:05,1,10.8,1,N,1,36.0,1.000000000,0.500000000,8.71,5.76,0.300000000,52.27,138,230,19,Wednesday,9,138,LaGuardia Airport,Queens
2,2018-03-18 22:48:34,2018-03-18 23:07:19,2,9.96,1,N,1,28.5,0.500000000,0.500000000,7.11,5.76,0.300000000,42.67,138,238,22,Sunday,3,138,LaGuardia Airport,Queens
1,2018-11-28 19:37:10,2018-11-28 19:57:21,1,8.8,1,N,1,26.5,1.000000000,0.500000000,5.66,0.0,0.300000000,33.96,138,49,19,Wednesday,11,138,LaGuardia Airport,Queens
1,2018-05-14 11:41:30,2018-05-14 12:10:59,1,10.8,1,N,1,32.0,0E-9,0.500000000,4.0,5.76,0.300000000,42.56,138,162,11,Monday,5,138,LaGuardia Airport,Queens
2,2018-03-28 14:48:11,2018-03-28 15:30:25,4,10.86,1,N,1,36.0,0E-9,0.500000000,8.51,5.76,0.300000000,51.07,138,230,14,Wednesday,3,138,LaGuardia Airport,Queens
1,2018-05-03 19:23:21,2018-05-03 19:59:32,1,8.7,1,N,1,30.0,1.000000000,0.500000000,7.5,5.76,0.300000000,45.06,138,141,19,Thursday,5,138,LaGuardia Airport,Queens
1,2018-02-26 22:19:00,2018-02-26 22:45:55,1,9.8,1,N,1,31.0,0.500000000,0.500000000,6.45,0.0,0.300000000,38.75,138,61,22,Monday,2,138,LaGuardia Airport,Queens
2,2018-09-21 16:29:46,2018-09-21 16:53:39,1,6.15,1,N,1,21.5,1.000000000,0.500000000,5.82,0.0,0.300000000,29.12,138,145,16,Friday,9,138,LaGuardia Airport,Queens
2,2018-10-02 12:55:26,2018-10-02 13:28:03,2,9.88,1,N,1,32.5,0E-9,0.500000000,9.76,5.76,0.300000000,48.82,138,162,12,Tuesday,10,138,LaGuardia Airport,Queens
1,2018-03-26 20:15:38,2018-03-26 20:46:11,1,12.0,1,N,1,36.5,0.500000000,0.500000000,8.7,5.76,0.300000000,52.26,138,48,20,Monday,3,138,LaGuardia Airport,Queens
2,2018-03-16 16:41:36,2018-03-16 17:37:10,3,9.22,1,N,1,35.0,1.000000000,0.500000000,10.64,5.76,0.300000000,53.2,138,263,16,Friday,3,138,LaGuardia Airport,Queens
2,2018-07-19 23:03:30,2018-07-19 23:33:15,2,10.93,1,N,2,34.0,0.500000000,0.500000000,0.0,0.0,0.300000000,35.3,138,61,23,Thursday,7,138,LaGuardia Airport,Queens
1,2018-10-27 00:29:38,2018-10-27 00:58:17,2,12.4,1,N,1,36.5,0.500000000,0.500000000,8.7,5.76,0.300000000,52.26,138,48,0,Saturday,10,138,LaGuardia Airport,Queens
2,2018-08-08 22:33:14,2018-08-08 22:59:14,1,9.0,1,N,1,28.0,0.500000000,0.500000000,7.01,5.76,0.300000000,42.07,138,166,22,Wednesday,8,138,LaGuardia Airport,Queens
2,2018-03-29 16:55:13,2018-03-29 17:48:19,5,9.65,1,N,1,35.0,1.000000000,0.500000000,7.36,0.0,0.300000000,44.16,138,65,16,Thursday,3,138,LaGuardia Airport,Queens
1,2018-09-13 09:16:42,2018-09-13 10:34:23,1,10.6,1,N,1,49.5,0E-9,0.500000000,14.0,5.76,0.300000000,70.06,138,211,9,Thursday,9,138,LaGuardia Airport,Queens
1,2018-05-23 08:46:09,2018-05-23 09:42:10,1,8.2,1,N,1,37.0,0E-9,0.500000000,9.45,0.0,0.300000000,47.25,138,163,8,Wednesday,5,138,LaGuardia Airport,Queens
2,2018-03-17 10:55:32,2018-03-17 11:34:14,1,12.06,1,N,1,39.0,0E-9,0.500000000,9.11,5.76,0.300000000,54.67,138,237,10,Saturday,3,138,LaGuardia Airport,Queens
1,2018-08-09 17:14:57,2018-08-09 17:59:40,1,11.0,1,N,1,37.5,1.000000000,0.500000000,7.85,0.0,0.300000000,47.15,138,113,17,Thursday,8,138,LaGuardia Airport,Queens
2,2018-03-03 13:28:38,2018-03-03 14:08:53,1,12.49,1,N,1,39.5,0E-9,0.500000000,12.09,0.0,0.300000000,52.39,138,205,13,Saturday,3,138,LaGuardia Airport,Queens
2,2018-01-22 17:04:15,2018-01-22 17:41:42,1,11.34,1,N,2,34.0,1.000000000,0.500000000,0.0,5.76,0.300000000,41.56,138,241,17,Monday,1,138,LaGuardia Airport,Queens
2,2018-06-09 14:19:33,2018-06-09 14:41:51,1,10.02,1,N,2,30.0,0E-9,0.500000000,0.0,5.76,0.300000000,36.56,138,213,14,Saturday,6,138,LaGuardia Airport,Queens
1,2018-06-25 14:10:29,2018-06-25 14:46:37,3,12.6,1,N,1,39.0,0E-9,0.500000000,9.1,5.76,0.300000000,54.66,138,234,14,Monday,6,138,LaGuardia Airport,Queens
1,2018-10-19 15:29:52,2018-10-19 16:17:41,1,12.1,1,N,2,38.5,0E-9,0.500000000,0.0,0.0,0.300000000,39.3,138,132,15,Friday,10,138,LaGuardia Airport,Queens
1,2018-05-25 15:59:32,2018-05-25 16:43:04,1,9.1,1,N,1,33.5,1.000000000,0.500000000,10.25,5.76,0.300000000,51.31,138,161,15,Friday,5,138,LaGuardia Airport,Queens
1,2018-04-19 18:10:22,2018-04-19 19:00:49,1,9.4,1,N,2,37.0,1.000000000,0.500000000,0.0,5.76,0.300000000,44.56,138,164,18,Thursday,4,138,LaGuardia Airport,Queens
2,2018-02-25 18:02:02,2018-02-25 18:19:36,1,7.9,1,N,1,23.5,0E-9,0.500000000,2.5,0.0,0.300000000,26.8,138,255,18,Sunday,2,138,LaGuardia Airport,Queens
1,2018-05-15 21:20:11,2018-05-15 21:36:29,1,7.4,1,N,1,22.0,0.500000000,0.500000000,5.8,5.76,0.300000000,34.86,138,42,21,Tuesday,5,138,LaGuardia Airport,Queens
2,2018-03-08 07:43:30,2018-03-08 08:27:11,1,8.72,1,N,1,32.5,0E-9,0.500000000,7.81,5.76,0.300000000,46.87,138,238,7,Thursday,3,138,LaGuardia Airport,Queens
2,2018-05-03 21:02:26,2018-05-03 21:38:05,1,13.55,1,N,1,41.5,0.500000000,0.500000000,9.71,5.76,0.300000000,58.27,138,249,21,Thursday,5,138,LaGuardia Airport,Queens
1,2018-02-12 21:53:33,2018-02-12 22:13:06,1,7.7,1,N,1,23.0,0.500000000,0.500000000,4.85,0.0,0.300000000,29.15,138,141,21,Monday,2,138,LaGuardia Airport,Queens
2,2018-05-16 16:36:48,2018-05-16 17:38:53,1,16.84,5,N,2,95.0,0E-9,0.500000000,0.0,5.76,0.300000000,101.56,138,265,16,Wednesday,5,138,LaGuardia Airport,Queens
1,2018-02-20 17:31:29,2018-02-20 17:56:53,1,9.9,1,N,1,29.5,1.000000000,0.500000000,7.4,5.76,0.300000000,44.46,138,237,17,Tuesday,2,138,LaGuardia Airport,Queens
1,2018-03-29 13:14:25,2018-03-29 13:49:54,1,11.1,1,N,1,36.0,0E-9,0.500000000,8.5,5.76,0.300000000,51.06,138,48,13,Thursday,3,138,LaGuardia Airport,Queens
2,2018-05-19 21:26:17,2018-05-19 22:01:56,4,11.98,1,N,1,37.5,0.500000000,0.500000000,0.0,0.0,0.300000000,38.8,138,188,21,Saturday,5,138,LaGuardia Airport,Queens
1,2018-01-27 09:32:03,2018-01-27 10:01:09,1,7.9,1,N,1,27.0,0E-9,0.500000000,0.0,0.0,0.300000000,27.8,138,141,9,Saturday,1,138,LaGuardia Airport,Queens
2,2018-03-22 22:32:53,2018-03-22 22:46:41,1,7.44,1,N,1,21.5,0.500000000,0.500000000,5.71,5.76,0.300000000,34.27,138,262,22,Thursday,3,138,LaGuardia Airport,Queens
2,2018-05-20 09:41:47,2018-05-20 09:57:52,2,7.2,1,N,2,22.0,0E-9,0.500000000,0.0,5.76,0.300000000,28.56,138,41,9,Sunday,5,138,LaGuardia Airport,Queens
1,2018-06-12 12:47:43,2018-06-12 13:10:59,1,9.5,1,N,2,28.5,0E-9,0.500000000,0.0,0.0,0.300000000,29.3,138,102,12,Tuesday,6,138,LaGuardia Airport,Queens
2,2018-08-14 09:33:56,2018-08-14 10:21:14,2,11.23,1,N,1,39.0,0E-9,0.500000000,6.83,5.76,0.300000000,52.39,138,125,9,Tuesday,8,138,LaGuardia Airport,Queens
2,2018-10-24 09:10:53,2018-10-24 10:05:28,1,9.29,1,N,1,37.5,0E-9,0.500000000,8.81,5.76,0.300000000,52.87,138,230,9,Wednesday,10,138,LaGuardia Airport,Queens
4,2018-10-09 13:33:10,2018-10-09 14:20:08,1,21.14,1,N,2,60.0,0E-9,0.500000000,0.0,0.0,0.300000000,60.8,138,29,13,Tuesday,10,138,LaGuardia Airport,Queens
1,2018-10-09 13:03:44,2018-10-09 13:44:30,1,10.1,1,N,1,34.0,0E-9,0.500000000,0.0,0.0,0.300000000,34.8,138,189,13,Tuesday,10,138,LaGuardia Airport,Queens
2,2018-03-14 09:43:59,2018-03-14 10:23:26,1,6.42,1,N,1,28.5,0E-9,0.500000000,0.0,0.0,0.300000000,29.3,138,163,9,Wednesday,3,138,LaGuardia Airport,Queens
2,2018-08-05 13:02:33,2018-08-05 13:37:00,1,10.33,1,N,2,34.5,0E-9,0.500000000,0.0,5.76,0.300000000,41.06,138,68,13,Sunday,8,138,LaGuardia Airport,Queens
2,2018-04-01 12:17:11,2018-04-01 12:38:43,5,13.01,1,N,1,36.0,0E-9,0.500000000,0.0,0.0,0.300000000,36.8,138,132,12,Sunday,4,138,LaGuardia Airport,Queens
1,2018-02-02 22:21:51,2018-02-02 22:36:46,1,8.2,1,N,3,24.5,0.500000000,0.500000000,0.0,0.0,0.300000000,25.8,138,216,22,Friday,2,138,LaGuardia Airport,Queens
2,2018-07-28 19:00:33,2018-07-28 19:58:23,1,17.44,1,N,1,55.5,0E-9,0.500000000,0.0,0.0,0.300000000,56.3,138,121,19,Saturday,7,138,LaGuardia Airport,Queens
2,2018-03-23 23:19:41,2018-03-23 23:41:48,1,10.38,1,N,2,30.5,0.500000000,0.500000000,0.0,5.76,0.300000000,37.56,138,170,23,Friday,3,138,LaGuardia Airport,Queens
1,2018-03-02 16:13:16,2018-03-02 16:41:03,1,7.5,1,N,2,23.0,1.000000000,0.500000000,0.0,0.0,0.300000000,24.8,138,28,16,Friday,3,138,LaGuardia Airport,Queens
2,2018-12-06 22:55:44,2018-12-06 23:21:30,2,9.19,1,N,1,29.0,0.500000000,0.500000000,6.06,0.0,0.300000000,36.36,138,43,22,Thursday,12,138,LaGuardia Airport,Queens
2,2018-01-09 14:50:55,2018-01-09 15:26:20,5,10.3,1,N,2,34.0,0E-9,0.500000000,0.0,5.76,0.300000000,40.56,138,211,14,Tuesday,1,138,LaGuardia Airport,Queens
1,2018-03-25 08:45:32,2018-03-25 09:11:54,1,11.6,1,N,2,34.5,0E-9,0.500000000,0.0,5.76,0.300000000,41.06,138,142,8,Sunday,3,138,LaGuardia Airport,Queens
2,2018-06-06 17:46:28,2018-06-06 18:43:49,1,10.36,1,N,2,38.0,1.000000000,0.500000000,0.0,5.76,0.300000000,45.56,138,239,17,Wednesday,6,138,LaGuardia Airport,Queens
1,2018-09-01 10:12:48,2018-09-01 10:32:01,2,8.6,1,N,2,25.5,0E-9,0.500000000,0.0,5.76,0.300000000,32.06,138,161,10,Saturday,9,138,LaGuardia Airport,Queens
2,2018-06-22 13:48:19,2018-06-22 14:15:49,1,9.79,1,N,1,30.5,0E-9,0.500000000,7.41,5.76,0.300000000,44.47,138,229,13,Friday,6,138,LaGuardia Airport,Queens
2,2018-10-02 23:52:09,2018-10-03 00:09:45,2,9.48,1,N,1,27.5,0.500000000,0.500000000,5.76,0.0,0.300000000,34.56,138,4,23,Tuesday,10,138,LaGuardia Airport,Queens
2,2018-09-02 15:35:17,2018-09-02 16:15:00,6,13.74,1,N,1,42.0,0E-9,0.500000000,0.0,0.0,0.300000000,42.8,145,123,15,Sunday,9,145,Long Island City/Hunters Point,Queens
2,2018-06-29 17:43:59,2018-06-29 18:24:47,1,8.39,1,N,1,32.0,1.000000000,0.500000000,5.0,0.0,0.300000000,38.8,138,130,17,Friday,6,138,LaGuardia Airport,Queens
2,2018-07-23 00:02:40,2018-07-23 00:22:21,2,9.16,1,N,1,27.0,0.500000000,0.500000000,5.0,5.76,0.300000000,39.06,138,230,0,Monday,7,138,LaGuardia Airport,Queens
2,2018-09-17 13:56:03,2018-09-17 14:24:36,1,12.37,1,N,1,36.0,0E-9,0.500000000,5.0,0.0,0.300000000,41.8,138,132,13,Monday,9,138,LaGuardia Airport,Queens
1,2018-10-16 20:33:13,2018-10-16 20:54:08,1,11.6,1,N,1,32.0,0.500000000,0.500000000,5.0,5.76,0.300000000,44.06,138,79,20,Tuesday,10,138,LaGuardia Airport,Queens
2,2018-04-29 23:54:41,2018-04-30 00:11:28,1,8.59,1,N,1,24.5,0.500000000,0.500000000,5.0,5.76,0.300000000,36.56,138,107,23,Sunday,4,138,LaGuardia Airport,Queens
2,2018-06-13 22:33:42,2018-06-13 22:59:09,2,8.5,1,N,1,27.0,0.500000000,0.500000000,3.0,0.0,0.300000000,31.3,138,145,22,Wednesday,6,138,LaGuardia Airport,Queens
2,2018-02-05 19:47:39,2018-02-05 20:09:22,5,11.22,1,N,1,32.5,1.000000000,0.500000000,6.0,0.0,0.300000000,40.3,138,181,19,Monday,2,138,LaGuardia Airport,Queens
2,2018-08-18 16:15:10,2018-08-18 16:35:32,3,11.07,1,N,1,31.0,0E-9,0.500000000,7.51,5.76,0.300000000,45.07,138,233,16,Saturday,8,138,LaGuardia Airport,Queens
2,2018-03-06 15:16:03,2018-03-06 15:41:55,2,8.26,1,N,1,26.5,0E-9,0.500000000,5.0,5.76,0.300000000,38.06,138,262,15,Tuesday,3,138,LaGuardia Airport,Queens
2,2018-06-25 12:39:49,2018-06-25 13:13:21,1,10.67,1,N,1,34.0,0E-9,0.500000000,6.96,0.0,0.300000000,41.76,138,113,12,Monday,6,138,LaGuardia Airport,Queens
2,2018-04-05 14:31:08,2018-04-05 15:15:27,2,12.8,1,N,1,42.5,0E-9,0.500000000,9.81,5.76,0.300000000,58.87,138,90,14,Thursday,4,138,LaGuardia Airport,Queens
1,2018-04-27 23:41:17,2018-04-28 00:02:17,1,10.0,1,N,1,28.5,0.500000000,0.500000000,0.0,0.0,0.300000000,29.8,138,75,23,Friday,4,138,LaGuardia Airport,Queens
1,2018-03-25 15:29:06,2018-03-25 16:48:48,1,8.6,1,N,1,52.0,0E-9,0.500000000,11.7,5.76,0.300000000,70.26,138,164,15,Sunday,3,138,LaGuardia Airport,Queens
2,2018-12-26 07:41:07,2018-12-26 07:56:44,1,9.53,1,N,2,27.0,0E-9,0.500000000,0.0,5.76,0.300000000,33.56,138,140,7,Wednesday,12,138,LaGuardia Airport,Queens
1,2018-06-07 22:39:01,2018-06-07 23:00:41,1,9.7,1,N,1,28.0,0.500000000,0.500000000,7.0,5.76,0.300000000,42.06,138,107,22,Thursday,6,138,LaGuardia Airport,Queens
2,2018-03-19 09:29:16,2018-03-19 10:09:39,1,8.13,1,N,1,30.5,0E-9,0.500000000,7.41,5.76,0.300000000,44.47,138,161,9,Monday,3,138,LaGuardia Airport,Queens
1,2018-06-27 22:36:20,2018-06-27 22:58:15,1,9.1,1,N,1,27.5,0.500000000,0.500000000,8.6,5.76,0.300000000,43.16,138,140,22,Wednesday,6,138,LaGuardia Airport,Queens
2,2018-04-17 18:40:47,2018-04-17 19:11:59,1,9.84,1,N,1,32.0,1.000000000,0.500000000,7.91,5.76,0.300000000,47.47,138,238,18,Tuesday,4,138,LaGuardia Airport,Queens
2,2018-05-16 23:22:30,2018-05-16 23:39:56,1,7.91,1,N,1,23.5,0.500000000,0.500000000,6.11,5.76,0.300000000,36.67,138,233,23,Wednesday,5,138,LaGuardia Airport,Queens
2,2018-01-31 19:13:10,2018-01-31 19:32:15,5,7.95,1,N,2,24.0,1.000000000,0.500000000,0.0,5.76,0.300000000,31.56,138,41,19,Wednesday,1,138,LaGuardia Airport,Queens
2,2018-11-19 11:23:58,2018-11-19 11:51:09,2,10.05,1,N,1,30.5,0E-9,0.500000000,7.41,5.76,0.300000000,44.47,138,20,11,Monday,11,138,LaGuardia Airport,Queens
2,2018-09-04 18:44:25,2018-09-04 19:18:23,1,9.23,1,N,1,32.0,1.000000000,0.500000000,7.91,5.76,0.300000000,47.47,138,48,18,Tuesday,9,138,LaGuardia Airport,Queens
2,2018-03-10 11:02:01,2018-03-10 11:20:01,5,13.07,1,N,1,35.0,0E-9,0.500000000,8.95,0.0,0.300000000,44.75,138,132,11,Saturday,3,138,LaGuardia Airport,Queens
4,2018-11-08 20:47:29,2018-11-08 21:15:35,1,11.26,1,N,1,33.0,0.500000000,0.500000000,6.86,0.0,0.300000000,41.16,138,132,20,Thursday,11,138,LaGuardia Airport,Queens
2,2018-05-17 22:05:03,2018-05-17 22:19:25,1,7.27,1,N,1,21.5,0.500000000,0.500000000,4.56,0.0,0.300000000,27.36,138,28,22,Thursday,5,138,LaGuardia Airport,Queens
1,2018-03-20 20:58:32,2018-03-20 21:15:14,2,9.2,1,N,1,26.5,0.500000000,0.500000000,4.0,5.76,0.300000000,37.56,138,141,20,Tuesday,3,138,LaGuardia Airport,Queens
2,2018-08-01 20:52:37,2018-08-01 21:19:59,1,11.85,1,N,1,35.0,0.500000000,0.500000000,8.41,5.76,0.300000000,50.47,138,239,20,Wednesday,8,138,LaGuardia Airport,Queens
2,2018-11-21 08:40:48,2018-11-21 09:26:25,2,8.94,1,N,1,33.5,0E-9,0.500000000,6.86,0.0,0.300000000,41.16,138,225,8,Wednesday,11,138,LaGuardia Airport,Queens
2,2018-07-06 20:52:27,2018-07-06 21:18:05,1,11.89,1,N,1,35.0,0.500000000,0.500000000,8.41,5.76,0.300000000,50.47,138,230,20,Friday,7,138,LaGuardia Airport,Queens
2,2018-09-07 09:07:37,2018-09-07 10:05:04,1,10.18,1,N,1,39.5,0E-9,0.500000000,9.21,5.76,0.300000000,55.27,138,163,9,Friday,9,138,LaGuardia Airport,Queens
2,2018-05-17 21:15:01,2018-05-17 21:40:57,1,9.3,1,N,1,29.5,0.500000000,0.500000000,7.31,5.76,0.300000000,43.87,138,164,21,Thursday,5,138,LaGuardia Airport,Queens
2,2018-03-19 18:19:27,2018-03-19 18:51:35,1,11.95,1,N,1,35.5,1.000000000,0.500000000,8.61,5.76,0.300000000,51.67,138,164,18,Monday,3,138,LaGuardia Airport,Queens
2,2018-11-01 11:36:23,2018-11-01 12:08:18,6,9.85,1,N,1,30.5,0E-9,0.500000000,6.26,0.0,0.300000000,37.56,138,65,11,Thursday,11,138,LaGuardia Airport,Queens
2,2018-03-12 10:01:22,2018-03-12 10:35:00,4,10.02,1,N,1,30.0,0E-9,0.500000000,9.14,5.76,0.300000000,45.7,138,162,10,Monday,3,138,LaGuardia Airport,Queens
1,2018-07-08 21:47:14,2018-07-08 22:20:59,1,10.6,1,N,1,34.0,0.500000000,0.500000000,8.8,0.0,0.300000000,44.1,138,25,21,Sunday,7,138,LaGuardia Airport,Queens
2,2018-09-05 18:33:21,2018-09-05 19:12:01,2,10.07,1,N,1,35.5,1.000000000,0.500000000,8.61,5.76,0.300000000,51.67,138,144,18,Wednesday,9,138,LaGuardia Airport,Queens
2,2018-11-19 19:28:19,2018-11-19 19:53:04,1,10.31,1,N,1,30.0,1.000000000,0.500000000,11.27,5.76,0.300000000,48.83,138,237,19,Monday,11,138,LaGuardia Airport,Queens
2,2018-05-17 16:39:54,2018-05-17 17:31:27,1,8.85,1,N,1,37.5,1.000000000,0.500000000,11.26,5.76,0.300000000,56.32,138,186,16,Thursday,5,138,LaGuardia Airport,Queens
2,2018-08-23 15:45:08,2018-08-23 16:22:41,1,11.93,1,N,1,36.0,0E-9,0.500000000,8.51,5.76,0.300000000,51.07,138,224,15,Thursday,8,138,LaGuardia Airport,Queens
2,2018-08-12 10:26:58,2018-08-12 10:48:03,1,9.36,1,N,1,28.0,0E-9,0.500000000,8.64,5.76,0.300000000,43.2,138,244,10,Sunday,8,138,LaGuardia Airport,Queens
2,2018-03-12 10:55:25,2018-03-12 11:40:31,4,18.43,1,N,1,55.0,0E-9,0.500000000,15.39,5.76,0.300000000,76.95,138,161,10,Monday,3,138,LaGuardia Airport,Queens
1,2018-03-29 13:15:38,2018-03-29 13:49:00,2,8.6,1,N,1,30.0,0E-9,0.500000000,9.1,5.76,0.300000000,45.66,138,164,13,Thursday,3,138,LaGuardia Airport,Queens
1,2018-05-17 22:54:32,2018-05-17 23:12:30,1,9.4,1,N,1,26.5,0.500000000,0.500000000,6.71,5.76,0.300000000,40.27,138,107,22,Thursday,5,138,LaGuardia Airport,Queens
2,2018-09-17 09:38:01,2018-09-17 10:30:26,2,7.76,1,N,1,35.5,0E-9,0.500000000,7.26,0.0,0.300000000,43.56,138,161,9,Monday,9,138,LaGuardia Airport,Queens
1,2018-03-22 23:46:32,2018-03-23 00:03:12,1,9.6,1,N,1,27.5,0.500000000,0.500000000,5.75,0.0,0.300000000,34.55,138,79,23,Thursday,3,138,LaGuardia Airport,Queens
1,2018-08-14 10:47:47,2018-08-14 11:36:07,3,10.3,1,N,1,37.5,0E-9,0.500000000,8.8,5.76,0.300000000,52.86,138,163,10,Tuesday,8,138,LaGuardia Airport,Queens
1,2018-12-26 11:39:11,2018-12-26 12:13:19,1,9.5,1,N,1,33.0,0E-9,0.500000000,10.1,0.0,0.300000000,43.9,138,163,11,Wednesday,12,138,LaGuardia Airport,Queens
2,2018-07-10 13:44:13,2018-07-10 14:17:39,3,10.54,1,N,1,34.5,0E-9,0.500000000,8.21,5.76,0.300000000,49.27,138,68,13,Tuesday,7,138,LaGuardia Airport,Queens
2,2018-05-07 16:52:12,2018-05-07 17:48:08,4,9.55,1,N,1,40.0,1.000000000,0.500000000,9.51,5.76,0.300000000,57.07,138,100,16,Monday,5,138,LaGuardia Airport,Queens
2,2018-08-04 15:27:24,2018-08-04 16:00:19,1,11.72,1,N,1,34.5,0E-9,0.500000000,8.21,5.76,0.300000000,49.27,138,90,15,Saturday,8,138,LaGuardia Airport,Queens
2,2018-04-08 18:22:07,2018-04-08 18:46:55,1,10.29,1,N,1,30.0,0E-9,0.500000000,7.31,5.76,0.300000000,43.87,138,161,18,Sunday,4,138,LaGuardia Airport,Queens
2,2018-10-22 18:54:15,2018-10-22 19:26:49,1,13.81,1,N,1,40.0,1.000000000,0.500000000,14.27,5.76,0.300000000,61.83,138,125,18,Monday,10,138,LaGuardia Airport,Queens
2,2018-12-03 18:43:05,2018-12-03 19:40:07,5,9.92,1,N,1,43.5,1.000000000,0.500000000,10.21,5.76,0.300000000,61.27,138,161,18,Monday,12,138,LaGuardia Airport,Queens
2,2018-04-27 15:04:58,2018-04-27 16:17:24,1,10.66,1,N,1,48.0,0E-9,0.500000000,9.76,0.0,0.300000000,58.56,138,33,15,Friday,4,138,LaGuardia Airport,Queens
2,2018-07-21 14:11:02,2018-07-21 14:39:17,1,10.67,1,N,1,31.5,0E-9,0.500000000,7.61,5.76,0.300000000,45.67,138,162,14,Saturday,7,138,LaGuardia Airport,Queens
2,2018-05-30 09:48:32,2018-05-30 10:40:45,1,11.86,1,N,1,39.0,0E-9,0.500000000,9.11,5.76,0.300000000,54.67,138,164,9,Wednesday,5,138,LaGuardia Airport,Queens
2,2018-04-28 11:32:45,2018-04-28 11:52:32,6,7.91,1,N,1,23.5,0E-9,0.500000000,6.01,5.76,0.300000000,36.07,138,263,11,Saturday,4,138,LaGuardia Airport,Queens
2,2018-09-09 18:43:45,2018-09-09 19:13:45,2,10.92,1,N,1,34.0,0E-9,0.500000000,6.96,0.0,0.300000000,41.76,138,249,18,Sunday,9,138,LaGuardia Airport,Queens
1,2018-04-29 23:50:52,2018-04-30 00:07:24,1,7.6,1,N,1,22.5,0.500000000,0.500000000,5.9,5.76,0.300000000,35.46,138,42,23,Sunday,4,138,LaGuardia Airport,Queens
1,2018-10-09 08:52:25,2018-10-09 10:00:07,2,15.3,1,N,1,55.0,0E-9,0.500000000,10.0,0.0,0.300000000,65.8,138,106,8,Tuesday,10,138,LaGuardia Airport,Queens
2,2018-12-18 19:00:39,2018-12-18 19:32:41,1,8.41,1,N,1,29.5,1.000000000,0.500000000,7.41,5.76,0.300000000,44.47,138,230,19,Tuesday,12,138,LaGuardia Airport,Queens
1,2018-12-18 22:27:46,2018-12-18 23:01:13,1,10.2,1,N,1,33.5,0.500000000,0.500000000,8.1,5.76,0.300000000,48.66,138,68,22,Tuesday,12,138,LaGuardia Airport,Queens
2,2018-12-05 16:16:02,2018-12-05 16:58:41,1,10.3,1,N,1,35.0,1.000000000,0.500000000,11.04,0.0,0.300000000,47.84,138,65,16,Wednesday,12,138,LaGuardia Airport,Queens
2,2018-06-20 08:11:34,2018-06-20 09:08:05,2,12.05,1,N,1,43.5,0E-9,0.500000000,12.52,5.76,0.300000000,62.58,138,100,8,Wednesday,6,138,LaGuardia Airport,Queens
1,2018-12-17 19:11:32,2018-12-17 19:38:20,1,9.6,1,N,1,30.5,1.000000000,0.500000000,11.4,5.76,0.300000000,49.46,138,161,19,Monday,12,138,LaGuardia Airport,Queens
2,2018-12-06 13:08:33,2018-12-06 13:47:47,2,16.67,1,N,1,49.0,0E-9,0.500000000,11.11,5.76,0.300000000,66.67,138,48,13,Thursday,12,138,LaGuardia Airport,Queens
1,2018-10-31 17:05:58,2018-10-31 17:34:47,1,8.7,1,N,1,28.5,1.000000000,0.500000000,10.8,5.76,0.300000000,46.86,138,170,17,Wednesday,10,138,LaGuardia Airport,Queens
2,2018-09-16 23:44:55,2018-09-17 00:11:03,1,15.82,1,N,1,43.0,0.500000000,0.500000000,7.0,0.0,0.300000000,51.3,138,89,23,Sunday,9,138,LaGuardia Airport,Queens
2,2018-09-30 07:50:53,2018-09-30 08:07:03,5,8.46,1,N,1,25.0,0E-9,0.500000000,6.31,5.76,0.300000000,37.87,138,263,7,Sunday,9,138,LaGuardia Airport,Queens
2,2018-09-18 19:19:56,2018-09-18 19:48:52,1,14.33,1,N,1,40.0,1.000000000,0.500000000,9.51,5.76,0.300000000,57.07,138,87,19,Tuesday,9,138,LaGuardia Airport,Queens
2,2018-10-01 17:46:44,2018-10-01 18:18:35,1,10.52,1,N,1,34.0,1.000000000,0.500000000,6.23,5.76,0.300000000,47.79,138,142,17,Monday,10,138,LaGuardia Airport,Queens
2,2018-12-07 07:08:12,2018-12-07 07:28:32,1,7.2,1,N,1,22.0,0E-9,0.500000000,4.56,0.0,0.300000000,27.36,138,237,7,Friday,12,138,LaGuardia Airport,Queens
1,2018-08-14 19:24:45,2018-08-14 19:51:25,1,15.2,1,N,1,41.5,1.000000000,0.500000000,9.8,5.76,0.300000000,58.86,138,13,19,Tuesday,8,138,LaGuardia Airport,Queens
2,2018-03-30 09:03:36,2018-03-30 09:51:41,1,24.53,3,N,1,86.5,0E-9,0E-9,15.55,12.5,0.300000000,114.85,138,1,9,Friday,3,138,LaGuardia Airport,Queens
2,2018-12-16 23:43:26,2018-12-17 00:01:51,1,9.45,1,N,1,27.0,0.500000000,0.500000000,6.0,5.76,0.300000000,40.06,138,141,23,Sunday,12,138,LaGuardia Airport,Queens
1,2018-01-28 15:37:59,2018-01-28 16:01:50,2,7.4,1,N,1,24.0,0E-9,0.500000000,4.95,0.0,0.300000000,29.75,138,255,15,Sunday,1,138,LaGuardia Airport,Queens
2,2018-03-15 17:47:00,2018-03-15 18:32:25,5,10.72,1,N,1,37.0,1.000000000,0.500000000,7.76,0.0,0.300000000,46.56,138,65,17,Thursday,3,138,LaGuardia Airport,Queens
1,2018-04-30 09:43:08,2018-04-30 10:17:56,1,7.3,1,N,1,27.5,0E-9,0.500000000,5.65,0.0,0.300000000,33.95,138,36,9,Monday,4,138,LaGuardia Airport,Queens
2,2018-08-27 11:44:29,2018-08-27 12:22:55,2,15.55,1,N,1,45.0,0E-9,0.500000000,12.89,5.76,0.300000000,64.45,138,261,11,Monday,8,138,LaGuardia Airport,Queens
1,2018-10-24 10:18:07,2018-10-24 10:58:07,4,11.6,1,N,1,38.5,0E-9,0.500000000,9.0,5.76,0.300000000,54.06,138,170,10,Wednesday,10,138,LaGuardia Airport,Queens
2,2018-02-14 19:33:54,2018-02-14 19:57:52,1,8.36,1,N,1,27.0,1.000000000,0.500000000,7.2,0.0,0.300000000,36.0,138,255,19,Wednesday,2,138,LaGuardia Airport,Queens
2,2018-05-01 12:12:12,2018-05-01 12:45:03,1,7.44,1,N,1,26.5,0E-9,0.500000000,5.46,0.0,0.300000000,32.76,138,162,12,Tuesday,5,138,LaGuardia Airport,Queens
2,2018-06-21 10:10:57,2018-06-21 11:18:11,6,11.44,1,N,1,44.0,0E-9,0.500000000,12.64,5.76,0.300000000,63.2,138,163,10,Thursday,6,138,LaGuardia Airport,Queens
2,2018-04-12 18:58:29,2018-04-12 19:22:09,2,6.61,1,N,1,22.5,1.000000000,0.500000000,6.01,5.76,0.300000000,36.07,138,41,18,Thursday,4,138,LaGuardia Airport,Queens
2,2018-08-06 21:34:39,2018-08-06 21:56:55,1,6.61,1,N,1,22.0,0.500000000,0.500000000,5.82,0.0,0.300000000,29.12,138,233,21,Monday,8,138,LaGuardia Airport,Queens
2,2018-06-03 16:17:40,2018-06-03 17:06:41,2,13.83,1,N,1,44.5,0E-9,0.500000000,8.0,0.0,0.300000000,53.3,138,13,16,Sunday,6,138,LaGuardia Airport,Queens
2,2018-11-04 21:43:04,2018-11-04 22:09:03,5,9.83,1,N,1,30.0,0.500000000,0.500000000,7.41,5.76,0.300000000,44.47,138,249,21,Sunday,11,138,LaGuardia Airport,Queens
2,2018-08-08 07:51:19,2018-08-08 08:24:02,1,8.9,1,N,1,28.5,0E-9,0.500000000,7.01,5.76,0.300000000,42.07,138,233,7,Wednesday,8,138,LaGuardia Airport,Queens
1,2018-04-15 14:35:12,2018-04-15 15:11:55,1,12.3,1,N,1,37.0,0E-9,0.500000000,6.6,0.0,0.300000000,44.4,138,88,14,Sunday,4,138,LaGuardia Airport,Queens
2,2018-06-15 18:51:31,2018-06-15 19:30:25,1,10.12,1,N,1,34.5,1.000000000,0.500000000,8.0,5.76,0.300000000,50.06,138,142,18,Friday,6,138,LaGuardia Airport,Queens
2,2018-02-14 23:52:40,2018-02-15 00:11:56,1,7.89,1,N,1,24.5,0.500000000,0.500000000,6.31,5.76,0.300000000,37.87,138,236,23,Wednesday,2,138,LaGuardia Airport,Queens
1,2018-04-03 09:04:08,2018-04-03 09:45:48,1,12.3,1,N,1,41.0,0E-9,0.500000000,14.25,5.76,0.300000000,61.81,138,161,9,Tuesday,4,138,LaGuardia Airport,Queens
2,2018-02-05 19:07:34,2018-02-05 19:32:53,2,11.72,1,N,1,34.0,1.000000000,0.500000000,4.0,5.76,0.300000000,45.56,138,163,19,Monday,2,138,LaGuardia Airport,Queens
2,2018-12-19 17:16:48,2018-12-19 17:51:19,1,4.69,1,N,1,23.5,1.000000000,0.500000000,6.32,0.0,0.300000000,31.62,138,146,17,Wednesday,12,138,LaGuardia Airport,Queens
1,2018-02-16 18:02:23,2018-02-16 18:42:57,1,11.7,1,N,1,35.0,1.000000000,0.500000000,7.35,0.0,0.300000000,44.15,138,54,18,Friday,2,138,LaGuardia Airport,Queens
1,2018-03-05 13:02:29,2018-03-05 13:25:57,1,9.1,1,Y,1,28.0,0E-9,0.500000000,6.9,5.76,0.300000000,41.46,138,164,13,Monday,3,138,LaGuardia Airport,Queens
1,2018-05-13 23:31:32,2018-05-13 23:56:18,1,11.9,1,N,1,34.5,0.500000000,0.500000000,4.16,5.76,0.300000000,45.72,138,48,23,Sunday,5,138,LaGuardia Airport,Queens
2,2018-01-17 10:46:37,2018-01-17 11:13:09,1,10.02,1,N,1,29.5,0E-9,0.500000000,7.21,5.76,0.300000000,43.27,138,162,10,Wednesday,1,138,LaGuardia Airport,Queens
2,2018-09-01 12:09:26,2018-09-01 12:31:59,1,9.91,1,N,1,29.5,0E-9,0.500000000,9.02,5.76,0.300000000,45.08,138,239,12,Saturday,9,138,LaGuardia Airport,Queens
2,2018-06-15 11:09:04,2018-06-15 11:27:31,1,7.79,1,N,1,23.5,0E-9,0.500000000,6.01,5.76,0.300000000,36.07,138,170,11,Friday,6,138,LaGuardia Airport,Queens
1,2018-03-02 20:29:40,2018-03-02 20:52:14,2,9.4,1,N,1,29.0,0.500000000,0.500000000,4.0,5.76,0.300000000,40.06,138,164,20,Friday,3,138,LaGuardia Airport,Queens
1,2018-02-26 08:48:31,2018-02-26 09:21:43,2,11.0,1,N,1,34.0,0E-9,0.500000000,8.1,5.76,0.300000000,48.66,138,170,8,Monday,2,138,LaGuardia Airport,Queens
2,2018-12-10 13:03:54,2018-12-10 13:40:32,1,12.87,1,N,1,40.5,0E-9,0.500000000,9.41,5.76,0.300000000,56.47,138,246,13,Monday,12,138,LaGuardia Airport,Queens
2,2018-02-16 14:20:44,2018-02-16 14:45:35,2,9.44,1,N,1,29.0,0E-9,0.500000000,6.44,5.76,0.300000000,42.0,138,107,14,Friday,2,138,LaGuardia Airport,Queens
2,2018-05-04 17:22:47,2018-05-04 18:19:21,1,10.94,1,N,1,40.5,1.000000000,0.500000000,8.46,0.0,0.300000000,50.76,138,25,17,Friday,5,138,LaGuardia Airport,Queens
1,2018-09-02 13:16:18,2018-09-02 13:42:31,1,9.3,1,N,1,30.0,0E-9,0.500000000,6.15,0.0,0.300000000,36.95,138,142,13,Sunday,9,138,LaGuardia Airport,Queens
4,2018-10-04 09:08:13,2018-10-04 09:47:06,1,12.45,1,N,1,37.5,0E-9,0.500000000,8.81,5.76,0.300000000,52.87,138,31,9,Thursday,10,138,LaGuardia Airport,Queens
2,2018-02-12 20:44:51,2018-02-12 21:04:15,5,7.22,1,N,1,23.0,0.500000000,0.500000000,0.0,0.0,0.300000000,24.3,138,53,20,Monday,2,138,LaGuardia Airport,Queens
1,2018-12-10 18:06:50,2018-12-10 18:46:15,2,11.6,1,N,1,37.0,1.000000000,0.500000000,8.9,5.76,0.300000000,53.46,138,230,18,Monday,12,138,LaGuardia Airport,Queens
2,2018-03-30 00:35:00,2018-03-30 00:38:59,1,0.01,5,N,2,21.8,0E-9,0.500000000,0.0,0.0,0.300000000,22.6,179,179,0,Friday,3,179,Old Astoria,Queens
2,2018-02-08 14:56:17,2018-02-08 15:46:21,3,11.06,1,N,1,40.0,0E-9,0.500000000,9.31,5.76,0.300000000,55.87,138,163,14,Thursday,2,138,LaGuardia Airport,Queens
1,2018-08-19 19:45:00,2018-08-19 20:17:47,1,13.4,1,N,1,38.5,0E-9,0.500000000,7.85,0.0,0.300000000,47.15,138,181,19,Sunday,8,138,LaGuardia Airport,Queens
2,2018-05-04 10:33:05,2018-05-04 11:24:04,1,14.77,1,N,1,45.0,0E-9,0.500000000,10.31,5.76,0.300000000,61.87,138,209,10,Friday,5,138,LaGuardia Airport,Queens
1,2018-08-24 16:12:56,2018-08-24 16:55:48,1,10.3,1,N,2,33.5,1.000000000,0.500000000,0.0,5.76,0.300000000,41.06,138,161,16,Friday,8,138,LaGuardia Airport,Queens
2,2018-05-16 22:20:18,2018-05-16 22:48:55,1,11.56,1,N,2,34.0,0.500000000,0.500000000,0.0,5.76,0.300000000,41.06,138,162,22,Wednesday,5,138,LaGuardia Airport,Queens
2,2018-11-03 10:37:54,2018-11-03 11:06:30,5,6.57,1,N,2,25.5,0E-9,0.500000000,0.0,0.0,0.300000000,26.3,138,95,10,Saturday,11,138,LaGuardia Airport,Queens
2,2018-11-19 23:32:14,2018-11-20 00:00:57,1,7.6,1,N,1,23.5,0.500000000,0.500000000,9.17,5.76,0.300000000,39.73,138,236,23,Monday,11,138,LaGuardia Airport,Queens
2,2018-08-07 12:09:57,2018-08-07 12:44:07,1,10.72,1,N,1,34.0,0E-9,0.500000000,0.0,5.76,0.300000000,40.56,138,229,12,Tuesday,8,138,LaGuardia Airport,Queens
1,2018-03-16 10:37:10,2018-03-16 11:14:22,1,11.1,1,N,2,36.0,0E-9,0.500000000,0.0,5.76,0.300000000,42.56,138,170,10,Friday,3,138,LaGuardia Airport,Queens
2,2018-05-26 21:48:42,2018-05-26 22:15:35,1,13.66,1,N,2,38.5,0.500000000,0.500000000,0.0,5.76,0.300000000,45.56,138,232,21,Saturday,5,138,LaGuardia Airport,Queens
2,2018-12-03 09:52:41,2018-12-03 10:11:46,1,12.0,1,N,2,33.0,0E-9,0.500000000,0.0,0.0,0.300000000,33.8,138,132,9,Monday,12,138,LaGuardia Airport,Queens
4,2018-10-07 15:43:43,2018-10-07 16:22:50,1,8.27,1,N,2,32.0,0E-9,0.500000000,0.0,5.76,0.300000000,38.56,138,164,15,Sunday,10,138,LaGuardia Airport,Queens
1,2018-11-08 14:59:20,2018-11-08 15:42:16,4,9.9,1,N,1,36.0,0E-9,0.500000000,10.6,5.76,0.300000000,53.16,138,48,14,Thursday,11,138,LaGuardia Airport,Queens
1,2018-11-10 15:05:13,2018-11-10 15:48:43,1,12.5,1,N,2,38.5,0E-9,0.500000000,0.0,0.0,0.300000000,39.3,138,195,15,Saturday,11,138,LaGuardia Airport,Queens
2,2018-05-28 11:50:13,2018-05-28 12:23:13,1,11.41,1,N,2,37.0,0E-9,0.500000000,0.0,5.76,0.300000000,43.56,138,161,11,Monday,5,138,LaGuardia Airport,Queens
1,2018-07-10 16:38:04,2018-07-10 17:05:43,1,11.3,1,N,2,31.5,1.000000000,0.500000000,0.0,5.76,0.300000000,39.06,138,233,16,Tuesday,7,138,LaGuardia Airport,Queens
2,2018-03-20 20:09:33,2018-03-20 20:31:00,1,10.25,1,N,1,29.5,0.500000000,0.500000000,9.14,5.76,0.300000000,45.7,138,161,20,Tuesday,3,138,LaGuardia Airport,Queens
2,2018-01-30 14:17:38,2018-01-30 14:48:22,1,14.44,1,N,1,40.0,0E-9,0.500000000,11.64,5.76,0.300000000,58.2,138,45,14,Tuesday,1,138,LaGuardia Airport,Queens
1,2018-03-11 15:20:18,2018-03-11 15:59:03,1,10.9,1,N,1,35.0,0E-9,0.500000000,8.3,5.76,0.300000000,49.86,138,239,15,Sunday,3,138,LaGuardia Airport,Queens
1,2018-09-05 22:23:54,2018-09-05 22:41:15,4,12.6,1,N,1,34.0,0.500000000,0.500000000,7.05,0.0,0.300000000,42.35,138,132,22,Wednesday,9,138,LaGuardia Airport,Queens
2,2018-12-14 00:52:38,2018-12-14 01:12:25,2,8.95,1,N,1,26.5,0.500000000,0.500000000,6.71,5.76,0.300000000,40.27,138,236,0,Friday,12,138,LaGuardia Airport,Queens
1,2018-08-24 13:44:15,2018-08-24 14:11:03,1,8.5,1,N,1,26.0,0E-9,0.500000000,6.5,5.76,0.300000000,39.06,138,263,13,Friday,8,138,LaGuardia Airport,Queens
2,2018-04-20 15:06:40,2018-04-20 16:02:33,2,11.08,1,N,1,38.5,0E-9,0.500000000,9.01,5.76,0.300000000,54.07,138,161,15,Friday,4,138,LaGuardia Airport,Queens
2,2018-03-13 09:37:51,2018-03-13 10:11:34,2,9.0,1,N,1,30.5,0E-9,0.500000000,7.41,5.76,0.300000000,44.47,138,68,9,Tuesday,3,138,LaGuardia Airport,Queens
2,2018-07-22 20:23:50,2018-07-22 20:57:50,3,15.53,1,N,1,43.0,0.500000000,0.500000000,10.01,5.76,0.300000000,60.07,138,13,20,Sunday,7,138,LaGuardia Airport,Queens
2,2018-07-11 16:43:48,2018-07-11 17:28:44,2,12.86,1,N,1,42.5,1.000000000,0.500000000,8.5,5.76,0.300000000,58.56,138,246,16,Wednesday,7,138,LaGuardia Airport,Queens
2,2018-01-10 12:02:16,2018-01-10 12:32:23,1,10.96,1,N,1,32.5,0E-9,0.500000000,7.81,5.76,0.300000000,46.87,138,170,12,Wednesday,1,138,LaGuardia Airport,Queens
2,2018-02-13 21:49:48,2018-02-13 22:16:09,1,10.43,1,N,1,32.0,0.500000000,0.500000000,7.81,5.76,0.300000000,46.87,138,142,21,Tuesday,2,138,LaGuardia Airport,Queens
1,2018-10-31 13:41:05,2018-10-31 14:13:59,1,9.2,1,N,1,32.0,0E-9,0.500000000,9.6,5.76,0.300000000,48.16,138,230,13,Wednesday,10,138,LaGuardia Airport,Queens
1,2018-08-03 13:04:03,2018-08-03 13:58:59,3,14.3,1,N,1,44.5,0E-9,0.500000000,9.05,0.0,0.300000000,54.35,138,227,13,Friday,8,138,LaGuardia Airport,Queens
2,2018-03-19 22:01:08,2018-03-19 22:18:22,2,7.22,1,N,1,22.5,0.500000000,0.500000000,4.0,0.0,0.300000000,27.8,138,145,22,Monday,3,138,LaGuardia Airport,Queens
1,2018-05-04 00:31:29,2018-05-04 00:56:04,1,11.5,1,N,1,34.0,0.500000000,0.500000000,5.0,0.0,0.300000000,40.3,138,65,0,Friday,5,138,LaGuardia Airport,Queens
2,2018-02-13 21:35:31,2018-02-13 21:58:21,1,9.84,1,N,1,29.5,0.500000000,0.500000000,6.0,5.76,0.300000000,42.56,138,163,21,Tuesday,2,138,LaGuardia Airport,Queens
2,2018-03-20 17:03:55,2018-03-20 17:32:01,1,7.35,1,N,1,26.0,1.000000000,0.500000000,5.56,0.0,0.300000000,33.36,138,255,17,Tuesday,3,138,LaGuardia Airport,Queens
2,2018-03-22 16:13:16,2018-03-22 16:36:08,1,7.1,1,N,1,23.5,1.000000000,0.500000000,6.32,0.0,0.300000000,31.62,138,145,16,Thursday,3,138,LaGuardia Airport,Queens
2,2018-02-20 14:48:54,2018-02-20 15:21:18,1,8.92,1,N,1,31.5,0E-9,0.500000000,7.61,5.76,0.300000000,45.67,138,186,14,Tuesday,2,138,LaGuardia Airport,Queens
1,2018-06-19 19:39:29,2018-06-19 20:12:49,1,10.0,1,N,1,34.5,1.000000000,0.500000000,8.4,5.76,0.300000000,50.46,138,230,19,Tuesday,6,138,LaGuardia Airport,Queens
1,2018-01-26 18:05:43,2018-01-26 18:46:48,1,12.7,1,N,1,38.0,1.000000000,0.500000000,8.0,0.0,0.300000000,47.8,138,195,18,Friday,1,138,LaGuardia Airport,Queens
1,2018-04-28 15:29:24,2018-04-28 16:05:00,1,12.4,1,N,1,36.5,0E-9,0.500000000,8.6,5.76,0.300000000,51.66,138,107,15,Saturday,4,138,LaGuardia Airport,Queens
1,2018-09-17 21:35:40,2018-09-17 21:55:36,1,8.8,1,N,1,26.5,0.500000000,0.500000000,7.0,5.76,0.300000000,40.56,138,164,21,Monday,9,138,LaGuardia Airport,Queens
2,2018-06-13 17:23:52,2018-06-13 18:17:09,1,11.5,1,N,1,41.5,1.000000000,0.500000000,8.0,5.76,0.300000000,57.06,138,232,17,Wednesday,6,138,LaGuardia Airport,Queens
2,2018-10-23 15:37:21,2018-10-23 16:01:46,1,8.48,1,N,1,26.0,0E-9,0.500000000,8.14,5.76,0.300000000,40.7,138,233,15,Tuesday,10,138,LaGuardia Airport,Queens
2,2018-08-26 09:16:28,2018-08-26 09:33:12,1,9.27,1,N,1,26.5,0E-9,0.500000000,6.61,5.76,0.300000000,39.67,138,107,9,Sunday,8,138,LaGuardia Airport,Queens
2,2018-11-02 11:00:34,2018-11-02 11:46:37,1,12.72,1,N,1,41.0,0E-9,0.500000000,7.0,0.0,0.300000000,48.8,138,87,11,Friday,11,138,LaGuardia Airport,Queens
1,2018-11-24 17:25:20,2018-11-24 17:56:55,1,10.4,1,N,1,33.5,0E-9,0.500000000,8.0,5.76,0.300000000,48.06,138,163,17,Saturday,11,138,LaGuardia Airport,Queens
2,2018-03-23 16:42:16,2018-03-23 17:11:44,1,8.35,1,N,1,25.0,1.000000000,0.500000000,8.14,5.76,0.300000000,40.7,138,263,16,Friday,3,138,LaGuardia Airport,Queens
2,2018-04-23 10:49:28,2018-04-23 11:13:24,3,7.63,1,N,1,27.0,0E-9,0.500000000,5.56,0.0,0.300000000,33.36,138,15,10,Monday,4,138,LaGuardia Airport,Queens
2,2018-08-14 11:22:17,2018-08-14 12:00:41,6,8.6,1,N,1,31.5,0E-9,0.500000000,7.61,5.76,0.300000000,45.67,138,100,11,Tuesday,8,138,LaGuardia Airport,Queens
2,2018-03-15 09:38:07,2018-03-15 10:30:11,1,8.65,1,N,1,37.0,0E-9,0.500000000,8.71,5.76,0.300000000,52.27,138,162,9,Thursday,3,138,LaGuardia Airport,Queens
2,2018-03-15 22:52:41,2018-03-15 23:12:35,1,10.06,1,N,1,29.5,0.500000000,0.500000000,7.7,0.0,0.300000000,38.5,145,28,22,Thursday,3,145,Long Island City/Hunters Point,Queens
2,2018-09-17 21:18:45,2018-09-17 21:45:56,2,10.61,1,N,1,32.0,0.500000000,0.500000000,7.81,5.76,0.300000000,46.87,138,249,21,Monday,9,138,LaGuardia Airport,Queens
2,2018-08-29 08:57:50,2018-08-29 09:27:55,1,9.61,1,N,1,29.5,0E-9,0.500000000,7.21,5.76,0.300000000,43.27,138,237,8,Wednesday,8,138,LaGuardia Airport,Queens
2,2018-12-06 15:31:54,2018-12-06 16:07:08,1,10.54,1,N,1,31.0,0E-9,0.500000000,7.51,5.76,0.300000000,45.07,138,162,15,Thursday,12,138,LaGuardia Airport,Queens
1,2018-03-14 18:24:48,2018-03-14 18:51:39,1,8.4,1,N,1,27.0,1.000000000,0.500000000,6.9,5.76,0.300000000,41.46,138,107,18,Wednesday,3,138,LaGuardia Airport,Queens
1,2018-07-02 17:41:43,2018-07-02 17:59:03,1,9.0,1,N,1,26.0,1.000000000,0.500000000,6.7,5.76,0.300000000,40.26,138,137,17,Monday,7,138,LaGuardia Airport,Queens
2,2018-01-26 18:04:36,2018-01-26 18:39:46,1,9.03,1,N,1,28.5,1.000000000,0.500000000,9.02,5.76,0.300000000,45.08,138,58,18,Friday,1,138,LaGuardia Airport,Queens
2,2018-11-26 00:06:24,2018-11-26 00:29:51,1,11.25,1,N,1,33.0,0.500000000,0.500000000,8.01,5.76,0.300000000,48.07,138,148,0,Monday,11,138,LaGuardia Airport,Queens
2,2018-07-15 18:12:04,2018-07-15 18:45:21,2,12.21,1,N,1,36.5,0E-9,0.500000000,8.61,5.76,0.300000000,51.67,138,113,18,Sunday,7,138,LaGuardia Airport,Queens
1,2018-07-26 15:55:32,2018-07-26 16:33:58,1,11.4,1,N,1,34.5,0E-9,0.500000000,7.05,0.0,0.300000000,42.35,138,132,15,Thursday,7,138,LaGuardia Airport,Queens
2,2018-12-07 13:52:59,2018-12-07 14:24:49,1,8.56,1,N,1,30.5,0E-9,0.500000000,7.41,5.76,0.300000000,44.47,138,238,13,Friday,12,138,LaGuardia Airport,Queens
2,2018-10-26 11:54:34,2018-10-26 12:39:52,3,10.13,1,N,1,37.5,0E-9,0.500000000,6.61,5.76,0.300000000,50.67,138,238,11,Friday,10,138,LaGuardia Airport,Queens
2,2018-06-23 11:42:40,2018-06-23 12:03:25,1,12.18,1,N,1,33.5,0E-9,0.500000000,6.86,0.0,0.300000000,41.16,138,132,11,Saturday,6,138,LaGuardia Airport,Queens
2,2018-05-22 14:57:16,2018-05-22 15:27:46,3,9.79,1,N,1,30.5,0E-9,0.500000000,7.41,5.76,0.300000000,44.47,138,107,14,Tuesday,5,138,LaGuardia Airport,Queens
2,2018-09-13 21:32:35,2018-09-13 21:53:42,2,8.76,1,N,1,26.0,0.500000000,0.500000000,6.61,5.76,0.300000000,39.67,138,166,21,Thursday,9,138,LaGuardia Airport,Queens
2,2018-12-30 22:02:13,2018-12-30 22:27:45,1,9.6,1,N,1,29.0,0.500000000,0.500000000,7.0,0.0,0.300000000,37.3,138,181,22,Sunday,12,138,LaGuardia Airport,Queens
1,2018-01-16 12:16:54,2018-01-16 12:55:56,2,8.6,1,N,1,33.5,0E-9,0.500000000,8.0,5.76,0.300000000,48.06,138,230,12,Tuesday,1,138,LaGuardia Airport,Queens
1,2018-08-17 12:28:57,2018-08-17 12:45:56,1,7.7,1,N,1,23.0,0E-9,0.500000000,4.75,0.0,0.300000000,28.55,138,170,12,Friday,8,138,LaGuardia Airport,Queens
1,2018-11-28 10:58:14,2018-11-28 11:52:40,0,9.4,1,N,1,40.5,0E-9,0.500000000,9.4,5.76,0.300000000,56.46,138,48,10,Wednesday,11,138,LaGuardia Airport,Queens
2,2018-10-12 17:04:32,2018-10-12 17:53:22,1,8.82,1,N,1,32.5,1.000000000,0.500000000,8.01,5.76,0.300000000,48.07,138,141,17,Friday,10,138,LaGuardia Airport,Queens
2,2018-02-16 18:14:16,2018-02-16 18:52:28,2,11.6,1,N,1,36.0,1.000000000,0.500000000,13.07,5.76,0.300000000,56.63,138,161,18,Friday,2,138,LaGuardia Airport,Queens
1,2018-09-21 00:19:41,2018-09-21 00:34:34,1,8.1,1,N,1,24.0,0.500000000,0.500000000,4.66,5.76,0.300000000,35.72,138,262,0,Friday,9,138,LaGuardia Airport,Queens
1,2018-09-11 19:45:56,2018-09-11 20:09:39,1,11.5,1,N,1,32.5,1.000000000,0.500000000,12.0,5.76,0.300000000,52.06,138,230,19,Tuesday,9,138,LaGuardia Airport,Queens
2,2018-02-25 11:38:39,2018-02-25 11:57:12,1,6.98,1,N,1,21.5,0E-9,0.500000000,4.46,0.0,0.300000000,26.76,138,255,11,Sunday,2,138,LaGuardia Airport,Queens
1,2018-02-05 08:48:00,2018-02-05 09:41:52,1,15.7,1,N,1,50.5,0E-9,0.500000000,10.0,5.76,0.300000000,67.06,138,87,8,Monday,2,138,LaGuardia Airport,Queens
1,2018-05-02 19:30:40,2018-05-02 19:52:41,1,10.4,1,N,1,29.5,1.000000000,0.500000000,9.25,5.76,0.300000000,46.31,138,162,19,Wednesday,5,138,LaGuardia Airport,Queens
1,2018-02-07 09:01:38,2018-02-07 10:01:05,3,12.5,1,N,1,47.5,0E-9,0.500000000,10.8,5.76,0.300000000,64.86,138,230,9,Wednesday,2,138,LaGuardia Airport,Queens
2,2018-04-18 09:40:40,2018-04-18 10:21:31,5,9.64,1,N,2,34.5,0E-9,0.500000000,0.0,5.76,0.300000000,41.06,138,244,9,Wednesday,4,138,LaGuardia Airport,Queens
2,2018-05-23 08:55:12,2018-05-23 10:08:23,1,10.06,1,N,1,47.0,0E-9,0.500000000,10.71,5.76,0.300000000,64.27,138,234,8,Wednesday,5,138,LaGuardia Airport,Queens
2,2018-04-16 15:49:50,2018-04-16 16:21:54,1,8.21,1,N,1,30.0,0E-9,0.500000000,7.31,5.76,0.300000000,43.87,138,166,15,Monday,4,138,LaGuardia Airport,Queens
2,2018-05-15 20:57:53,2018-05-15 21:12:46,1,8.29,1,N,1,23.5,0.500000000,0.500000000,6.11,5.76,0.300000000,36.67,138,262,20,Tuesday,5,138,LaGuardia Airport,Queens
1,2018-05-25 12:12:13,2018-05-25 12:45:18,1,8.9,1,N,1,31.0,0E-9,0.500000000,7.5,5.76,0.300000000,45.06,138,43,12,Friday,5,138,LaGuardia Airport,Queens
1,2018-03-17 21:52:55,2018-03-17 22:14:55,1,10.5,1,N,1,30.5,0.500000000,0.500000000,7.5,5.76,0.300000000,45.06,138,244,21,Saturday,3,138,LaGuardia Airport,Queens
2,2018-03-26 07:28:02,2018-03-26 08:00:22,1,6.37,1,N,1,24.0,0E-9,0.500000000,4.96,0.0,0.300000000,29.76,138,141,7,Monday,3,138,LaGuardia Airport,Queens
2,2018-12-10 11:21:27,2018-12-10 12:02:28,1,9.95,1,N,1,35.5,0E-9,0.500000000,8.41,5.76,0.300000000,50.47,138,48,11,Monday,12,138,LaGuardia Airport,Queens
1,2018-05-25 18:40:57,2018-05-25 19:26:14,1,10.8,1,N,1,38.5,1.000000000,0.500000000,8.05,0.0,0.300000000,48.35,138,249,18,Friday,5,138,LaGuardia Airport,Queens
1,2018-01-21 18:28:57,2018-01-21 19:03:40,1,11.0,1,Y,1,36.5,0E-9,0.500000000,8.6,5.76,0.300000000,51.66,138,163,18,Sunday,1,138,LaGuardia Airport,Queens
2,2018-10-16 18:40:40,2018-10-16 19:33:57,3,12.26,1,N,1,41.5,1.000000000,0.500000000,8.66,0.0,0.300000000,51.96,138,181,18,Tuesday,10,138,LaGuardia Airport,Queens
1,2018-01-17 22:53:00,2018-01-17 23:12:15,1,8.4,1,N,1,25.5,0.500000000,0.500000000,6.5,5.76,0.300000000,39.06,138,151,22,Wednesday,1,138,LaGuardia Airport,Queens
2,2018-06-27 13:09:12,2018-06-27 13:48:14,1,10.47,1,N,1,34.0,0E-9,0.500000000,8.11,5.76,0.300000000,48.67,138,114,13,Wednesday,6,138,LaGuardia Airport,Queens
2,2018-03-27 11:25:35,2018-03-27 12:34:46,1,14.72,1,N,1,54.0,0E-9,0.500000000,12.11,5.76,0.300000000,72.67,138,158,11,Tuesday,3,138,LaGuardia Airport,Queens
1,2018-06-25 16:41:30,2018-06-25 17:10:19,1,6.3,1,N,1,24.0,1.000000000,0.500000000,3.87,0.0,0.300000000,29.67,192,197,16,Monday,6,192,Queensboro Hill,Queens
2,2018-12-01 10:10:33,2018-12-01 10:39:08,6,9.85,1,N,2,31.5,0E-9,0.500000000,0.0,5.76,0.300000000,38.06,138,230,10,Saturday,12,138,LaGuardia Airport,Queens
2,2018-11-09 18:54:20,2018-11-09 19:39:01,1,10.4,1,N,1,34.0,1.000000000,0.500000000,8.31,5.76,0.300000000,49.87,138,170,18,Friday,11,138,LaGuardia Airport,Queens
1,2018-04-06 18:08:06,2018-04-06 18:28:33,1,7.4,1,N,1,22.5,1.000000000,0.500000000,6.05,0.0,0.300000000,30.35,138,98,18,Friday,4,138,LaGuardia Airport,Queens
2,2018-09-03 20:24:46,2018-09-03 20:46:13,1,10.14,1,N,1,29.0,0.500000000,0.500000000,7.21,5.76,0.300000000,43.27,138,162,20,Monday,9,138,LaGuardia Airport,Queens
2,2018-03-05 23:28:40,2018-03-06 22:15:59,1,8.65,1,N,1,25.0,0.500000000,0.500000000,6.41,5.76,0.300000000,38.47,138,100,23,Monday,3,138,LaGuardia Airport,Queens
2,2018-09-05 23:47:59,2018-09-06 00:08:32,1,8.7,1,N,1,27.5,0.500000000,0.500000000,8.64,0.0,0.300000000,37.44,138,97,23,Wednesday,9,138,LaGuardia Airport,Queens
2,2018-01-10 19:59:55,2018-01-10 20:39:04,1,17.15,1,N,1,48.0,0.500000000,0.500000000,9.86,0.0,0.300000000,59.16,138,178,19,Wednesday,1,138,LaGuardia Airport,Queens
1,2018-07-10 20:57:22,2018-07-10 21:14:19,1,8.2,1,N,1,24.5,0.500000000,0.500000000,7.85,5.76,0.300000000,39.41,138,263,20,Tuesday,7,138,LaGuardia Airport,Queens
1,2018-10-07 20:21:18,2018-10-07 20:52:15,1,11.6,1,N,1,33.5,0.500000000,0.500000000,6.95,0.0,0.300000000,41.75,138,33,20,Sunday,10,138,LaGuardia Airport,Queens
2,2018-02-18 10:29:37,2018-02-18 10:59:45,3,14.32,1,N,1,40.5,0E-9,0.500000000,9.41,5.76,0.300000000,56.47,138,87,10,Sunday,2,138,LaGuardia Airport,Queens
1,2018-05-17 18:54:00,2018-05-17 19:37:08,1,10.8,1,N,1,38.5,1.000000000,0.500000000,11.5,5.76,0.300000000,57.56,138,43,18,Thursday,5,138,LaGuardia Airport,Queens
2,2018-02-13 08:16:28,2018-02-13 09:12:08,1,8.68,1,N,1,39.0,0E-9,0.500000000,11.39,5.76,0.300000000,56.95,138,229,8,Tuesday,2,138,LaGuardia Airport,Queens
2,2018-08-12 16:28:49,2018-08-12 17:11:28,4,10.43,1,N,1,34.0,0E-9,0.500000000,8.11,5.76,0.300000000,48.67,138,239,16,Sunday,8,138,LaGuardia Airport,Queens
2,2018-06-19 20:10:22,2018-06-19 20:38:23,2,10.0,1,N,1,31.5,0.500000000,0.500000000,7.71,5.76,0.300000000,46.27,138,230,20,Tuesday,6,138,LaGuardia Airport,Queens
1,2018-03-29 23:28:48,2018-03-29 23:44:51,1,7.7,1,N,1,23.0,0.500000000,0.500000000,6.01,5.76,0.300000000,36.07,138,75,23,Thursday,3,138,LaGuardia Airport,Queens
1,2018-07-23 15:32:38,2018-07-23 16:10:21,1,13.1,1,N,1,41.0,0E-9,0.500000000,9.5,5.76,0.300000000,57.06,138,231,15,Monday,7,138,LaGuardia Airport,Queens
2,2018-11-01 22:01:27,2018-11-01 22:18:50,1,7.61,1,N,1,23.5,0.500000000,0.500000000,6.11,5.76,0.300000000,36.67,138,238,22,Thursday,11,138,LaGuardia Airport,Queens
2,2018-03-19 20:01:32,2018-03-19 20:27:28,2,10.93,1,N,1,32.5,0.500000000,0.500000000,7.91,5.76,0.300000000,47.47,138,163,20,Monday,3,138,LaGuardia Airport,Queens
2,2018-05-29 20:27:42,2018-05-29 20:50:07,1,8.58,1,N,1,25.5,0.500000000,0.500000000,6.51,5.76,0.300000000,39.07,138,100,20,Tuesday,5,138,LaGuardia Airport,Queens
2,2018-07-22 14:43:58,2018-07-22 15:15:06,6,11.29,1,N,1,34.0,0E-9,0.500000000,5.2,0.0,0.300000000,40.0,138,33,14,Sunday,7,138,LaGuardia Airport,Queens
2,2018-05-08 23:03:55,2018-05-08 23:28:12,3,6.48,1,N,1,22.0,0.500000000,0.500000000,4.66,0.0,0.300000000,27.96,145,61,23,Tuesday,5,145,Long Island City/Hunters Point,Queens
2,2018-11-02 20:56:26,2018-11-02 21:35:26,2,14.8,1,N,1,43.0,0.500000000,0.500000000,10.01,5.76,0.300000000,60.07,138,231,20,Friday,11,138,LaGuardia Airport,Queens
2,2018-04-20 23:05:18,2018-04-20 23:32:39,1,9.53,1,N,1,30.0,0.500000000,0.500000000,9.26,5.76,0.300000000,46.32,138,246,23,Friday,4,138,LaGuardia Airport,Queens
1,2018-01-02 18:47:13,2018-01-02 19:25:32,1,11.2,1,N,1,36.5,1.000000000,0.500000000,7.65,0.0,0.300000000,45.95,138,181,18,Tuesday,1,138,LaGuardia Airport,Queens
1,2018-09-09 12:48:43,2018-09-09 13:09:58,1,11.7,1,N,1,32.5,0E-9,0.500000000,3.33,0.0,0.300000000,36.63,138,132,12,Sunday,9,138,LaGuardia Airport,Queens
2,2018-03-12 09:22:54,2018-03-12 10:01:51,1,12.3,1,N,1,38.5,0E-9,0.500000000,9.01,5.76,0.300000000,54.07,138,234,9,Monday,3,138,LaGuardia Airport,Queens
2,2018-12-30 11:59:56,2018-12-30 12:29:29,1,9.7,1,N,1,30.5,0E-9,0.500000000,7.41,5.76,0.300000000,44.47,138,239,11,Sunday,12,138,LaGuardia Airport,Queens
2,2018-01-25 17:17:43,2018-01-25 17:49:55,1,8.51,1,N,1,28.0,1.000000000,0.500000000,4.0,5.76,0.300000000,39.56,138,162,17,Thursday,1,138,LaGuardia Airport,Queens
2,2018-04-21 22:00:27,2018-04-21 22:23:57,1,10.36,1,N,1,31.0,0.500000000,0.500000000,7.61,5.76,0.300000000,45.67,138,161,22,Saturday,4,138,LaGuardia Airport,Queens
2,2018-10-21 16:58:37,2018-10-21 17:27:06,5,10.95,1,N,1,32.5,0E-9,0.500000000,7.81,5.76,0.300000000,46.87,138,163,16,Sunday,10,138,LaGuardia Airport,Queens
2,2018-05-30 15:58:43,2018-05-30 16:30:55,1,8.7,1,N,1,28.0,0E-9,0.500000000,6.91,5.76,0.300000000,41.47,138,236,15,Wednesday,5,138,LaGuardia Airport,Queens
2,2018-07-11 17:20:31,2018-07-11 17:55:41,6,10.58,1,N,1,33.0,1.000000000,0.500000000,6.08,5.76,0.300000000,46.64,138,264,17,Wednesday,7,138,LaGuardia Airport,Queens
2,2018-12-06 20:26:57,2018-12-06 20:52:45,1,8.48,1,N,1,27.0,0.500000000,0.500000000,7.08,0.0,0.300000000,35.38,193,243,20,Thursday,12,193,Queensbridge/Ravenswood,Queens
1,2018-12-06 13:15:26,2018-12-06 13:50:44,3,9.7,1,N,1,32.0,0E-9,0.500000000,7.7,5.76,0.300000000,46.26,138,239,13,Thursday,12,138,LaGuardia Airport,Queens
2,2018-02-02 22:15:47,2018-02-02 22:37:32,1,10.13,1,N,1,30.0,0.500000000,0.500000000,7.41,5.76,0.300000000,44.47,138,229,22,Friday,2,138,LaGuardia Airport,Queens
1,2018-07-01 13:37:57,2018-07-01 14:04:41,1,10.2,1,N,1,31.0,0E-9,0.500000000,6.0,0.0,0.300000000,37.8,138,17,13,Sunday,7,138,LaGuardia Airport,Queens
2,2018-05-21 23:16:12,2018-05-21 23:33:21,2,10.72,1,N,1,30.0,0.500000000,0.500000000,6.26,0.0,0.300000000,37.56,138,33,23,Monday,5,138,LaGuardia Airport,Queens
1,2018-03-31 10:17:33,2018-03-31 10:48:35,1,15.3,1,N,1,43.5,0E-9,0.500000000,8.85,0.0,0.300000000,53.15,138,227,10,Saturday,3,138,LaGuardia Airport,Queens
1,2018-02-21 23:57:55,2018-02-22 00:19:56,1,9.5,1,N,1,28.5,0.500000000,0.500000000,8.85,5.76,0.300000000,44.41,138,246,23,Wednesday,2,138,LaGuardia Airport,Queens
2,2018-04-11 18:47:23,2018-04-11 19:15:23,1,13.47,1,N,1,38.0,1.000000000,0.500000000,9.11,5.76,0.300000000,54.67,138,261,18,Wednesday,4,138,LaGuardia Airport,Queens
2,2018-02-23 22:35:38,2018-02-23 22:56:50,2,8.0,1,N,1,25.0,0.500000000,0.500000000,6.41,5.76,0.300000000,38.47,138,166,22,Friday,2,138,LaGuardia Airport,Queens
1,2018-06-03 15:55:31,2018-06-03 16:22:01,1,7.9,1,N,1,25.5,0E-9,0.500000000,6.4,5.76,0.300000000,38.46,138,161,15,Sunday,6,138,LaGuardia Airport,Queens
1,2018-05-01 12:14:58,2018-05-01 13:03:49,1,11.5,1,N,1,40.0,0E-9,0.500000000,8.0,5.76,0.300000000,54.56,138,230,12,Tuesday,5,138,LaGuardia Airport,Queens
1,2018-11-25 17:45:44,2018-11-25 18:16:12,1,10.1,1,N,1,31.5,0E-9,0.500000000,7.61,5.76,0.300000000,45.67,138,239,17,Sunday,11,138,LaGuardia Airport,Queens
2,2018-11-14 22:52:02,2018-11-14 23:08:38,2,7.33,1,N,1,23.0,0.500000000,0.500000000,4.86,0.0,0.300000000,29.16,138,256,22,Wednesday,11,138,LaGuardia Airport,Queens
2,2018-07-16 12:27:46,2018-07-16 12:59:54,5,7.54,1,N,1,28.5,0E-9,0.500000000,7.01,5.76,0.300000000,42.07,138,116,12,Monday,7,138,LaGuardia Airport,Queens
2,2018-01-15 13:36:18,2018-01-15 13:58:34,6,11.02,1,N,1,31.0,0E-9,0.500000000,7.51,5.76,0.300000000,45.07,138,224,13,Monday,1,138,LaGuardia Airport,Queens
1,2018-11-04 11:48:05,2018-11-04 12:33:02,1,11.5,1,N,1,41.5,0E-9,0.500000000,7.21,5.76,0.300000000,55.27,138,141,11,Sunday,11,138,LaGuardia Airport,Queens
2,2018-10-10 08:50:35,2018-10-10 09:33:08,1,9.69,1,N,1,34.0,0E-9,0.500000000,8.11,5.76,0.300000000,48.67,138,234,8,Wednesday,10,138,LaGuardia Airport,Queens
1,2018-12-07 00:29:37,2018-12-07 01:10:14,1,10.3,1,N,1,38.5,0.500000000,0.500000000,9.1,5.76,0.300000000,54.66,138,233,0,Friday,12,138,LaGuardia Airport,Queens
2,2018-05-12 15:51:04,2018-05-12 16:30:30,1,10.45,1,N,1,34.0,0E-9,0.500000000,8.11,5.76,0.300000000,48.67,138,142,15,Saturday,5,138,LaGuardia Airport,Queens
2,2018-11-04 23:10:04,2018-11-04 23:25:13,1,9.66,1,N,1,27.5,0.500000000,0.500000000,5.08,0.0,0.300000000,33.88,138,148,23,Sunday,11,138,LaGuardia Airport,Queens
1,2018-02-05 18:05:23,2018-02-05 19:08:55,1,15.3,1,N,1,52.5,1.000000000,0.500000000,10.0,0.0,0.300000000,64.3,138,257,18,Monday,2,138,LaGuardia Airport,Queens
1,2018-10-03 17:33:29,2018-10-03 18:29:30,1,9.4,1,N,1,40.5,1.000000000,0.500000000,15.0,5.76,0.300000000,63.06,138,48,17,Wednesday,10,138,LaGuardia Airport,Queens
1,2018-04-15 18:18:10,2018-04-15 19:00:02,1,12.3,1,N,1,38.5,0E-9,0.500000000,9.0,5.76,0.300000000,54.06,138,234,18,Sunday,4,138,LaGuardia Airport,Queens
2,2018-07-29 20:32:58,2018-07-29 20:51:37,1,8.27,1,N,1,24.0,0.500000000,0.500000000,6.0,0.0,0.300000000,31.3,138,121,20,Sunday,7,138,LaGuardia Airport,Queens
1,2018-11-27 07:18:49,2018-11-27 07:51:49,1,15.2,1,N,1,43.5,0E-9,0.500000000,12.5,5.76,0.300000000,62.56,138,88,7,Tuesday,11,138,LaGuardia Airport,Queens
2,2018-10-02 16:01:57,2018-10-02 16:30:26,1,10.19,1,N,1,29.5,1.000000000,0.500000000,7.41,5.76,0.300000000,44.47,138,161,16,Tuesday,10,138,LaGuardia Airport,Queens
2,2018-02-16 14:26:55,2018-02-16 15:24:20,1,12.3,1,N,1,44.0,0E-9,0.500000000,8.96,0.0,0.300000000,53.76,138,261,14,Friday,2,138,LaGuardia Airport,Queens
2,2018-11-26 20:49:48,2018-11-26 21:08:57,1,10.92,1,N,1,30.0,0.500000000,0.500000000,7.0,5.76,0.300000000,44.06,138,224,20,Monday,11,138,LaGuardia Airport,Queens
2,2018-03-03 09:27:24,2018-03-03 09:53:03,2,12.47,1,N,1,35.0,0E-9,0.500000000,5.5,5.76,0.300000000,47.06,145,138,9,Saturday,3,145,Long Island City/Hunters Point,Queens
1,2018-11-06 07:25:12,2018-11-06 08:38:13,1,10.8,1,N,1,48.5,0E-9,0.500000000,11.0,5.76,0.300000000,66.06,138,230,7,Tuesday,11,138,LaGuardia Airport,Queens
1,2018-03-26 08:42:56,2018-03-26 09:10:51,1,8.1,1,N,1,26.0,0E-9,0.500000000,5.35,0.0,0.300000000,32.15,138,215,8,Monday,3,138,LaGuardia Airport,Queens
1,2018-03-06 14:59:30,2018-03-06 15:38:30,1,9.0,1,N,1,33.5,0E-9,0.500000000,6.0,5.76,0.300000000,46.06,138,163,14,Tuesday,3,138,LaGuardia Airport,Queens
2,2018-03-16 21:23:21,2018-03-16 22:06:28,1,10.31,1,N,1,36.0,0.500000000,0.500000000,8.61,5.76,0.300000000,51.67,138,163,21,Friday,3,138,LaGuardia Airport,Queens
2,2018-07-04 18:58:25,2018-07-04 19:11:00,3,7.38,1,N,1,21.5,0E-9,0.500000000,4.3,5.76,0.300000000,32.36,138,263,18,Wednesday,7,138,LaGuardia Airport,Queens
1,2018-06-05 17:18:26,2018-06-05 17:52:07,1,10.4,1,N,1,32.5,1.000000000,0.500000000,10.0,5.76,0.300000000,50.06,138,162,17,Tuesday,6,138,LaGuardia Airport,Queens
2,2018-10-12 18:16:13,2018-10-12 18:56:21,2,10.28,1,N,1,32.0,1.000000000,0.500000000,5.93,5.76,0.300000000,45.49,138,229,18,Friday,10,138,LaGuardia Airport,Queens
2,2018-09-01 11:07:26,2018-09-01 11:30:53,1,13.61,1,N,1,37.0,0E-9,0.500000000,10.89,5.76,0.300000000,54.45,138,148,11,Saturday,9,138,LaGuardia Airport,Queens
2,2018-06-04 09:55:37,2018-06-04 10:31:56,2,9.09,1,N,1,30.0,0E-9,0.500000000,10.97,5.76,0.300000000,47.53,138,164,9,Monday,6,138,LaGuardia Airport,Queens
1,2018-02-27 16:17:48,2018-02-27 16:39:03,1,7.5,1,N,1,23.5,1.000000000,0.500000000,9.3,5.76,0.300000000,40.36,138,262,16,Tuesday,2,138,LaGuardia Airport,Queens
2,2018-03-29 07:40:56,2018-03-29 08:24:13,1,12.22,1,N,1,38.0,0E-9,0.500000000,8.91,5.76,0.300000000,53.47,138,186,7,Thursday,3,138,LaGuardia Airport,Queens
1,2018-05-03 23:59:27,2018-05-04 00:24:15,1,10.9,1,N,1,33.0,0.500000000,0.500000000,8.0,5.76,0.300000000,48.06,138,142,23,Thursday,5,138,LaGuardia Airport,Queens
2,2018-09-13 11:10:16,2018-09-13 11:58:13,1,10.93,1,N,1,35.0,0E-9,0.500000000,10.39,5.76,0.300000000,51.95,138,162,11,Thursday,9,138,LaGuardia Airport,Queens
2,2018-04-04 16:09:26,2018-04-04 16:38:00,5,8.55,1,N,1,28.0,1.000000000,0.500000000,7.11,5.76,0.300000000,42.67,138,162,16,Wednesday,4,138,LaGuardia Airport,Queens
2,2018-03-18 12:20:32,2018-03-18 12:58:53,1,11.53,1,N,1,36.5,0E-9,0.500000000,8.61,5.76,0.300000000,51.67,138,161,12,Sunday,3,138,LaGuardia Airport,Queens
1,2018-05-23 19:20:57,2018-05-23 20:01:05,2,11.5,1,N,1,36.5,1.000000000,0.500000000,7.65,0.0,0.300000000,45.95,138,25,19,Wednesday,5,138,LaGuardia Airport,Queens
2,2018-03-19 08:17:41,2018-03-19 09:06:23,1,17.01,1,N,1,49.5,0E-9,0.500000000,14.02,5.76,0.300000000,70.08,138,231,8,Monday,3,138,LaGuardia Airport,Queens
2,2018-11-18 14:31:54,2018-11-18 14:51:00,2,7.92,1,N,1,24.0,0E-9,0.500000000,6.11,5.76,0.300000000,36.67,138,41,14,Sunday,11,138,LaGuardia Airport,Queens
1,2018-10-18 22:42:25,2018-10-18 23:03:37,1,8.5,1,N,2,26.5,0.500000000,0.500000000,0.0,5.76,0.300000000,33.56,138,236,22,Thursday,10,138,LaGuardia Airport,Queens
2,2018-06-09 18:25:54,2018-06-09 18:54:09,1,9.5,1,N,1,29.5,0E-9,0.500000000,0.0,0.0,0.300000000,30.3,138,65,18,Saturday,6,138,LaGuardia Airport,Queens
2,2018-02-10 14:17:48,2018-02-10 14:51:42,1,10.41,1,N,2,31.5,0E-9,0.500000000,0.0,5.76,0.300000000,38.06,138,163,14,Saturday,2,138,LaGuardia Airport,Queens
1,2018-06-29 16:06:56,2018-06-29 17:04:23,2,9.3,1,N,2,39.0,1.000000000,0.500000000,0.0,5.76,0.300000000,46.56,138,238,16,Friday,6,138,LaGuardia Airport,Queens
1,2018-02-07 11:47:19,2018-02-07 12:26:52,1,11.1,1,N,1,39.0,0E-9,0.500000000,9.1,5.76,0.300000000,54.66,138,100,11,Wednesday,2,138,LaGuardia Airport,Queens
1,2018-03-27 22:11:45,2018-03-27 22:32:11,1,9.0,1,N,1,27.5,0.500000000,0.500000000,20.0,5.76,0.300000000,54.56,138,60,22,Tuesday,3,138,LaGuardia Airport,Queens
2,2018-09-25 17:55:14,2018-09-25 18:32:04,1,10.33,1,N,1,35.0,1.000000000,0.500000000,6.38,5.76,0.300000000,48.94,138,142,17,Tuesday,9,138,LaGuardia Airport,Queens
2,2018-02-26 17:24:43,2018-02-26 17:57:45,1,10.08,1,N,1,33.0,1.000000000,0.500000000,8.11,5.76,0.300000000,48.67,138,230,17,Monday,2,138,LaGuardia Airport,Queens
2,2018-08-21 09:46:49,2018-08-21 10:11:22,2,8.97,1,N,1,28.5,0E-9,0.500000000,8.76,5.76,0.300000000,43.82,138,161,9,Tuesday,8,138,LaGuardia Airport,Queens
1,2018-05-25 16:04:49,2018-05-25 16:42:24,1,6.9,1,N,1,26.5,0E-9,0.500000000,5.45,0.0,0.300000000,32.75,138,256,16,Friday,5,138,LaGuardia Airport,Queens
2,2018-03-10 20:21:19,2018-03-10 20:48:35,5,10.35,1,N,2,31.5,0.500000000,0.500000000,0.0,5.76,0.300000000,38.56,138,230,20,Saturday,3,138,LaGuardia Airport,Queens
1,2018-10-29 07:25:25,2018-10-29 08:03:34,1,10.8,1,N,1,33.5,0E-9,0.500000000,8.0,5.76,0.300000000,48.06,138,230,7,Monday,10,138,LaGuardia Airport,Queens
1,2018-10-19 09:30:11,2018-10-19 10:34:51,1,13.0,1,N,1,49.0,0E-9,0.500000000,15.0,5.76,0.300000000,70.56,138,230,9,Friday,10,138,LaGuardia Airport,Queens
2,2018-03-29 17:54:13,2018-03-29 18:44:53,1,10.3,1,N,1,37.5,1.000000000,0.500000000,7.86,0.0,0.300000000,47.16,138,107,17,Thursday,3,138,LaGuardia Airport,Queens
2,2018-12-02 21:24:38,2018-12-02 21:40:36,1,7.79,1,N,1,23.0,0.500000000,0.500000000,4.86,0.0,0.300000000,29.16,138,255,21,Sunday,12,138,LaGuardia Airport,Queens
1,2018-12-03 09:54:54,2018-12-03 10:34:38,1,10.7,1,N,1,34.0,0E-9,0.500000000,10.1,5.76,0.300000000,50.66,138,233,9,Monday,12,138,LaGuardia Airport,Queens
2,2018-06-06 20:24:27,2018-06-06 20:52:57,1,12.51,1,N,1,37.0,0.500000000,0.500000000,8.81,5.76,0.300000000,52.87,138,100,20,Wednesday,6,138,LaGuardia Airport,Queens
1,2018-12-11 23:59:00,2018-12-12 00:11:36,1,8.1,1,N,1,23.0,0.500000000,0.500000000,6.05,0.0,0.300000000,30.35,138,255,23,Tuesday,12,138,LaGuardia Airport,Queens
1,2018-08-11 12:43:13,2018-08-11 13:05:49,1,8.9,1,N,1,27.5,0E-9,0.500000000,6.8,5.76,0.300000000,40.86,138,224,12,Saturday,8,138,LaGuardia Airport,Queens
2,2018-12-03 00:19:24,2018-12-03 00:37:48,5,9.7,1,N,2,27.0,0.500000000,0.500000000,0.0,5.76,0.300000000,34.06,138,107,0,Monday,12,138,LaGuardia Airport,Queens
2,2018-03-08 20:55:56,2018-03-08 21:27:49,1,13.11,1,N,1,39.0,0.500000000,0.500000000,8.06,0.0,0.300000000,48.36,138,158,20,Thursday,3,138,LaGuardia Airport,Queens
2,2018-01-23 18:12:28,2018-01-23 18:43:22,1,8.47,1,N,1,28.5,1.000000000,0.500000000,6.06,0.0,0.300000000,36.36,146,121,18,Tuesday,1,146,Long Island City/Queens Plaza,Queens
2,2018-06-11 00:07:09,2018-06-11 00:22:12,1,8.82,1,N,1,25.0,0.500000000,0.500000000,4.81,5.76,0.300000000,36.87,138,170,0,Monday,6,138,LaGuardia Airport,Queens
1,2018-07-18 23:31:14,2018-07-19 00:00:52,2,8.4,1,N,1,28.0,0.500000000,0.500000000,5.86,0.0,0.300000000,35.16,138,100,23,Wednesday,7,138,LaGuardia Airport,Queens
2,2018-06-07 20:56:44,2018-06-07 21:23:08,5,10.44,1,N,1,31.5,0.500000000,0.500000000,7.71,5.76,0.300000000,46.27,138,230,20,Thursday,6,138,LaGuardia Airport,Queens
2,2018-06-08 15:59:27,2018-06-08 16:34:17,1,6.36,1,N,1,26.0,1.000000000,0.500000000,4.0,0.0,0.300000000,31.8,138,237,15,Friday,6,138,LaGuardia Airport,Queens
1,2018-12-26 18:38:18,2018-12-26 19:17:32,3,10.5,1,N,1,35.5,1.000000000,0.500000000,8.6,5.76,0.300000000,51.66,138,163,18,Wednesday,12,138,LaGuardia Airport,Queens
1,2018-05-30 08:16:28,2018-05-30 09:12:41,1,10.0,1,N,1,40.0,0E-9,0.500000000,13.95,5.76,0.300000000,60.51,138,234,8,Wednesday,5,138,LaGuardia Airport,Queens
2,2018-06-29 23:07:34,2018-06-29 23:39:17,5,11.33,1,N,1,36.0,0.500000000,0.500000000,7.46,0.0,0.300000000,44.76,138,113,23,Friday,6,138,LaGuardia Airport,Queens
1,2018-09-07 16:21:27,2018-09-07 17:04:00,1,7.9,1,N,1,32.5,1.000000000,0.500000000,8.0,5.76,0.300000000,48.06,138,233,16,Friday,9,138,LaGuardia Airport,Queens
2,2018-03-29 23:32:33,2018-03-29 23:54:07,1,9.82,1,N,1,30.0,0.500000000,0.500000000,6.26,0.0,0.300000000,37.56,138,211,23,Thursday,3,138,LaGuardia Airport,Queens
2,2018-08-26 12:51:15,2018-08-26 13:17:49,5,9.69,1,N,1,29.5,0E-9,0.500000000,6.0,0.0,0.300000000,36.3,138,170,12,Sunday,8,138,LaGuardia Airport,Queens
1,2018-04-27 18:14:39,2018-04-27 19:06:03,2,11.7,1,N,1,40.0,1.000000000,0.500000000,8.35,0.0,0.300000000,50.15,138,148,18,Friday,4,138,LaGuardia Airport,Queens
1,2018-04-19 13:37:57,2018-04-19 14:02:53,2,7.7,1,N,1,24.5,0E-9,0.500000000,5.05,0.0,0.300000000,30.35,138,255,13,Thursday,4,138,LaGuardia Airport,Queens
2,2018-12-13 19:41:22,2018-12-13 20:09:46,5,10.6,1,N,1,31.0,1.000000000,0.500000000,7.71,5.76,0.300000000,46.27,138,229,19,Thursday,12,138,LaGuardia Airport,Queens
2,2018-09-07 17:18:11,2018-09-07 17:54:45,1,8.67,1,N,1,31.0,1.000000000,0.500000000,7.71,5.76,0.300000000,46.27,138,164,17,Friday,9,138,LaGuardia Airport,Queens
2,2018-07-23 18:41:47,2018-07-23 19:09:24,1,7.55,1,N,1,26.0,1.000000000,0.500000000,6.71,5.76,0.300000000,40.27,138,166,18,Monday,7,138,LaGuardia Airport,Queens
2,2018-12-04 17:46:22,2018-12-04 18:29:15,1,9.16,1,N,1,33.5,1.000000000,0.500000000,7.06,0.0,0.300000000,42.36,138,233,17,Tuesday,12,138,LaGuardia Airport,Queens
1,2018-05-09 18:47:53,2018-05-09 19:15:59,2,8.2,1,N,1,26.0,1.000000000,0.500000000,6.7,5.76,0.300000000,40.26,138,244,18,Wednesday,5,138,LaGuardia Airport,Queens
2,2018-01-23 14:35:50,2018-01-23 15:02:04,1,9.78,1,N,1,30.5,0E-9,0.500000000,7.41,5.76,0.300000000,44.47,138,141,14,Tuesday,1,138,LaGuardia Airport,Queens
2,2018-03-12 09:09:05,2018-03-12 09:56:23,6,12.52,1,N,1,42.0,0E-9,0.500000000,9.71,5.76,0.300000000,58.27,138,246,9,Monday,3,138,LaGuardia Airport,Queens
2,2018-01-31 18:47:07,2018-01-31 19:10:52,3,7.42,1,N,1,25.0,1.000000000,0.500000000,6.7,0.0,0.300000000,33.5,138,255,18,Wednesday,1,138,LaGuardia Airport,Queens
1,2018-08-27 17:14:02,2018-08-27 17:29:08,1,8.6,1,N,1,24.5,1.000000000,0.500000000,8.0,5.76,0.300000000,40.06,138,140,17,Monday,8,138,LaGuardia Airport,Queens
2,2018-02-28 23:37:36,2018-03-01 00:00:25,1,9.22,1,N,1,28.5,0.500000000,0.500000000,5.96,0.0,0.300000000,35.76,138,163,23,Wednesday,2,138,LaGuardia Airport,Queens
2,2018-07-11 11:59:35,2018-07-11 12:34:20,3,13.03,1,N,1,39.0,0E-9,0.500000000,9.11,5.76,0.300000000,54.67,138,261,11,Wednesday,7,138,LaGuardia Airport,Queens
2,2018-02-13 10:23:44,2018-02-13 10:55:02,1,7.62,1,N,1,26.0,0E-9,0.500000000,6.51,5.76,0.300000000,39.07,138,162,10,Tuesday,2,138,LaGuardia Airport,Queens
2,2018-03-12 21:25:13,2018-03-12 21:51:00,1,9.57,1,N,1,28.5,0.500000000,0.500000000,5.33,5.76,0.300000000,40.89,138,239,21,Monday,3,138,LaGuardia Airport,Queens
2,2018-06-11 13:07:55,2018-06-11 13:50:58,6,9.63,1,N,1,36.5,0E-9,0.500000000,8.61,5.76,0.300000000,51.67,138,186,13,Monday,6,138,LaGuardia Airport,Queens
1,2018-03-28 19:03:58,2018-03-28 19:29:45,1,13.1,1,N,1,37.0,1.000000000,0.500000000,8.9,5.76,0.300000000,53.46,138,261,19,Wednesday,3,138,LaGuardia Airport,Queens
2,2018-05-29 21:33:05,2018-05-29 21:49:07,1,7.43,1,N,1,22.5,0.500000000,0.500000000,5.91,5.76,0.300000000,35.47,138,263,21,Tuesday,5,138,LaGuardia Airport,Queens
1,2018-04-09 21:49:20,2018-04-09 22:08:18,1,8.3,1,N,1,25.5,0.500000000,0.500000000,6.5,5.76,0.300000000,39.06,138,41,21,Monday,4,138,LaGuardia Airport,Queens
2,2018-04-22 17:23:13,2018-04-22 18:12:04,1,10.11,1,N,1,34.5,0E-9,0.500000000,12.32,5.76,0.300000000,53.38,138,162,17,Sunday,4,138,LaGuardia Airport,Queens
2,2018-07-24 23:52:11,2018-07-25 00:10:08,1,9.86,1,N,1,28.0,0.500000000,0.500000000,7.01,5.76,0.300000000,42.07,138,237,23,Tuesday,7,138,LaGuardia Airport,Queens
2,2018-08-27 18:24:04,2018-08-27 18:56:11,1,9.19,1,N,1,29.5,1.000000000,0.500000000,7.41,5.76,0.300000000,44.47,138,140,18,Monday,8,138,LaGuardia Airport,Queens
2,2018-10-23 18:04:14,2018-10-23 18:39:58,1,9.41,1,N,1,31.5,1.000000000,0.500000000,7.81,5.76,0.300000000,46.87,138,162,18,Tuesday,10,138,LaGuardia Airport,Queens
1,2018-11-02 10:12:58,2018-11-02 10:36:54,1,7.0,1,N,1,23.0,0E-9,0.500000000,4.75,0.0,0.300000000,28.55,138,255,10,Friday,11,138,LaGuardia Airport,Queens
1,2018-01-12 17:47:31,2018-01-12 18:35:51,1,11.9,1,N,1,38.0,1.000000000,0.500000000,9.1,5.76,0.300000000,54.66,138,164,17,Friday,1,138,LaGuardia Airport,Queens
2,2018-03-15 07:21:46,2018-03-15 07:54:09,2,11.54,1,N,1,34.5,0E-9,0.500000000,10.26,5.76,0.300000000,51.32,138,164,7,Thursday,3,138,LaGuardia Airport,Queens
1,2018-03-15 19:33:13,2018-03-15 20:02:23,3,13.3,1,N,1,37.0,1.000000000,0.500000000,6.0,5.76,0.300000000,50.56,138,261,19,Thursday,3,138,LaGuardia Airport,Queens
1,2018-08-27 21:49:12,2018-08-27 21:50:00,1,30.9,1,N,1,2.5,0.500000000,0.500000000,17.0,0.0,0.300000000,20.8,1,1,21,Monday,8,1,Newark Airport,Ewr
1,2018-03-14 10:40:35,2018-03-14 11:26:35,3,8.4,1,N,1,35.0,0E-9,0.500000000,10.35,5.76,0.300000000,51.91,138,230,10,Wednesday,3,138,LaGuardia Airport,Queens
2,2018-01-15 15:37:22,2018-01-15 16:10:42,1,10.92,1,N,1,33.5,0E-9,0.500000000,6.01,5.76,0.300000000,46.07,138,163,15,Monday,1,138,LaGuardia Airport,Queens
2,2018-02-14 19:48:59,2018-02-14 20:29:03,1,15.32,1,N,1,44.5,1.000000000,0.500000000,9.26,0.0,0.300000000,55.56,138,89,19,Wednesday,2,138,LaGuardia Airport,Queens
1,2018-06-13 20:36:51,2018-06-13 21:05:58,2,10.6,1,N,1,32.5,0.500000000,0.500000000,6.75,0.0,0.300000000,40.55,138,189,20,Wednesday,6,138,LaGuardia Airport,Queens
2,2018-09-20 16:47:07,2018-09-20 17:27:02,2,8.76,1,N,1,32.5,1.000000000,0.500000000,8.01,5.76,0.300000000,48.07,138,164,16,Thursday,9,138,LaGuardia Airport,Queens
1,2018-03-04 15:11:47,2018-03-04 16:02:21,1,28.6,5,N,1,111.11,0E-9,0E-9,26.3,20.26,0.300000000,157.97,138,265,15,Sunday,3,138,LaGuardia Airport,Queens
2,2018-07-15 15:20:56,2018-07-15 15:48:55,5,9.44,1,N,1,29.5,0E-9,0.500000000,10.82,5.76,0.300000000,46.88,138,90,15,Sunday,7,138,LaGuardia Airport,Queens
1,2018-08-04 17:03:30,2018-08-04 17:42:01,1,17.2,1,N,1,47.5,0E-9,0.500000000,6.0,0.0,0.300000000,54.3,138,14,17,Saturday,8,138,LaGuardia Airport,Queens
2,2018-02-04 10:40:38,2018-02-04 11:09:37,4,15.7,3,N,1,61.0,0E-9,0E-9,23.27,16.26,0.300000000,100.83,138,265,10,Sunday,2,138,LaGuardia Airport,Queens
2,2018-11-05 21:51:07,2018-11-05 22:09:34,1,7.94,1,N,1,24.0,0.500000000,0.500000000,6.21,5.76,0.300000000,37.27,138,236,21,Monday,11,138,LaGuardia Airport,Queens
1,2018-11-25 20:59:17,2018-11-25 21:30:06,1,10.4,1,N,1,32.5,0.500000000,0.500000000,7.9,5.76,0.300000000,47.46,138,114,20,Sunday,11,138,LaGuardia Airport,Queens
2,2018-11-26 10:05:11,2018-11-26 10:34:11,1,9.45,1,N,1,29.5,0E-9,0.500000000,6.06,0.0,0.300000000,36.36,138,49,10,Monday,11,138,LaGuardia Airport,Queens
2,2018-11-25 18:50:55,2018-11-25 19:20:32,1,10.56,1,N,1,32.0,0E-9,0.500000000,6.56,0.0,0.300000000,39.36,138,114,18,Sunday,11,138,LaGuardia Airport,Queens
2,2018-06-15 18:05:13,2018-06-15 18:33:01,6,8.98,1,N,1,28.0,1.000000000,0.500000000,8.89,5.76,0.300000000,44.45,138,79,18,Friday,6,138,LaGuardia Airport,Queens
2,2018-01-16 18:55:03,2018-01-16 19:31:52,2,9.53,1,N,1,34.5,1.000000000,0.500000000,10.52,5.76,0.300000000,52.58,138,43,18,Tuesday,1,138,LaGuardia Airport,Queens
2,2018-09-12 10:48:13,2018-09-12 11:33:29,2,11.14,1,N,1,37.5,0E-9,0.500000000,11.02,5.76,0.300000000,55.08,138,142,10,Wednesday,9,138,LaGuardia Airport,Queens
2,2018-06-04 10:31:28,2018-06-04 11:22:41,4,9.26,1,N,1,38.0,0E-9,0.500000000,16.0,5.76,0.300000000,60.56,138,100,10,Monday,6,138,LaGuardia Airport,Queens
2,2018-05-14 00:20:40,2018-05-14 00:36:28,1,8.56,1,N,1,24.5,0.500000000,0.500000000,6.31,5.76,0.300000000,37.87,138,236,0,Monday,5,138,LaGuardia Airport,Queens
2,2018-09-22 21:51:44,2018-09-22 22:22:24,1,11.87,1,N,1,33.5,0.500000000,0.500000000,6.96,0.0,0.300000000,41.76,138,52,21,Saturday,9,138,LaGuardia Airport,Queens
2,2018-03-04 16:45:26,2018-03-04 17:06:41,5,7.65,1,N,1,24.0,0E-9,0.500000000,6.11,5.76,0.300000000,36.67,138,262,16,Sunday,3,138,LaGuardia Airport,Queens
2,2018-12-31 17:13:31,2018-12-31 17:41:29,1,8.41,1,N,1,27.5,1.000000000,0.500000000,8.76,5.76,0.300000000,43.82,138,24,17,Monday,12,138,LaGuardia Airport,Queens
2,2018-12-11 07:58:33,2018-12-11 08:52:45,1,10.55,1,N,1,40.5,0E-9,0.500000000,8.26,0.0,0.300000000,49.56,138,231,7,Tuesday,12,138,LaGuardia Airport,Queens
2,2018-10-11 10:26:27,2018-10-11 11:23:52,1,10.13,1,N,1,41.5,0E-9,0.500000000,12.02,5.76,0.300000000,60.08,138,161,10,Thursday,10,138,LaGuardia Airport,Queens
1,2018-09-02 11:28:06,2018-09-02 11:50:20,1,8.3,1,N,1,26.0,0E-9,0.500000000,6.5,5.76,0.300000000,39.06,138,166,11,Sunday,9,138,LaGuardia Airport,Queens
1,2018-06-25 13:31:00,2018-06-25 14:07:59,1,8.8,1,N,1,32.0,0E-9,0.500000000,9.6,5.76,0.300000000,48.16,138,186,13,Monday,6,138,LaGuardia Airport,Queens
2,2018-06-04 18:02:49,2018-06-04 18:38:19,1,9.93,1,N,1,34.0,1.000000000,0.500000000,8.31,5.76,0.300000000,49.87,138,230,18,Monday,6,138,LaGuardia Airport,Queens
2,2018-03-26 18:24:28,2018-03-26 18:43:37,1,6.88,1,N,1,21.5,1.000000000,0.500000000,4.66,0.0,0.300000000,27.96,138,255,18,Monday,3,138,LaGuardia Airport,Queens
1,2018-03-27 15:04:45,2018-03-27 15:46:23,1,7.1,1,Y,1,31.5,0E-9,0.500000000,4.0,0.0,0.300000000,36.3,138,255,15,Tuesday,3,138,LaGuardia Airport,Queens
2,2018-11-18 19:31:01,2018-11-18 20:04:20,5,16.49,1,N,1,45.5,0E-9,0.500000000,9.26,0.0,0.300000000,55.56,138,89,19,Sunday,11,138,LaGuardia Airport,Queens
1,2018-03-28 10:11:23,2018-03-28 10:44:46,1,8.2,1,N,1,28.5,0E-9,0.500000000,7.01,5.76,0.300000000,42.07,138,141,10,Wednesday,3,138,LaGuardia Airport,Queens
1,2018-05-15 21:59:34,2018-05-15 22:29:06,1,8.9,1,N,1,29.5,0.500000000,0.500000000,10.0,5.76,0.300000000,46.56,138,48,21,Tuesday,5,138,LaGuardia Airport,Queens
1,2018-09-23 16:57:50,2018-09-23 17:31:40,1,8.7,1,N,1,30.0,0E-9,0.500000000,9.1,5.76,0.300000000,45.66,138,100,16,Sunday,9,138,LaGuardia Airport,Queens
1,2018-03-05 10:43:12,2018-03-05 11:31:18,1,9.4,1,N,1,36.5,0E-9,0.500000000,8.6,5.76,0.300000000,51.66,138,100,10,Monday,3,138,LaGuardia Airport,Queens
1,2018-04-19 13:58:34,2018-04-19 14:29:51,2,10.1,1,N,2,31.5,0E-9,0.500000000,0.0,5.76,0.300000000,38.06,138,162,13,Thursday,4,138,LaGuardia Airport,Queens
2,2018-05-15 13:02:50,2018-05-15 13:27:17,1,8.37,1,N,1,26.0,0E-9,0.500000000,4.0,5.76,0.300000000,36.56,138,236,13,Tuesday,5,138,LaGuardia Airport,Queens
2,2018-10-17 21:10:40,2018-10-17 21:26:39,5,7.35,1,N,1,22.0,0.500000000,0.500000000,5.81,5.76,0.300000000,34.87,138,263,21,Wednesday,10,138,LaGuardia Airport,Queens
2,2018-03-17 14:44:06,2018-03-17 15:11:47,1,8.87,1,N,1,28.5,0E-9,0.500000000,7.01,5.76,0.300000000,42.07,138,263,14,Saturday,3,138,LaGuardia Airport,Queens
1,2018-02-16 22:52:38,2018-02-16 23:12:39,2,11.7,1,N,1,32.5,0.500000000,0.500000000,6.75,0.0,0.300000000,40.55,138,25,22,Friday,2,138,LaGuardia Airport,Queens
2,2018-10-05 13:10:57,2018-10-05 13:50:24,1,11.32,1,N,1,36.5,0E-9,0.500000000,8.61,5.76,0.300000000,51.67,138,161,13,Friday,10,138,LaGuardia Airport,Queens
2,2018-09-03 18:02:24,2018-09-03 18:29:03,1,7.44,1,N,1,24.5,0E-9,0.500000000,5.06,0.0,0.300000000,30.36,138,37,18,Monday,9,138,LaGuardia Airport,Queens
2,2018-07-18 21:30:49,2018-07-18 21:52:37,1,8.16,1,N,2,25.5,0.500000000,0.500000000,0.0,5.76,0.300000000,32.56,138,236,21,Wednesday,7,138,LaGuardia Airport,Queens
2,2018-11-07 13:31:23,2018-11-07 14:03:06,4,8.95,1,N,1,31.0,0E-9,0.500000000,9.39,5.76,0.300000000,46.95,138,107,13,Wednesday,11,138,LaGuardia Airport,Queens
2,2018-03-05 23:45:35,2018-03-06 00:12:16,3,10.59,1,N,1,32.5,0.500000000,0.500000000,5.07,0.0,0.300000000,38.87,138,238,23,Monday,3,138,LaGuardia Airport,Queens
2,2018-09-05 18:01:27,2018-09-05 18:43:44,1,9.19,1,N,1,35.5,1.000000000,0.500000000,0.0,5.76,0.300000000,43.06,138,230,18,Wednesday,9,138,LaGuardia Airport,Queens
1,2018-07-08 20:18:21,2018-07-08 20:42:15,3,8.2,1,N,2,25.0,0.500000000,0.500000000,0.0,0.0,0.300000000,26.3,138,36,20,Sunday,7,138,LaGuardia Airport,Queens
2,2018-05-03 15:03:29,2018-05-03 15:44:49,1,9.95,1,N,1,33.5,0E-9,0.500000000,10.02,5.76,0.300000000,50.08,138,162,15,Thursday,5,138,LaGuardia Airport,Queens
1,2018-05-04 22:35:12,2018-05-04 23:24:39,2,9.1,1,N,1,36.0,0.500000000,0.500000000,8.0,0.0,0.300000000,45.3,138,114,22,Friday,5,138,LaGuardia Airport,Queens
2,2018-05-05 21:41:23,2018-05-05 22:16:52,2,15.62,1,N,1,43.5,0.500000000,0.500000000,10.11,5.76,0.300000000,60.67,138,87,21,Saturday,5,138,LaGuardia Airport,Queens
1,2018-10-15 20:53:58,2018-10-15 21:11:04,1,7.4,1,N,1,22.5,0.500000000,0.500000000,4.0,0.0,0.300000000,27.8,138,255,20,Monday,10,138,LaGuardia Airport,Queens
1,2018-01-19 22:27:22,2018-01-19 22:52:17,1,8.8,1,N,2,27.5,0.500000000,0.500000000,0.0,0.0,0.300000000,28.8,138,163,22,Friday,1,138,LaGuardia Airport,Queens
2,2018-12-22 14:46:38,2018-12-22 15:18:45,4,12.96,1,N,2,36.5,0E-9,0.500000000,0.0,0.0,0.300000000,37.3,138,132,14,Saturday,12,138,LaGuardia Airport,Queens
1,2018-05-06 21:57:17,2018-05-06 22:16:38,1,11.1,1,N,1,31.0,0.500000000,0.500000000,0.0,5.76,0.300000000,38.06,138,137,21,Sunday,5,138,LaGuardia Airport,Queens
2,2018-02-07 15:05:02,2018-02-07 15:30:54,1,9.02,1,N,1,28.0,0E-9,0.500000000,6.91,5.76,0.300000000,41.47,138,164,15,Wednesday,2,138,LaGuardia Airport,Queens
2,2018-02-07 22:36:46,2018-02-07 22:55:14,1,8.7,1,N,1,25.5,0.500000000,0.500000000,8.14,5.76,0.300000000,40.7,138,68,22,Wednesday,2,138,LaGuardia Airport,Queens
2,2018-06-10 18:33:42,2018-06-10 19:03:44,2,12.32,1,N,2,37.0,0E-9,0.500000000,0.0,5.76,0.300000000,43.56,138,234,18,Sunday,6,138,LaGuardia Airport,Queens
1,2018-03-08 18:32:14,2018-03-08 18:49:29,1,7.3,1,N,1,22.0,1.000000000,0.500000000,5.9,5.76,0.300000000,35.46,138,75,18,Thursday,3,138,LaGuardia Airport,Queens
2,2018-03-19 19:06:32,2018-03-19 19:35:32,1,11.63,1,N,2,35.0,1.000000000,0.500000000,0.0,0.0,0.300000000,36.8,138,25,19,Monday,3,138,LaGuardia Airport,Queens
2,2018-06-27 23:23:11,2018-06-27 23:39:21,1,7.58,1,N,1,23.0,0.500000000,0.500000000,3.01,5.76,0.300000000,33.07,138,42,23,Wednesday,6,138,LaGuardia Airport,Queens
2,2018-12-14 15:41:46,2018-12-14 16:41:25,1,9.57,1,N,1,39.5,0E-9,0.500000000,6.5,5.76,0.300000000,52.56,138,236,15,Friday,12,138,LaGuardia Airport,Queens
1,2018-08-23 19:47:53,2018-08-23 20:12:34,1,8.0,1,N,2,25.5,1.000000000,0.500000000,0.0,0.0,0.300000000,27.3,138,256,19,Thursday,8,138,LaGuardia Airport,Queens
1,2018-05-28 08:41:17,2018-05-28 09:00:34,2,8.4,1,N,2,25.5,0E-9,0.500000000,0.0,5.76,0.300000000,32.06,138,161,8,Monday,5,138,LaGuardia Airport,Queens
2,2018-09-27 12:30:21,2018-09-27 13:08:58,1,15.7,1,N,2,46.0,0E-9,0.500000000,0.0,5.76,0.300000000,52.56,138,200,12,Thursday,9,138,LaGuardia Airport,Queens
2,2018-06-30 07:49:56,2018-06-30 08:16:24,1,15.24,1,N,1,42.0,0E-9,0.500000000,0.0,0.0,0.300000000,42.8,138,39,7,Saturday,6,138,LaGuardia Airport,Queens
2,2018-09-15 21:36:18,2018-09-15 22:10:27,1,10.6,1,N,2,34.0,0.500000000,0.500000000,0.0,0.0,0.300000000,35.3,138,189,21,Saturday,9,138,LaGuardia Airport,Queens
2,2018-07-08 14:57:23,2018-07-08 15:29:13,5,10.46,1,N,1,33.0,0E-9,0.500000000,7.91,5.76,0.300000000,47.47,138,142,14,Sunday,7,138,LaGuardia Airport,Queens
2,2018-02-08 22:04:34,2018-02-08 22:21:32,1,7.94,1,N,1,24.0,0.500000000,0.500000000,5.06,0.0,0.300000000,30.36,138,112,22,Thursday,2,138,LaGuardia Airport,Queens
2,2018-07-06 21:47:27,2018-07-07 00:00:00,2,10.08,1,N,1,30.0,0.500000000,0.500000000,4.7,0.0,0.300000000,36.0,138,232,21,Friday,7,138,LaGuardia Airport,Queens
1,2018-04-27 12:30:45,2018-04-27 13:02:01,1,14.5,4,N,1,45.5,0E-9,0.500000000,10.4,5.76,0.300000000,62.46,138,265,12,Friday,4,138,LaGuardia Airport,Queens
1,2018-01-10 19:23:29,2018-01-10 19:46:05,1,10.7,1,N,1,30.5,1.000000000,0.500000000,11.4,5.76,0.300000000,49.46,138,162,19,Wednesday,1,138,LaGuardia Airport,Queens
2,2018-06-07 20:24:27,2018-06-07 20:41:57,2,8.79,1,N,1,25.5,0.500000000,0.500000000,4.88,5.76,0.300000000,37.44,138,236,20,Thursday,6,138,LaGuardia Airport,Queens
1,2018-08-11 14:22:46,2018-08-11 14:48:29,2,10.7,1,N,1,31.5,0E-9,0.500000000,7.6,5.76,0.300000000,45.66,138,230,14,Saturday,8,138,LaGuardia Airport,Queens
2,2018-05-07 23:06:24,2018-05-07 23:32:09,2,7.9,1,N,1,26.5,0.500000000,0.500000000,2.5,0.0,0.300000000,30.3,138,140,23,Monday,5,138,LaGuardia Airport,Queens
1,2018-08-22 22:13:43,2018-08-22 22:29:25,1,8.4,1,N,1,24.5,0.500000000,0.500000000,6.3,5.76,0.300000000,37.86,138,262,22,Wednesday,8,138,LaGuardia Airport,Queens
1,2018-03-19 21:05:11,2018-03-19 21:27:47,1,11.2,1,N,1,32.5,0.500000000,0.500000000,6.0,0.0,0.300000000,39.8,138,97,21,Monday,3,138,LaGuardia Airport,Queens
2,2018-10-29 13:43:24,2018-10-29 14:08:57,1,9.59,1,N,1,29.5,0E-9,0.500000000,7.17,5.54,0.300000000,43.01,138,161,13,Monday,10,138,LaGuardia Airport,Queens
1,2018-03-22 14:52:11,2018-03-22 15:34:18,1,9.7,1,N,1,36.0,0E-9,0.500000000,8.5,5.76,0.300000000,51.06,138,234,14,Thursday,3,138,LaGuardia Airport,Queens
1,2018-07-23 12:37:43,2018-07-23 13:05:04,1,8.4,1,N,1,28.0,0E-9,0.500000000,6.9,5.76,0.300000000,41.46,138,164,12,Monday,7,138,LaGuardia Airport,Queens
1,2018-06-18 23:41:36,2018-06-18 23:58:11,1,9.4,1,N,1,27.0,0.500000000,0.500000000,6.8,5.76,0.300000000,40.86,138,140,23,Monday,6,138,LaGuardia Airport,Queens
1,2018-05-27 15:37:28,2018-05-27 16:05:09,2,12.7,1,N,1,36.0,0E-9,0.500000000,7.35,0.0,0.300000000,44.15,138,132,15,Sunday,5,138,LaGuardia Airport,Queens
1,2018-12-15 12:45:30,2018-12-15 13:14:51,1,10.0,1,N,1,31.0,0E-9,0.500000000,8.65,11.52,0.300000000,51.97,138,237,12,Saturday,12,138,LaGuardia Airport,Queens
2,2018-02-12 15:37:13,2018-02-12 16:02:20,1,8.93,1,N,1,28.0,0E-9,0.500000000,8.64,5.76,0.300000000,43.2,138,186,15,Monday,2,138,LaGuardia Airport,Queens
2,2018-01-01 15:37:22,2018-01-01 16:03:21,1,9.64,1,N,1,29.0,0E-9,0.500000000,5.96,0.0,0.300000000,35.76,138,4,15,Monday,1,138,LaGuardia Airport,Queens
1,2018-04-10 23:20:59,2018-04-10 23:42:46,1,14.5,1,N,1,39.0,0.500000000,0.500000000,10.05,0.0,0.300000000,50.35,138,257,23,Tuesday,4,138,LaGuardia Airport,Queens
2,2018-06-02 14:01:29,2018-06-02 14:45:18,2,12.6,1,N,1,40.0,0E-9,0.500000000,9.31,5.76,0.300000000,55.87,138,50,14,Saturday,6,138,LaGuardia Airport,Queens
2,2018-03-03 21:53:02,2018-03-03 22:22:01,6,17.19,1,N,1,47.0,0.500000000,0.500000000,10.81,5.76,0.300000000,64.87,138,231,21,Saturday,3,138,LaGuardia Airport,Queens
2,2018-09-16 16:36:30,2018-09-16 17:11:42,1,15.15,1,N,1,42.0,0E-9,0.500000000,7.28,5.76,0.300000000,55.84,138,88,16,Sunday,9,138,LaGuardia Airport,Queens
2,2018-04-28 21:04:14,2018-04-28 21:19:12,1,7.48,1,N,1,22.0,0.500000000,0.500000000,5.81,5.76,0.300000000,34.87,138,262,21,Saturday,4,138,LaGuardia Airport,Queens
2,2018-10-22 12:39:18,2018-10-22 13:05:55,1,9.97,1,N,1,30.5,0E-9,0.500000000,6.26,0.0,0.300000000,37.56,138,65,12,Monday,10,138,LaGuardia Airport,Queens
2,2018-02-20 09:27:27,2018-02-21 00:00:00,1,6.29,1,N,1,22.0,0E-9,0.500000000,2.28,0.0,0.300000000,25.08,138,145,9,Tuesday,2,138,LaGuardia Airport,Queens
2,2018-11-22 12:55:13,2018-11-22 13:18:39,2,9.36,1,N,1,28.5,0E-9,0.500000000,7.01,5.76,0.300000000,42.07,138,237,12,Thursday,11,138,LaGuardia Airport,Queens
2,2018-06-10 14:46:18,2018-06-10 15:22:10,5,9.74,1,N,1,33.5,0E-9,0.500000000,8.01,5.76,0.300000000,48.07,138,230,14,Sunday,6,138,LaGuardia Airport,Queens
2,2018-07-12 07:32:25,2018-07-12 07:57:19,1,9.51,1,N,1,28.0,0E-9,0.500000000,6.91,5.76,0.300000000,41.47,138,243,7,Thursday,7,138,LaGuardia Airport,Queens
2,2018-01-03 00:57:38,2018-01-03 01:16:44,6,10.27,1,N,1,30.5,0.500000000,0.500000000,7.0,5.76,0.300000000,44.56,138,185,0,Wednesday,1,138,LaGuardia Airport,Queens
2,2018-08-14 13:53:08,2018-08-14 14:26:23,1,9.8,1,N,1,34.0,0E-9,0.500000000,8.11,5.76,0.300000000,48.67,138,100,13,Tuesday,8,138,LaGuardia Airport,Queens
1,2018-10-09 00:11:10,2018-10-09 00:29:07,1,10.1,1,N,1,29.5,0.500000000,0.500000000,6.15,0.0,0.300000000,36.95,138,97,0,Tuesday,10,138,LaGuardia Airport,Queens
1,2018-12-18 09:23:53,2018-12-18 10:06:22,1,10.9,1,N,1,35.0,0E-9,0.500000000,8.31,5.76,0.300000000,49.87,138,230,9,Tuesday,12,138,LaGuardia Airport,Queens
2,2018-03-01 20:00:25,2018-03-01 20:23:39,1,9.29,1,N,1,28.0,0.500000000,0.500000000,6.97,5.54,0.300000000,41.81,138,236,20,Thursday,3,138,LaGuardia Airport,Queens
2,2018-05-21 13:46:42,2018-05-21 14:16:16,1,10.8,1,N,1,32.0,0E-9,0.500000000,6.56,0.0,0.300000000,39.36,138,124,13,Monday,5,138,LaGuardia Airport,Queens
2,2018-03-03 08:06:02,2018-03-03 08:26:09,1,8.75,1,N,1,26.5,0E-9,0.500000000,6.82,0.0,0.300000000,34.12,138,140,8,Saturday,3,138,LaGuardia Airport,Queens
1,2018-07-12 20:26:12,2018-07-12 20:44:31,1,8.8,1,N,1,25.5,1.000000000,0.500000000,6.6,5.76,0.300000000,39.66,138,141,20,Thursday,7,138,LaGuardia Airport,Queens
2,2018-07-23 20:49:00,2018-07-23 21:05:58,6,8.11,1,N,1,24.5,0.500000000,0.500000000,5.16,0.0,0.300000000,30.96,138,256,20,Monday,7,138,LaGuardia Airport,Queens
2,2018-08-18 15:35:26,2018-08-18 16:12:12,1,10.87,1,N,1,36.0,0E-9,0.500000000,8.51,5.76,0.300000000,51.07,138,50,15,Saturday,8,138,LaGuardia Airport,Queens
1,2018-03-02 13:01:16,2018-03-02 13:42:55,1,18.3,1,N,1,51.0,0E-9,0.500000000,11.5,5.76,0.300000000,69.06,138,158,13,Friday,3,138,LaGuardia Airport,Queens
2,2018-03-15 18:04:24,2018-03-15 19:04:21,1,11.77,1,N,1,43.5,1.000000000,0.500000000,7.94,5.76,0.300000000,59.0,138,48,18,Thursday,3,138,LaGuardia Airport,Queens
1,2018-12-30 15:42:30,2018-12-30 15:57:25,1,8.1,1,N,1,23.0,0E-9,0.500000000,5.9,5.76,0.300000000,35.46,138,262,15,Sunday,12,138,LaGuardia Airport,Queens
1,2018-11-03 19:46:07,2018-11-03 20:05:44,1,7.5,1,N,1,24.0,0.500000000,0.500000000,5.5,5.76,0.300000000,36.56,138,263,19,Saturday,11,138,LaGuardia Airport,Queens
2,2018-12-31 19:26:23,2018-12-31 19:55:11,1,8.58,1,N,1,28.0,1.000000000,0.500000000,5.96,0.0,0.300000000,35.76,138,37,19,Monday,12,138,LaGuardia Airport,Queens
1,2018-05-01 12:40:50,2018-05-01 13:27:25,1,13.1,1,N,1,44.5,0E-9,0.500000000,10.2,5.76,0.300000000,61.26,138,68,12,Tuesday,5,138,LaGuardia Airport,Queens
1,2018-03-22 20:58:25,2018-03-22 21:30:08,1,11.0,1,N,1,35.5,0.500000000,0.500000000,8.5,5.76,0.300000000,51.06,138,244,20,Thursday,3,138,LaGuardia Airport,Queens
2,2018-07-16 13:12:26,2018-07-16 13:53:02,1,11.82,1,N,1,38.0,0E-9,0.500000000,8.91,5.76,0.300000000,53.47,138,244,13,Monday,7,138,LaGuardia Airport,Queens
1,2018-03-27 09:17:37,2018-03-27 10:10:00,1,11.8,1,N,1,46.0,0E-9,0.500000000,10.5,5.76,0.300000000,63.06,138,100,9,Tuesday,3,138,LaGuardia Airport,Queens
1,2018-04-05 18:40:59,2018-04-05 19:08:51,1,8.5,1,N,1,28.0,1.000000000,0.500000000,7.1,5.76,0.300000000,42.66,138,24,18,Thursday,4,138,LaGuardia Airport,Queens
2,2018-12-20 13:37:15,2018-12-20 14:00:14,2,8.02,1,N,1,26.0,0E-9,0.500000000,6.51,5.76,0.300000000,39.07,138,236,13,Thursday,12,138,LaGuardia Airport,Queens
2,2018-08-16 15:13:45,2018-08-16 15:44:40,1,9.54,1,N,1,30.0,0E-9,0.500000000,5.48,5.76,0.300000000,42.04,138,113,15,Thursday,8,138,LaGuardia Airport,Queens
2,2018-01-26 18:08:47,2018-01-26 18:50:35,1,20.13,1,N,1,55.0,1.000000000,0.500000000,32.0,5.76,0.300000000,94.56,138,265,18,Friday,1,138,LaGuardia Airport,Queens
2,2018-07-15 22:21:25,2018-07-15 22:44:30,2,7.2,1,N,1,22.5,0.500000000,0.500000000,4.76,0.0,0.300000000,28.56,138,80,22,Sunday,7,138,LaGuardia Airport,Queens
2,2018-11-26 13:47:06,2018-11-26 14:20:31,1,9.76,1,N,1,32.5,0E-9,0.500000000,7.81,5.76,0.300000000,46.87,138,230,13,Monday,11,138,LaGuardia Airport,Queens
2,2018-10-25 17:20:50,2018-10-25 18:26:59,2,9.08,1,N,1,42.0,1.000000000,0.500000000,9.91,5.76,0.300000000,59.47,138,249,17,Thursday,10,138,LaGuardia Airport,Queens
2,2018-04-02 19:02:16,2018-04-02 19:27:11,3,10.83,1,N,1,32.0,1.000000000,0.500000000,9.89,5.76,0.300000000,49.45,138,164,19,Monday,4,138,LaGuardia Airport,Queens
1,2018-04-15 22:55:56,2018-04-15 23:12:50,1,8.2,1,N,1,24.0,0.500000000,0.500000000,6.2,5.76,0.300000000,37.26,138,263,22,Sunday,4,138,LaGuardia Airport,Queens
2,2018-11-06 10:43:17,2018-11-06 11:18:10,2,8.84,1,N,1,30.5,0E-9,0.500000000,7.41,5.76,0.300000000,44.47,138,170,10,Tuesday,11,138,LaGuardia Airport,Queens
1,2018-03-27 19:14:22,2018-03-27 19:30:10,1,7.7,1,N,1,22.0,1.000000000,0.500000000,5.9,5.76,0.300000000,35.46,138,263,19,Tuesday,3,138,LaGuardia Airport,Queens
2,2018-01-10 11:19:50,2018-01-10 11:41:06,1,9.76,1,N,2,28.5,0E-9,0.500000000,0.0,5.76,0.300000000,35.06,138,212,11,Wednesday,1,138,LaGuardia Airport,Queens
2,2018-08-28 22:31:25,2018-08-28 22:49:21,1,9.99,1,N,1,28.5,0.500000000,0.500000000,8.89,5.76,0.300000000,44.45,138,162,22,Tuesday,8,138,LaGuardia Airport,Queens
2,2018-01-05 12:31:37,2018-01-05 12:48:09,1,8.97,1,N,1,25.0,0E-9,0.500000000,6.31,5.76,0.300000000,37.87,138,170,12,Friday,1,138,LaGuardia Airport,Queens
1,2018-09-22 08:49:24,2018-09-22 09:31:27,1,14.7,1,N,1,46.0,0E-9,0.500000000,7.88,5.76,0.300000000,60.44,3,234,8,Saturday,9,3,Allerton/Pelham Gardens,Bronx
2,2018-03-17 12:34:44,2018-03-17 12:55:33,1,7.91,1,N,1,24.5,0E-9,0.500000000,5.06,0.0,0.300000000,30.36,138,80,12,Saturday,3,138,LaGuardia Airport,Queens
2,2018-08-17 09:45:57,2018-08-17 10:13:37,1,10.36,1,N,1,31.5,0E-9,0.500000000,7.61,5.76,0.300000000,45.67,138,140,9,Friday,8,138,LaGuardia Airport,Queens
1,2018-03-27 10:53:59,2018-03-27 11:52:20,1,9.6,1,N,1,39.5,0E-9,0.500000000,7.0,5.76,0.300000000,53.06,138,237,10,Tuesday,3,138,LaGuardia Airport,Queens
2,2018-05-03 21:14:16,2018-05-03 21:43:09,1,11.94,1,N,1,35.5,0.500000000,0.500000000,7.36,0.0,0.300000000,44.16,138,88,21,Thursday,5,138,LaGuardia Airport,Queens
2,2018-09-20 18:59:43,2018-09-20 19:27:44,1,10.56,1,N,1,31.5,1.000000000,0.500000000,6.0,5.76,0.300000000,45.06,138,229,18,Thursday,9,138,LaGuardia Airport,Queens
2,2018-11-29 00:14:57,2018-11-29 00:34:27,5,9.86,1,N,1,28.5,0.500000000,0.500000000,7.11,5.76,0.300000000,42.67,138,141,0,Thursday,11,138,LaGuardia Airport,Queens
2,2018-10-14 12:37:13,2018-10-14 13:34:49,1,11.07,1,N,1,45.0,0E-9,0.500000000,11.45,0.0,0.300000000,57.25,138,68,12,Sunday,10,138,LaGuardia Airport,Queens
2,2018-05-02 11:04:30,2018-05-02 11:54:25,1,9.67,1,N,1,39.0,0E-9,0.500000000,9.11,5.76,0.300000000,54.67,138,161,11,Wednesday,5,138,LaGuardia Airport,Queens
1,2018-02-16 11:43:33,2018-02-16 12:13:30,1,8.2,1,N,1,27.0,0E-9,0.500000000,5.55,0.0,0.300000000,33.35,138,255,11,Friday,2,138,LaGuardia Airport,Queens
2,2018-03-26 20:07:46,2018-03-26 20:28:00,1,10.27,1,N,1,29.5,0.500000000,0.500000000,5.48,5.76,0.300000000,42.04,138,161,20,Monday,3,138,LaGuardia Airport,Queens
1,2018-01-08 22:12:43,2018-01-08 22:13:42,1,0.3,1,N,1,3.0,0.500000000,0.500000000,0.85,0.0,0.300000000,5.15,179,7,22,Monday,1,179,Old Astoria,Queens
2,2018-08-21 09:45:19,2018-08-21 10:19:07,1,9.52,1,N,1,33.0,0E-9,0.500000000,6.5,5.76,0.300000000,46.06,138,161,9,Tuesday,8,138,LaGuardia Airport,Queens
2,2018-03-28 11:06:53,2018-03-28 11:48:34,2,8.46,1,N,1,33.5,0E-9,0.500000000,8.01,5.76,0.300000000,48.07,138,162,11,Wednesday,3,138,LaGuardia Airport,Queens
1,2018-11-28 14:57:31,2018-11-28 15:46:36,1,9.3,1,N,1,38.5,0E-9,0.500000000,9.0,5.76,0.300000000,54.06,138,48,14,Wednesday,11,138,LaGuardia Airport,Queens
1,2018-10-15 22:18:13,2018-10-15 22:43:58,2,8.7,1,N,1,28.5,0.500000000,0.500000000,5.33,5.76,0.300000000,40.89,138,234,22,Monday,10,138,LaGuardia Airport,Queens
1,2018-11-09 19:11:19,2018-11-09 19:51:21,1,9.3,1,N,1,33.5,1.000000000,0.500000000,7.05,0.0,0.300000000,42.35,138,198,19,Friday,11,138,LaGuardia Airport,Queens
1,2018-11-28 18:32:19,2018-11-28 19:00:27,1,8.6,1,N,1,27.5,1.000000000,0.500000000,8.75,5.76,0.300000000,43.81,138,236,18,Wednesday,11,138,LaGuardia Airport,Queens
2,2018-05-03 21:49:23,2018-05-03 22:16:45,1,8.34,1,N,1,28.0,0.500000000,0.500000000,7.0,5.76,0.300000000,42.06,138,164,21,Thursday,5,138,LaGuardia Airport,Queens
2,2018-10-14 23:31:18,2018-10-14 23:54:03,1,10.18,1,N,1,29.5,0.500000000,0.500000000,6.16,0.0,0.300000000,36.96,138,61,23,Sunday,10,138,LaGuardia Airport,Queens
2,2018-09-25 21:56:30,2018-09-25 22:25:41,5,11.25,1,N,1,34.0,0.500000000,0.500000000,8.21,5.76,0.300000000,49.27,138,48,21,Tuesday,9,138,LaGuardia Airport,Queens
2,2018-01-08 18:55:53,2018-01-08 19:18:02,1,9.03,1,N,1,28.0,1.000000000,0.500000000,7.11,5.76,0.300000000,42.67,138,90,18,Monday,1,138,LaGuardia Airport,Queens
2,2018-06-17 12:07:32,2018-06-17 12:32:47,5,10.98,1,N,2,33.0,0E-9,0.500000000,0.0,5.76,0.300000000,39.56,138,230,12,Sunday,6,138,LaGuardia Airport,Queens
1,2018-03-08 10:28:12,2018-03-08 11:14:07,1,11.2,1,N,1,41.0,0E-9,0.500000000,11.85,5.76,0.300000000,59.41,138,163,10,Thursday,3,138,LaGuardia Airport,Queens
2,2018-08-10 14:49:00,2018-08-10 15:24:24,1,5.78,1,N,1,25.5,0E-9,0.500000000,6.41,5.76,0.300000000,38.47,138,41,14,Friday,8,138,LaGuardia Airport,Queens
2,2018-03-20 15:15:51,2018-03-20 15:57:36,1,10.38,1,N,1,35.5,0E-9,0.500000000,8.41,5.76,0.300000000,50.47,138,68,15,Tuesday,3,138,LaGuardia Airport,Queens
2,2018-05-17 08:25:40,2018-05-17 09:11:54,5,12.04,1,N,2,38.5,0E-9,0.500000000,0.0,5.76,0.300000000,45.06,138,107,8,Thursday,5,138,LaGuardia Airport,Queens
2,2018-09-25 00:00:30,2018-09-25 00:19:35,1,12.71,1,N,1,35.0,0.500000000,0.500000000,9.08,0.0,0.300000000,45.38,138,40,0,Tuesday,9,138,LaGuardia Airport,Queens
2,2018-08-22 18:13:31,2018-08-23 16:39:43,3,12.13,1,N,1,38.0,1.000000000,0.500000000,3.98,0.0,0.300000000,43.78,138,124,18,Wednesday,8,138,LaGuardia Airport,Queens
2,2018-09-26 22:52:49,2018-09-26 23:14:55,1,9.13,1,N,1,27.5,0.500000000,0.500000000,8.64,5.76,0.300000000,43.2,138,238,22,Wednesday,9,138,LaGuardia Airport,Queens
1,2018-03-22 17:43:10,2018-03-22 18:52:19,1,7.7,1,N,1,43.0,1.000000000,0.500000000,8.95,0.0,0.300000000,53.75,138,143,17,Thursday,3,138,LaGuardia Airport,Queens
1,2018-04-19 12:40:10,2018-04-19 13:28:41,1,10.8,1,N,1,39.0,0E-9,0.500000000,7.0,5.76,0.300000000,52.56,138,230,12,Thursday,4,138,LaGuardia Airport,Queens
1,2018-04-08 19:52:41,2018-04-08 20:34:14,1,11.7,1,N,1,38.5,0E-9,0.500000000,7.85,0.0,0.300000000,47.15,138,190,19,Sunday,4,138,LaGuardia Airport,Queens
1,2018-08-23 10:51:12,2018-08-23 11:24:33,1,13.0,1,N,1,38.0,0E-9,0.500000000,7.75,0.0,0.300000000,46.55,138,88,10,Thursday,8,138,LaGuardia Airport,Queens
2,2018-07-10 10:45:46,2018-07-10 11:18:29,1,8.78,1,N,1,31.0,0E-9,0.500000000,7.51,5.76,0.300000000,45.07,138,162,10,Tuesday,7,138,LaGuardia Airport,Queens
1,2018-01-09 16:47:23,2018-01-09 17:29:22,1,8.6,1,N,1,32.5,1.000000000,0.500000000,12.0,5.76,0.300000000,52.06,138,164,16,Tuesday,1,138,LaGuardia Airport,Queens
2,2018-08-25 11:22:18,2018-08-25 11:39:24,2,8.48,1,N,1,25.0,0E-9,0.500000000,6.31,5.76,0.300000000,37.87,138,164,11,Saturday,8,138,LaGuardia Airport,Queens
2,2018-12-03 20:14:47,2018-12-03 20:40:50,2,10.14,1,N,1,31.5,0.500000000,0.500000000,7.0,5.76,0.300000000,45.56,138,142,20,Monday,12,138,LaGuardia Airport,Queens
2,2018-03-20 16:11:53,2018-03-20 16:57:20,1,13.7,1,N,1,43.5,1.000000000,0.500000000,10.21,5.76,0.300000000,61.27,138,50,16,Tuesday,3,138,LaGuardia Airport,Queens
1,2018-04-09 16:43:52,2018-04-09 17:15:54,1,9.8,1,N,1,31.5,1.000000000,0.500000000,9.75,5.76,0.300000000,48.81,138,107,16,Monday,4,138,LaGuardia Airport,Queens
2,2018-10-22 17:18:00,2018-10-22 17:37:01,1,7.63,1,N,1,23.0,1.000000000,0.500000000,4.96,0.0,0.300000000,29.76,138,145,17,Monday,10,138,LaGuardia Airport,Queens
2,2018-01-12 15:12:30,2018-01-12 15:47:43,1,8.17,1,N,1,28.0,0E-9,0.500000000,10.0,5.76,0.300000000,44.56,138,233,15,Friday,1,138,LaGuardia Airport,Queens
2,2018-06-29 23:28:13,2018-06-29 23:55:31,1,8.32,1,N,1,27.5,0.500000000,0.500000000,7.2,0.0,0.300000000,36.0,138,142,23,Friday,6,138,LaGuardia Airport,Queens
1,2018-03-13 11:17:03,2018-03-13 11:43:51,1,10.0,1,N,1,31.5,0E-9,0.500000000,4.0,5.76,0.300000000,42.06,138,163,11,Tuesday,3,138,LaGuardia Airport,Queens
1,2018-05-17 19:42:44,2018-05-17 19:57:48,0,7.1,1,N,1,22.0,1.000000000,0.500000000,5.9,5.76,0.300000000,35.46,138,75,19,Thursday,5,138,LaGuardia Airport,Queens
2,2018-08-05 13:27:12,2018-08-05 13:57:57,6,10.4,1,N,1,32.5,0E-9,0.500000000,7.81,5.76,0.300000000,46.87,138,234,13,Sunday,8,138,LaGuardia Airport,Queens
1,2018-02-13 18:22:38,2018-02-13 19:12:11,1,10.8,1,N,1,38.0,1.000000000,0.500000000,9.95,0.0,0.300000000,49.75,138,189,18,Tuesday,2,138,LaGuardia Airport,Queens
1,2018-01-26 15:47:22,2018-01-26 16:24:36,2,9.3,1,N,1,32.0,0E-9,0.500000000,7.7,5.76,0.300000000,46.26,138,236,15,Friday,1,138,LaGuardia Airport,Queens
2,2018-09-27 09:24:06,2018-09-27 11:03:53,1,11.57,1,N,1,61.5,0E-9,0.500000000,13.61,5.76,0.300000000,81.67,138,13,9,Thursday,9,138,LaGuardia Airport,Queens
2,2018-12-26 12:42:16,2018-12-26 13:02:53,4,7.55,1,N,1,24.0,0E-9,0.500000000,6.11,5.76,0.300000000,36.67,138,263,12,Wednesday,12,138,LaGuardia Airport,Queens
2,2018-04-10 19:22:53,2018-04-10 19:56:47,1,8.32,1,N,1,30.0,1.000000000,0.500000000,6.36,0.0,0.300000000,38.16,138,48,19,Tuesday,4,138,LaGuardia Airport,Queens
1,2018-03-24 01:40:36,2018-03-24 02:00:10,4,9.5,1,N,1,27.5,0.500000000,0.500000000,6.9,5.76,0.300000000,41.46,138,162,1,Saturday,3,138,LaGuardia Airport,Queens
2,2018-01-24 20:07:38,2018-01-24 20:31:39,3,11.42,1,N,1,33.0,0.500000000,0.500000000,6.01,5.76,0.300000000,46.07,138,230,20,Wednesday,1,138,LaGuardia Airport,Queens
1,2018-12-17 10:10:27,2018-12-17 10:50:14,1,15.0,1,N,1,44.0,0E-9,0.500000000,10.1,5.76,0.300000000,60.66,138,13,10,Monday,12,138,LaGuardia Airport,Queens
1,2018-07-26 19:56:57,2018-07-26 20:14:55,1,9.8,1,N,1,28.5,0.500000000,0.500000000,7.0,5.76,0.300000000,42.56,138,162,19,Thursday,7,138,LaGuardia Airport,Queens
2,2018-07-16 20:53:41,2018-07-16 21:19:39,1,9.68,1,N,1,30.0,0.500000000,0.500000000,7.41,5.76,0.300000000,44.47,138,24,20,Monday,7,138,LaGuardia Airport,Queens
2,2018-10-22 16:39:58,2018-10-22 17:24:36,1,12.44,1,N,1,41.0,1.000000000,0.500000000,9.71,5.76,0.300000000,58.27,138,261,16,Monday,10,138,LaGuardia Airport,Queens
1,2018-06-19 14:15:04,2018-06-19 14:35:39,1,7.7,1,N,1,24.5,0E-9,0.500000000,7.75,5.76,0.300000000,38.81,138,41,14,Tuesday,6,138,LaGuardia Airport,Queens
2,2018-11-14 08:19:05,2018-11-14 09:12:27,1,12.56,1,N,1,44.5,0E-9,0.500000000,12.76,5.76,0.300000000,63.82,138,161,8,Wednesday,11,138,LaGuardia Airport,Queens
2,2018-03-13 17:38:59,2018-03-13 18:04:26,2,12.15,1,N,1,34.5,1.000000000,0.500000000,9.08,0.0,0.300000000,45.38,138,87,17,Tuesday,3,138,LaGuardia Airport,Queens
2,2018-03-13 17:29:11,2018-03-13 18:22:57,1,23.95,1,N,1,68.0,1.000000000,0.500000000,13.96,0.0,0.300000000,83.76,138,22,17,Tuesday,3,138,LaGuardia Airport,Queens
2,2018-12-19 18:52:28,2018-12-19 19:19:05,1,8.2,1,N,1,26.5,1.000000000,0.500000000,6.81,5.76,0.300000000,40.87,138,107,18,Wednesday,12,138,LaGuardia Airport,Queens
2,2018-06-21 19:26:29,2018-06-21 20:12:20,2,9.53,1,N,1,34.5,1.000000000,0.500000000,7.26,0.0,0.300000000,43.56,138,189,19,Thursday,6,138,LaGuardia Airport,Queens
2,2018-08-15 20:17:46,2018-08-15 20:38:28,1,7.48,1,N,1,24.0,0.500000000,0.500000000,7.76,5.76,0.300000000,38.82,138,41,20,Wednesday,8,138,LaGuardia Airport,Queens
2,2018-11-15 11:16:57,2018-11-15 11:50:23,1,10.84,1,N,1,33.5,0E-9,0.500000000,10.02,5.76,0.300000000,50.08,138,233,11,Thursday,11,138,LaGuardia Airport,Queens
1,2018-05-31 15:43:02,2018-05-31 16:37:04,2,8.0,1,N,1,35.5,0E-9,0.500000000,8.4,5.76,0.300000000,50.46,138,100,15,Thursday,5,138,LaGuardia Airport,Queens
2,2018-12-17 11:26:02,2018-12-17 12:01:42,1,8.22,1,N,1,29.5,0E-9,0.500000000,7.21,5.76,0.300000000,43.27,138,234,11,Monday,12,138,LaGuardia Airport,Queens
2,2018-08-14 23:13:38,2018-08-14 23:32:09,1,9.53,1,N,1,27.5,0.500000000,0.500000000,6.91,5.76,0.300000000,41.47,138,237,23,Tuesday,8,138,LaGuardia Airport,Queens
2,2018-03-14 20:16:08,2018-03-14 20:33:08,1,9.32,1,N,1,26.5,0.500000000,0.500000000,6.71,5.76,0.300000000,40.27,138,229,20,Wednesday,3,138,LaGuardia Airport,Queens
2,2018-04-03 11:11:43,2018-04-03 11:43:44,1,8.7,1,N,1,30.5,0E-9,0.500000000,7.41,5.76,0.300000000,44.47,138,100,11,Tuesday,4,138,LaGuardia Airport,Queens
2,2018-06-04 18:08:12,2018-06-04 18:33:27,1,7.58,1,N,1,25.0,1.000000000,0.500000000,5.36,0.0,0.300000000,32.16,138,255,18,Monday,6,138,LaGuardia Airport,Queens
2,2018-11-06 18:19:38,2018-11-06 18:56:08,1,12.39,1,N,1,38.0,0E-9,0.500000000,13.37,5.76,0.300000000,57.93,138,87,18,Tuesday,11,138,LaGuardia Airport,Queens
1,2018-10-03 20:53:57,2018-10-03 21:25:07,1,16.1,1,N,1,45.0,0.500000000,0.500000000,10.4,5.76,0.300000000,62.46,138,231,20,Wednesday,10,138,LaGuardia Airport,Queens
2,2018-05-20 15:57:11,2018-05-20 16:25:36,5,8.48,1,N,1,28.5,0E-9,0.500000000,7.01,5.76,0.300000000,42.07,138,263,15,Sunday,5,138,LaGuardia Airport,Queens
2,2018-04-24 20:41:28,2018-04-24 21:03:43,1,8.35,1,N,1,26.5,0.500000000,0.500000000,5.56,0.0,0.300000000,33.36,138,237,20,Tuesday,4,138,LaGuardia Airport,Queens
1,2018-05-14 08:16:32,2018-05-14 09:18:49,1,7.1,1,N,1,37.5,0E-9,0.500000000,7.65,0.0,0.300000000,45.95,138,162,8,Monday,5,138,LaGuardia Airport,Queens
2,2018-10-27 19:29:15,2018-10-27 19:55:53,3,11.09,1,N,1,32.0,0E-9,0.500000000,6.56,0.0,0.300000000,39.36,138,45,19,Saturday,10,138,LaGuardia Airport,Queens
1,2018-04-24 08:55:42,2018-04-24 09:43:55,1,8.9,1,N,1,35.5,0E-9,0.500000000,8.4,5.76,0.300000000,50.46,138,170,8,Tuesday,4,138,LaGuardia Airport,Queens
1,2018-06-04 14:15:14,2018-06-04 14:56:48,0,10.7,1,N,1,38.0,0E-9,0.500000000,8.9,5.76,0.300000000,53.46,138,239,14,Monday,6,138,LaGuardia Airport,Queens
2,2018-06-03 07:58:59,2018-06-03 08:18:46,2,9.97,1,N,1,28.5,0E-9,0.500000000,7.01,5.76,0.300000000,42.07,138,90,7,Sunday,6,138,LaGuardia Airport,Queens
2,2018-07-04 13:45:56,2018-07-04 14:08:10,3,10.15,1,N,1,29.5,0E-9,0.500000000,7.21,5.76,0.300000000,43.27,138,163,13,Wednesday,7,138,LaGuardia Airport,Queens
2,2018-02-06 15:19:29,2018-02-06 15:40:18,1,8.29,1,N,1,25.5,0E-9,0.500000000,6.41,5.76,0.300000000,38.47,138,170,15,Tuesday,2,138,LaGuardia Airport,Queens
1,2018-12-10 19:00:28,2018-12-10 19:44:50,1,10.0,1,N,1,37.5,1.000000000,0.500000000,9.0,5.76,0.300000000,54.06,138,230,19,Monday,12,138,LaGuardia Airport,Queens
2,2018-01-07 20:08:52,2018-01-07 20:31:35,5,11.3,1,N,1,32.5,0.500000000,0.500000000,6.76,0.0,0.300000000,40.56,138,33,20,Sunday,1,138,LaGuardia Airport,Queens
1,2018-09-01 23:54:01,2018-09-02 00:12:43,1,11.3,1,N,1,31.0,0.500000000,0.500000000,9.5,5.76,0.300000000,47.56,138,244,23,Saturday,9,138,LaGuardia Airport,Queens
2,2018-11-14 17:08:20,2018-11-14 17:58:58,2,8.55,1,N,1,37.0,1.000000000,0.500000000,13.37,5.76,0.300000000,57.93,138,161,17,Wednesday,11,138,LaGuardia Airport,Queens
4,2018-12-09 23:46:21,2018-12-10 00:01:22,1,8.04,1,N,1,23.0,0.500000000,0.500000000,6.01,5.76,0.300000000,36.07,138,262,23,Sunday,12,138,LaGuardia Airport,Queens
1,2018-04-04 14:38:52,2018-04-04 15:08:14,1,8.8,1,N,1,29.0,0E-9,0.500000000,8.0,5.76,0.300000000,43.56,138,234,14,Wednesday,4,138,LaGuardia Airport,Queens
1,2018-01-16 20:44:45,2018-01-16 21:06:34,1,10.9,1,N,1,31.5,0.500000000,0.500000000,6.55,0.0,0.300000000,39.35,138,113,20,Tuesday,1,138,LaGuardia Airport,Queens
2,2018-11-17 08:55:45,2018-11-17 09:20:16,1,10.86,1,N,1,31.5,0E-9,0.500000000,7.61,5.76,0.300000000,45.67,138,233,8,Saturday,11,138,LaGuardia Airport,Queens
1,2018-08-09 09:59:35,2018-08-09 10:57:43,2,10.9,1,N,1,41.5,0E-9,0.500000000,59.0,5.76,0.300000000,107.06,138,48,9,Thursday,8,138,LaGuardia Airport,Queens
1,2018-03-05 13:50:07,2018-03-05 14:27:54,1,21.1,1,N,1,56.5,0E-9,0.500000000,11.45,0.0,0.300000000,68.75,138,29,13,Monday,3,138,LaGuardia Airport,Queens
1,2018-03-15 23:41:19,2018-03-16 00:12:43,1,9.5,1,N,1,31.0,0.500000000,0.500000000,3.23,0.0,0.300000000,35.53,138,225,23,Thursday,3,138,LaGuardia Airport,Queens
1,2018-04-06 11:19:49,2018-04-06 11:50:36,2,9.6,1,N,1,30.5,0E-9,0.500000000,7.4,5.76,0.300000000,44.46,138,113,11,Friday,4,138,LaGuardia Airport,Queens
2,2018-12-07 06:06:42,2018-12-07 06:35:51,6,10.89,1,N,1,33.0,0.500000000,0.500000000,8.01,5.76,0.300000000,48.07,138,249,6,Friday,12,138,LaGuardia Airport,Queens
1,2018-03-04 19:24:17,2018-03-04 19:46:34,1,9.0,1,N,1,28.0,0E-9,0.500000000,5.75,0.0,0.300000000,34.55,138,141,19,Sunday,3,138,LaGuardia Airport,Queens
1,2018-02-26 14:47:10,2018-02-26 15:31:41,1,10.4,1,N,1,37.5,0E-9,0.500000000,8.8,5.76,0.300000000,52.86,138,161,14,Monday,2,138,LaGuardia Airport,Queens
2,2018-03-25 18:34:31,2018-03-25 19:10:55,2,14.22,1,N,1,40.5,0E-9,0.500000000,10.32,0.0,0.300000000,51.62,138,181,18,Sunday,3,138,LaGuardia Airport,Queens
1,2018-11-07 20:18:33,2018-11-07 20:40:54,1,9.7,1,N,1,29.0,0.500000000,0.500000000,6.05,0.0,0.300000000,36.35,138,49,20,Wednesday,11,138,LaGuardia Airport,Queens
1,2018-11-26 18:39:41,2018-11-26 19:17:17,1,9.3,1,N,1,33.0,1.000000000,0.500000000,10.1,5.76,0.300000000,50.66,138,230,18,Monday,11,138,LaGuardia Airport,Queens
1,2018-03-06 20:21:30,2018-03-06 20:41:36,1,8.7,1,N,1,26.0,0.500000000,0.500000000,6.8,0.0,0.300000000,34.1,138,256,20,Tuesday,3,138,LaGuardia Airport,Queens
2,2018-02-24 20:35:46,2018-02-24 20:57:26,6,10.75,1,N,1,30.0,0.500000000,0.500000000,4.0,0.0,0.300000000,35.3,138,33,20,Saturday,2,138,LaGuardia Airport,Queens
2,2018-10-12 08:45:18,2018-10-12 10:10:09,1,12.84,1,N,1,52.5,0E-9,0.500000000,8.5,5.76,0.300000000,67.56,138,186,8,Friday,10,138,LaGuardia Airport,Queens
2,2018-06-05 20:23:53,2018-06-05 20:49:48,1,15.7,1,N,1,42.5,0.500000000,0.500000000,9.91,5.76,0.300000000,59.47,138,87,20,Tuesday,6,138,LaGuardia Airport,Queens
2,2018-03-27 21:06:33,2018-03-27 21:29:02,1,10.83,1,N,1,31.5,0.500000000,0.500000000,9.64,5.76,0.300000000,48.2,138,162,21,Tuesday,3,138,LaGuardia Airport,Queens
2,2018-11-28 17:30:59,2018-11-28 17:55:00,1,8.04,1,N,1,24.5,1.000000000,0.500000000,6.41,5.76,0.300000000,38.47,138,263,17,Wednesday,11,138,LaGuardia Airport,Queens
1,2018-03-15 20:02:11,2018-03-15 20:25:29,1,8.9,1,N,1,27.5,0.500000000,0.500000000,9.0,0.0,0.300000000,37.8,138,148,20,Thursday,3,138,LaGuardia Airport,Queens
2,2018-02-05 15:15:32,2018-02-05 15:51:55,1,10.02,1,N,1,33.0,0E-9,0.500000000,9.89,5.76,0.300000000,49.45,138,161,15,Monday,2,138,LaGuardia Airport,Queens
1,2018-03-26 09:10:55,2018-03-26 09:48:14,1,8.7,1,N,1,31.0,0E-9,0.500000000,3.5,0.0,0.300000000,35.3,146,33,9,Monday,3,146,Long Island City/Queens Plaza,Queens
2,2018-09-25 18:19:19,2018-09-25 18:43:58,1,8.72,1,N,1,27.5,1.000000000,0.500000000,5.86,0.0,0.300000000,35.16,138,97,18,Tuesday,9,138,LaGuardia Airport,Queens
2,2018-07-30 07:37:56,2018-07-30 08:16:09,1,12.73,1,N,2,39.0,0E-9,0.500000000,0.0,5.76,0.300000000,45.56,138,230,7,Monday,7,138,LaGuardia Airport,Queens
2,2018-07-06 17:31:52,2018-07-06 18:05:36,1,16.44,1,N,1,46.5,1.000000000,0.500000000,10.81,5.76,0.300000000,64.87,138,13,17,Friday,7,138,LaGuardia Airport,Queens
2,2018-05-14 18:52:18,2018-05-14 19:10:15,1,8.16,1,N,1,23.5,1.000000000,0.500000000,6.21,5.76,0.300000000,37.27,138,170,18,Monday,5,138,LaGuardia Airport,Queens
2,2018-06-06 19:38:09,2018-06-06 20:03:52,1,9.11,1,N,1,29.5,1.000000000,0.500000000,7.41,5.76,0.300000000,44.47,138,68,19,Wednesday,6,138,LaGuardia Airport,Queens
1,2018-10-29 18:20:54,2018-10-29 18:46:38,1,9.3,1,N,2,28.5,1.000000000,0.500000000,0.0,5.76,0.300000000,36.06,138,236,18,Monday,10,138,LaGuardia Airport,Queens
2,2018-01-19 16:30:32,2018-01-19 17:15:06,1,8.56,1,N,1,33.5,1.000000000,0.500000000,7.06,0.0,0.300000000,42.36,138,49,16,Friday,1,138,LaGuardia Airport,Queens
1,2018-02-09 20:25:21,2018-02-09 21:00:10,4,11.6,1,N,1,37.0,0.500000000,0.500000000,8.8,5.76,0.300000000,52.86,138,239,20,Friday,2,138,LaGuardia Airport,Queens
2,2018-11-07 22:09:40,2018-11-07 22:23:06,1,8.38,1,N,1,24.0,0.500000000,0.500000000,6.21,5.76,0.300000000,37.27,138,262,22,Wednesday,11,138,LaGuardia Airport,Queens
1,2018-11-20 21:11:45,2018-11-20 21:59:37,1,20.8,1,N,2,57.0,0.500000000,0.500000000,0.0,0.0,0.300000000,58.3,138,210,21,Tuesday,11,138,LaGuardia Airport,Queens
2,2018-05-17 18:00:40,2018-05-17 18:34:57,1,9.45,1,N,2,31.0,1.000000000,0.500000000,0.0,0.0,0.300000000,32.8,138,97,18,Thursday,5,138,LaGuardia Airport,Queens
2,2018-11-30 21:29:57,2018-11-30 21:50:23,1,8.2,1,N,1,26.0,0.500000000,0.500000000,6.61,5.76,0.300000000,39.67,138,170,21,Friday,11,138,LaGuardia Airport,Queens
1,2018-08-22 02:03:48,2018-08-22 02:22:38,1,9.4,1,N,1,26.5,0.500000000,0.500000000,8.35,5.76,0.300000000,41.91,138,237,2,Wednesday,8,138,LaGuardia Airport,Queens
1,2018-01-09 18:59:11,2018-01-09 19:27:57,4,10.1,1,N,1,31.0,1.000000000,0.500000000,7.7,5.76,0.300000000,46.26,138,224,18,Tuesday,1,138,LaGuardia Airport,Queens
2,2018-06-19 06:40:29,2018-06-19 06:58:32,1,6.93,1,N,2,22.0,0E-9,0.500000000,0.0,0.0,0.300000000,22.8,193,232,6,Tuesday,6,193,Queensbridge/Ravenswood,Queens
2,2018-09-04 18:05:03,2018-09-04 18:33:50,2,9.98,1,N,1,30.5,1.000000000,0.500000000,7.61,5.76,0.300000000,45.67,138,140,18,Tuesday,9,138,LaGuardia Airport,Queens
1,2018-05-18 12:17:45,2018-05-18 13:02:45,2,11.1,1,N,2,40.0,0E-9,0.500000000,0.0,0.0,0.300000000,40.8,138,113,12,Friday,5,138,LaGuardia Airport,Queens
2,2018-06-18 14:39:42,2018-06-18 15:06:05,1,8.91,1,N,1,28.0,0E-9,0.500000000,5.18,5.76,0.300000000,39.74,138,233,14,Monday,6,138,LaGuardia Airport,Queens
2,2018-06-17 15:58:08,2018-06-17 16:26:33,3,9.06,1,N,1,28.5,0E-9,0.500000000,7.01,5.76,0.300000000,42.07,138,239,15,Sunday,6,138,LaGuardia Airport,Queens
1,2018-03-12 16:26:57,2018-03-12 17:12:36,1,10.9,1,N,1,38.5,1.000000000,0.500000000,11.5,5.76,0.300000000,57.56,138,249,16,Monday,3,138,LaGuardia Airport,Queens
2,2018-03-12 17:27:24,2018-03-12 18:00:28,1,9.13,1,N,1,30.5,1.000000000,0.500000000,7.61,5.76,0.300000000,45.67,138,186,17,Monday,3,138,LaGuardia Airport,Queens
1,2018-07-31 18:06:38,2018-07-31 18:37:24,2,9.0,1,N,1,31.0,1.000000000,0.500000000,7.7,5.76,0.300000000,46.26,138,116,18,Tuesday,7,138,LaGuardia Airport,Queens
2,2018-12-14 21:26:02,2018-12-14 22:03:30,1,11.23,1,N,2,36.5,0.500000000,0.500000000,0.0,0.0,0.300000000,37.8,138,106,21,Friday,12,138,LaGuardia Airport,Queens
2,2018-12-26 11:49:46,2018-12-26 12:24:12,1,12.33,1,N,2,39.0,0E-9,0.500000000,0.0,5.76,0.300000000,45.56,138,246,11,Wednesday,12,138,LaGuardia Airport,Queens
1,2018-05-17 17:15:42,2018-05-17 18:12:00,1,8.9,1,N,1,38.5,1.000000000,0.500000000,9.2,5.76,0.300000000,55.26,138,164,17,Thursday,5,138,LaGuardia Airport,Queens
1,2018-05-16 19:32:02,2018-05-16 20:05:49,4,9.4,1,N,1,31.0,1.000000000,0.500000000,10.0,5.76,0.300000000,48.56,138,141,19,Wednesday,5,138,LaGuardia Airport,Queens
2,2018-03-10 18:25:39,2018-03-10 19:04:48,4,10.84,1,N,1,35.0,0E-9,0.500000000,8.31,5.76,0.300000000,49.87,138,141,18,Saturday,3,138,LaGuardia Airport,Queens
1,2018-05-06 16:05:18,2018-05-06 16:35:51,0,9.4,1,N,1,30.5,0E-9,0.500000000,9.25,5.76,0.300000000,46.31,138,137,16,Sunday,5,138,LaGuardia Airport,Queens
1,2018-10-30 17:24:21,2018-10-30 17:55:11,1,8.9,1,N,1,28.5,1.000000000,0.500000000,9.0,5.76,0.300000000,45.06,138,141,17,Tuesday,10,138,LaGuardia Airport,Queens
2,2018-05-28 00:05:12,2018-05-28 00:23:15,1,11.56,1,N,1,32.0,0.500000000,0.500000000,9.99,0.0,0.300000000,43.29,138,132,0,Monday,5,138,LaGuardia Airport,Queens
1,2018-07-30 14:31:59,2018-07-30 15:02:08,1,9.1,1,N,1,30.5,0E-9,0.500000000,7.4,5.76,0.300000000,44.46,138,234,14,Monday,7,138,LaGuardia Airport,Queens
2,2018-05-30 19:40:18,2018-05-30 20:11:07,6,11.08,1,N,1,33.5,1.000000000,0.500000000,7.06,0.0,0.300000000,42.36,138,33,19,Wednesday,5,138,LaGuardia Airport,Queens
2,2018-12-13 19:37:37,2018-12-13 20:22:13,1,10.26,1,N,1,36.5,1.000000000,0.500000000,8.81,5.76,0.300000000,52.87,138,113,19,Thursday,12,138,LaGuardia Airport,Queens
2,2018-05-07 12:58:11,2018-05-07 13:42:45,1,12.18,1,N,1,43.0,0E-9,0.500000000,9.91,5.76,0.300000000,59.47,138,48,12,Monday,5,138,LaGuardia Airport,Queens
2,2018-11-11 20:59:55,2018-11-11 21:32:15,5,10.89,1,N,1,34.5,0.500000000,0.500000000,8.31,5.76,0.300000000,49.87,138,143,20,Sunday,11,138,LaGuardia Airport,Queens
2,2018-08-06 14:27:09,2018-08-06 15:03:44,1,8.67,1,N,1,32.5,0E-9,0.500000000,9.76,5.76,0.300000000,48.82,138,161,14,Monday,8,138,LaGuardia Airport,Queens
2,2018-07-20 19:57:37,2018-07-20 20:31:31,1,12.49,1,N,1,38.0,1.000000000,0.500000000,9.11,5.76,0.300000000,54.67,138,144,19,Friday,7,138,LaGuardia Airport,Queens
1,2018-01-10 20:35:52,2018-01-10 21:01:21,3,8.4,1,N,1,27.0,0.500000000,0.500000000,6.8,5.76,0.300000000,40.86,138,24,20,Wednesday,1,138,LaGuardia Airport,Queens
2,2018-04-08 19:13:17,2018-04-08 19:32:34,1,7.04,1,N,1,22.0,0E-9,0.500000000,5.71,5.76,0.300000000,34.27,138,263,19,Sunday,4,138,LaGuardia Airport,Queens
2,2018-09-16 16:28:12,2018-09-16 17:03:20,2,8.96,1,N,1,31.5,0E-9,0.500000000,9.52,5.76,0.300000000,47.58,138,24,16,Sunday,9,138,LaGuardia Airport,Queens
2,2018-08-25 17:34:09,2018-08-25 18:06:28,5,11.43,1,N,1,33.0,0E-9,0.500000000,5.55,0.0,0.300000000,39.35,138,132,17,Saturday,8,138,LaGuardia Airport,Queens
1,2018-07-12 23:31:43,2018-07-12 23:57:47,1,9.8,1,N,1,30.5,0.500000000,0.500000000,6.35,0.0,0.300000000,38.15,138,33,23,Thursday,7,138,LaGuardia Airport,Queens
2,2018-03-22 10:13:55,2018-03-22 10:43:28,1,9.8,1,N,1,32.0,0E-9,0.500000000,7.71,5.76,0.300000000,46.27,138,224,10,Thursday,3,138,LaGuardia Airport,Queens
2,2018-09-17 09:05:33,2018-09-17 09:58:24,5,8.11,1,N,1,34.0,0E-9,0.500000000,8.11,5.76,0.300000000,48.67,138,262,9,Monday,9,138,LaGuardia Airport,Queens
2,2018-03-12 10:58:17,2018-03-12 11:29:54,5,10.41,1,N,1,31.5,0E-9,0.500000000,7.61,5.76,0.300000000,45.67,138,162,10,Monday,3,138,LaGuardia Airport,Queens
1,2018-06-12 17:28:24,2018-06-12 18:28:15,1,13.7,1,N,1,45.0,1.000000000,0.500000000,9.35,0.0,0.300000000,56.15,138,219,17,Tuesday,6,138,LaGuardia Airport,Queens
2,2018-03-22 18:48:54,2018-03-22 19:28:33,1,15.34,1,N,1,46.5,1.000000000,0.500000000,10.81,5.76,0.300000000,64.87,138,231,18,Thursday,3,138,LaGuardia Airport,Queens
1,2018-11-01 14:06:57,2018-11-01 14:53:34,2,12.7,1,N,1,43.0,0E-9,0.500000000,20.0,5.76,0.300000000,69.56,138,186,14,Thursday,11,138,LaGuardia Airport,Queens
1,2018-10-23 22:26:17,2018-10-23 22:53:22,1,16.6,1,N,1,45.5,0.500000000,0.500000000,13.1,5.76,0.300000000,65.66,138,231,22,Tuesday,10,138,LaGuardia Airport,Queens
2,2018-12-28 16:44:07,2018-12-28 17:14:24,1,9.32,1,N,1,30.5,1.000000000,0.500000000,7.61,5.76,0.300000000,45.67,138,239,16,Friday,12,138,LaGuardia Airport,Queens
1,2018-08-04 01:01:05,2018-08-04 01:35:19,3,10.3,1,N,1,34.0,0.500000000,0.500000000,9.0,5.76,0.300000000,50.06,138,50,1,Saturday,8,138,LaGuardia Airport,Queens
2,2018-03-22 13:24:58,2018-03-22 14:05:59,1,14.07,1,N,1,45.0,0E-9,0.500000000,13.74,0.0,0.300000000,59.54,138,13,13,Thursday,3,138,LaGuardia Airport,Queens
2,2018-04-12 17:12:21,2018-04-12 18:19:01,1,10.05,1,N,1,43.5,1.000000000,0.500000000,9.06,0.0,0.300000000,54.36,138,189,17,Thursday,4,138,LaGuardia Airport,Queens
1,2018-08-07 16:43:45,2018-08-07 17:18:26,1,11.4,1,N,1,35.5,1.000000000,0.500000000,8.6,5.76,0.300000000,51.66,138,230,16,Tuesday,8,138,LaGuardia Airport,Queens
1,2018-06-14 11:01:03,2018-06-14 11:44:11,1,9.4,1,N,1,32.5,0E-9,0.500000000,9.75,5.76,0.300000000,48.81,138,233,11,Thursday,6,138,LaGuardia Airport,Queens
1,2018-04-29 15:29:14,2018-04-29 15:47:40,3,8.6,1,N,1,25.5,0E-9,0.500000000,6.0,5.76,0.300000000,38.06,138,170,15,Sunday,4,138,LaGuardia Airport,Queens
2,2018-06-01 16:43:34,2018-06-01 17:44:01,3,9.86,1,N,1,38.5,1.000000000,0.500000000,8.06,0.0,0.300000000,48.36,138,66,16,Friday,6,138,LaGuardia Airport,Queens
2,2018-10-08 19:44:10,2018-10-08 20:03:10,2,9.18,1,N,1,26.5,0E-9,0.500000000,6.61,5.76,0.300000000,39.67,138,237,19,Monday,10,138,LaGuardia Airport,Queens
2,2018-11-26 00:02:09,2018-11-26 00:22:25,1,10.44,1,N,1,30.0,0.500000000,0.500000000,6.26,0.0,0.300000000,37.56,138,61,0,Monday,11,138,LaGuardia Airport,Queens
2,2018-11-04 23:06:16,2018-11-04 23:22:12,1,7.27,1,N,1,22.5,0.500000000,0.500000000,6.0,5.76,0.300000000,35.56,138,41,23,Sunday,11,138,LaGuardia Airport,Queens
2,2018-04-03 10:33:00,2018-04-03 11:03:32,1,8.44,1,N,1,29.0,0E-9,0.500000000,8.89,5.76,0.300000000,44.45,138,100,10,Tuesday,4,138,LaGuardia Airport,Queens
1,2018-06-04 07:59:10,2018-06-04 09:02:57,1,9.5,1,N,1,42.0,0E-9,0.500000000,12.1,5.76,0.300000000,60.66,138,161,7,Monday,6,138,LaGuardia Airport,Queens
1,2018-07-05 19:17:42,2018-07-05 19:49:12,1,11.5,1,N,1,36.0,1.000000000,0.500000000,8.0,5.76,0.300000000,51.56,138,163,19,Thursday,7,138,LaGuardia Airport,Queens
1,2018-09-21 21:17:20,2018-09-21 22:01:21,1,8.6,1,N,1,35.5,0.500000000,0.500000000,8.0,0.0,0.300000000,44.8,138,229,21,Friday,9,138,LaGuardia Airport,Queens
1,2018-11-06 12:31:23,2018-11-06 13:17:45,1,10.7,1,N,1,38.0,0E-9,0.500000000,8.9,5.76,0.300000000,53.46,138,162,12,Tuesday,11,138,LaGuardia Airport,Queens
2,2018-04-15 16:00:49,2018-04-15 16:27:05,1,8.89,1,N,1,28.0,0E-9,0.500000000,5.76,0.0,0.300000000,34.56,138,49,16,Sunday,4,138,LaGuardia Airport,Queens
2,2018-10-09 00:36:17,2018-10-09 01:00:31,1,12.41,1,N,1,36.0,0.500000000,0.500000000,8.61,5.76,0.300000000,51.67,138,234,0,Tuesday,10,138,LaGuardia Airport,Queens
2,2018-11-26 16:50:41,2018-11-26 17:49:09,1,9.53,1,N,1,39.5,1.000000000,0.500000000,9.41,5.76,0.300000000,56.47,138,48,16,Monday,11,138,LaGuardia Airport,Queens
2,2018-04-24 17:58:12,2018-04-24 18:29:08,2,8.36,1,N,1,28.5,1.000000000,0.500000000,6.0,5.76,0.300000000,42.06,138,107,17,Tuesday,4,138,LaGuardia Airport,Queens
2,2018-05-21 08:41:04,2018-05-21 09:40:33,1,13.42,1,N,1,49.0,0E-9,0.500000000,13.89,5.76,0.300000000,69.45,138,50,8,Monday,5,138,LaGuardia Airport,Queens
2,2018-04-26 19:05:04,2018-04-26 19:38:11,1,9.06,1,N,1,30.5,1.000000000,0.500000000,6.46,0.0,0.300000000,38.76,138,79,19,Thursday,4,138,LaGuardia Airport,Queens
2,2018-02-16 19:21:48,2018-02-16 19:44:30,5,7.5,1,N,1,24.5,1.000000000,0.500000000,6.41,5.76,0.300000000,38.47,138,41,19,Friday,2,138,LaGuardia Airport,Queens
2,2018-03-05 10:11:20,2018-03-05 10:52:04,1,14.66,1,N,1,42.5,0E-9,0.500000000,12.99,0.0,0.300000000,56.29,138,228,10,Monday,3,138,LaGuardia Airport,Queens
1,2018-03-05 13:35:21,2018-03-05 14:03:05,1,11.0,1,N,1,33.5,0E-9,0.500000000,8.0,5.76,0.300000000,48.06,138,162,13,Monday,3,138,LaGuardia Airport,Queens
2,2018-07-15 23:18:47,2018-07-15 23:40:58,5,12.22,1,N,1,33.5,0.500000000,0.500000000,10.44,0.0,0.300000000,45.24,138,132,23,Sunday,7,138,LaGuardia Airport,Queens
1,2018-10-10 11:04:50,2018-10-10 12:08:57,1,12.9,1,N,1,48.5,0E-9,0.500000000,8.0,0.0,0.300000000,57.3,138,170,11,Wednesday,10,138,LaGuardia Airport,Queens
2,2018-09-11 11:56:05,2018-09-11 12:18:17,2,8.77,1,N,1,27.0,0E-9,0.500000000,4.0,5.76,0.300000000,37.56,138,162,11,Tuesday,9,138,LaGuardia Airport,Queens
1,2018-06-04 10:11:18,2018-06-04 10:55:43,1,8.5,1,N,1,33.0,0E-9,0.500000000,7.9,5.76,0.300000000,47.46,138,164,10,Monday,6,138,LaGuardia Airport,Queens
1,2018-05-13 16:09:16,2018-05-13 16:40:02,1,10.8,1,N,1,31.5,0E-9,0.500000000,9.5,5.76,0.300000000,47.56,138,162,16,Sunday,5,138,LaGuardia Airport,Queens
1,2018-06-04 07:53:10,2018-06-04 08:46:31,1,12.6,1,N,1,44.5,0E-9,0.500000000,10.2,5.76,0.300000000,61.26,138,230,7,Monday,6,138,LaGuardia Airport,Queens
1,2018-07-16 15:57:47,2018-07-16 16:21:36,1,8.0,1,N,1,25.5,1.000000000,0.500000000,8.25,5.76,0.300000000,41.31,138,170,15,Monday,7,138,LaGuardia Airport,Queens
2,2018-05-14 12:43:06,2018-05-14 13:19:37,1,11.5,1,N,1,37.0,0E-9,0.500000000,10.89,5.76,0.300000000,54.45,138,170,12,Monday,5,138,LaGuardia Airport,Queens
2,2018-02-25 17:24:16,2018-02-25 17:51:03,1,7.76,1,N,1,26.0,0E-9,0.500000000,5.36,0.0,0.300000000,32.16,138,161,17,Sunday,2,138,LaGuardia Airport,Queens
1,2018-07-16 19:14:03,2018-07-16 19:32:56,2,10.4,1,N,1,29.0,1.000000000,0.500000000,6.15,0.0,0.300000000,36.95,138,63,19,Monday,7,138,LaGuardia Airport,Queens
2,2018-11-16 13:47:02,2018-11-16 14:15:06,1,10.83,1,N,1,31.0,0E-9,0.500000000,6.36,0.0,0.300000000,38.16,138,66,13,Friday,11,138,LaGuardia Airport,Queens
1,2018-03-18 11:45:37,2018-03-18 12:22:43,1,11.8,1,N,1,37.5,0E-9,0.500000000,11.0,5.76,0.300000000,55.06,138,163,11,Sunday,3,138,LaGuardia Airport,Queens
2,2018-07-18 08:36:33,2018-07-18 09:20:10,5,8.41,1,N,1,29.5,0E-9,0.500000000,5.41,5.76,0.300000000,41.47,138,262,8,Wednesday,7,138,LaGuardia Airport,Queens
2,2018-03-29 12:05:23,2018-03-29 12:55:57,1,11.71,1,N,1,42.5,0E-9,0.500000000,9.81,5.76,0.300000000,58.87,138,107,12,Thursday,3,138,LaGuardia Airport,Queens
2,2018-07-29 11:54:01,2018-07-29 12:16:42,1,9.22,1,N,1,28.0,0E-9,0.500000000,8.64,5.76,0.300000000,43.2,138,239,11,Sunday,7,138,LaGuardia Airport,Queens
2,2018-11-07 20:53:22,2018-11-07 21:13:03,2,9.08,1,N,1,27.0,0.500000000,0.500000000,6.81,5.76,0.300000000,40.87,138,107,20,Wednesday,11,138,LaGuardia Airport,Queens
2,2018-09-04 20:59:40,2018-09-04 21:23:55,5,9.8,1,N,1,30.0,0.500000000,0.500000000,9.26,5.76,0.300000000,46.32,138,244,20,Tuesday,9,138,LaGuardia Airport,Queens
2,2018-01-08 14:32:32,2018-01-08 15:08:15,3,9.55,1,N,1,32.5,0E-9,0.500000000,9.99,0.0,0.300000000,43.29,138,36,14,Monday,1,138,LaGuardia Airport,Queens
2,2018-09-14 22:19:37,2018-09-14 22:38:00,1,9.16,1,N,1,26.5,0.500000000,0.500000000,6.95,0.0,0.300000000,34.75,138,97,22,Friday,9,138,LaGuardia Airport,Queens
2,2018-05-04 14:51:05,2018-05-04 15:39:12,1,9.22,1,N,1,36.5,0E-9,0.500000000,8.61,5.76,0.300000000,51.67,138,90,14,Friday,5,138,LaGuardia Airport,Queens
1,2018-05-26 09:28:12,2018-05-26 09:59:02,1,7.8,1,N,1,29.0,0E-9,0.500000000,10.0,5.76,0.300000000,45.56,138,75,9,Saturday,5,138,LaGuardia Airport,Queens
2,2018-11-30 21:52:51,2018-11-30 22:06:13,1,7.66,1,N,1,22.0,0.500000000,0.500000000,5.81,5.76,0.300000000,34.87,138,236,21,Friday,11,138,LaGuardia Airport,Queens
1,2018-09-06 09:47:52,2018-09-06 10:41:08,1,15.8,1,N,1,51.5,0E-9,0.500000000,10.45,0.0,0.300000000,62.75,138,85,9,Thursday,9,138,LaGuardia Airport,Queens
1,2018-09-04 22:35:52,2018-09-04 23:03:35,2,11.2,1,N,1,34.0,0.500000000,0.500000000,7.0,5.76,0.300000000,48.06,138,142,22,Tuesday,9,138,LaGuardia Airport,Queens
1,2018-07-08 22:19:04,2018-07-08 22:43:03,1,8.6,1,N,1,27.0,0.500000000,0.500000000,6.8,5.76,0.300000000,40.86,138,68,22,Sunday,7,138,LaGuardia Airport,Queens
2,2018-01-30 16:04:06,2018-01-30 16:31:49,1,8.87,1,N,1,29.0,1.000000000,0.500000000,7.31,5.76,0.300000000,43.87,138,100,16,Tuesday,1,138,LaGuardia Airport,Queens
1,2018-12-23 19:40:18,2018-12-23 19:56:02,2,8.7,1,N,1,25.0,0E-9,0.500000000,5.44,5.76,0.300000000,37.0,138,233,19,Sunday,12,138,LaGuardia Airport,Queens
2,2018-03-28 18:03:36,2018-03-28 18:44:36,1,9.08,1,N,1,31.5,1.000000000,0.500000000,7.81,5.76,0.300000000,46.87,138,41,18,Wednesday,3,138,LaGuardia Airport,Queens
2,2018-10-04 10:35:31,2018-10-04 11:19:44,1,9.44,1,N,1,35.0,0E-9,0.500000000,8.95,0.0,0.300000000,44.75,138,68,10,Thursday,10,138,LaGuardia Airport,Queens
2,2018-04-05 00:12:26,2018-04-05 00:46:59,1,11.77,1,N,1,36.5,0.500000000,0.500000000,10.89,5.76,0.300000000,54.45,138,161,0,Thursday,4,138,LaGuardia Airport,Queens
2,2018-03-09 20:34:00,2018-03-09 21:11:20,3,10.11,1,N,1,34.5,0.500000000,0.500000000,8.31,5.76,0.300000000,49.87,138,246,20,Friday,3,138,LaGuardia Airport,Queens
2,2018-12-21 17:37:55,2018-12-21 18:18:53,1,10.77,1,N,2,35.5,1.000000000,0.500000000,0.0,5.76,0.300000000,43.06,138,161,17,Friday,12,138,LaGuardia Airport,Queens
2,2018-06-26 07:26:52,2018-06-26 08:06:41,1,11.9,1,N,1,38.5,0E-9,0.500000000,9.01,5.76,0.300000000,54.07,138,100,7,Tuesday,6,138,LaGuardia Airport,Queens
2,2018-04-05 19:23:41,2018-04-05 20:03:49,6,10.76,1,N,1,37.5,1.000000000,0.500000000,11.26,5.76,0.300000000,56.32,138,246,19,Thursday,4,138,LaGuardia Airport,Queens
2,2018-11-09 09:42:04,2018-11-09 10:25:11,2,13.81,1,N,1,43.5,0E-9,0.500000000,10.01,5.76,0.300000000,60.07,138,144,9,Friday,11,138,LaGuardia Airport,Queens
1,2018-03-29 11:40:59,2018-03-29 12:12:57,1,10.0,1,N,1,32.5,0E-9,0.500000000,5.86,5.76,0.300000000,44.92,138,238,11,Thursday,3,138,LaGuardia Airport,Queens
1,2018-11-30 20:22:18,2018-11-30 20:40:39,1,9.2,1,N,1,26.5,0.500000000,0.500000000,6.7,5.76,0.300000000,40.26,138,213,20,Friday,11,138,LaGuardia Airport,Queens
1,2018-04-20 00:37:26,2018-04-20 00:58:50,1,11.1,1,N,1,31.5,0.500000000,0.500000000,9.6,5.76,0.300000000,48.16,138,163,0,Friday,4,138,LaGuardia Airport,Queens
2,2018-01-11 17:39:55,2018-01-11 18:24:06,5,7.15,1,N,1,32.0,1.000000000,0.500000000,6.76,0.0,0.300000000,40.56,138,162,17,Thursday,1,138,LaGuardia Airport,Queens
1,2018-04-08 14:53:23,2018-04-08 15:20:28,2,8.6,1,N,1,26.0,0E-9,0.500000000,6.51,5.76,0.300000000,39.07,138,263,14,Sunday,4,138,LaGuardia Airport,Queens
1,2018-12-01 19:56:54,2018-12-01 20:24:13,1,10.0,1,N,1,30.0,0E-9,0.500000000,6.15,0.0,0.300000000,36.95,138,25,19,Saturday,12,138,LaGuardia Airport,Queens
1,2018-03-19 12:00:39,2018-03-19 12:27:00,1,9.4,1,N,2,29.0,0E-9,0.500000000,0.0,5.76,0.300000000,35.56,138,234,12,Monday,3,138,LaGuardia Airport,Queens
1,2018-03-19 21:38:47,2018-03-19 21:58:22,2,8.4,1,N,1,26.0,0.500000000,0.500000000,6.61,5.76,0.300000000,39.67,138,238,21,Monday,3,138,LaGuardia Airport,Queens
2,2018-01-23 15:44:34,2018-01-23 16:16:54,1,11.3,1,N,1,34.5,0E-9,0.500000000,8.0,5.76,0.300000000,49.06,138,125,15,Tuesday,1,138,LaGuardia Airport,Queens
2,2018-03-19 09:48:32,2018-03-19 10:44:03,1,10.59,1,N,1,41.0,0E-9,0.500000000,9.51,5.76,0.300000000,57.07,138,233,9,Monday,3,138,LaGuardia Airport,Queens
2,2018-01-11 08:27:35,2018-01-11 09:25:12,1,17.12,1,N,1,55.0,0E-9,0.500000000,12.31,5.76,0.300000000,73.87,138,231,8,Thursday,1,138,LaGuardia Airport,Queens
1,2018-09-06 22:55:25,2018-09-06 23:37:45,1,9.4,1,N,1,34.5,0.500000000,0.500000000,8.3,5.76,0.300000000,49.86,138,249,22,Thursday,9,138,LaGuardia Airport,Queens
1,2018-04-20 21:56:18,2018-04-20 22:12:13,1,9.3,1,N,1,26.5,0.500000000,0.500000000,3.2,0.0,0.300000000,31.0,138,131,21,Friday,4,138,LaGuardia Airport,Queens
2,2018-05-06 20:28:30,2018-05-06 20:48:51,1,9.66,1,N,1,28.5,0.500000000,0.500000000,5.96,0.0,0.300000000,35.76,138,232,20,Sunday,5,138,LaGuardia Airport,Queens
1,2018-08-01 20:13:45,2018-08-01 20:38:13,1,8.5,1,N,1,27.5,0.500000000,0.500000000,7.0,5.76,0.300000000,41.56,138,230,20,Wednesday,8,138,LaGuardia Airport,Queens
1,2018-07-18 17:46:50,2018-07-18 18:27:41,2,10.9,1,N,1,35.5,1.000000000,0.500000000,8.0,5.76,0.300000000,51.06,138,143,17,Wednesday,7,138,LaGuardia Airport,Queens
2,2018-07-08 18:43:04,2018-07-08 19:02:22,2,8.19,1,N,1,24.0,0E-9,0.500000000,6.11,5.76,0.300000000,36.67,138,164,18,Sunday,7,138,LaGuardia Airport,Queens
1,2018-11-10 10:51:00,2018-11-10 11:11:02,0,8.5,1,N,1,25.5,0E-9,0.500000000,6.4,5.76,0.300000000,38.46,138,233,10,Saturday,11,138,LaGuardia Airport,Queens
1,2018-11-11 20:29:23,2018-11-11 20:50:42,1,7.2,1,N,1,23.5,0.500000000,0.500000000,6.11,5.76,0.300000000,36.67,138,166,20,Sunday,11,138,LaGuardia Airport,Queens
2,2018-03-20 13:13:00,2018-03-20 14:06:41,1,12.57,1,N,1,45.0,0E-9,0.500000000,10.27,5.54,0.300000000,61.61,138,186,13,Tuesday,3,138,LaGuardia Airport,Queens
2,2018-03-11 20:51:41,2018-03-11 21:18:52,1,7.94,1,N,1,26.0,0.500000000,0.500000000,5.46,0.0,0.300000000,32.76,138,100,20,Sunday,3,138,LaGuardia Airport,Queens
1,2018-03-29 10:54:58,2018-03-29 11:51:25,1,13.0,1,N,1,47.5,0E-9,0.500000000,10.8,5.76,0.300000000,64.86,138,230,10,Thursday,3,138,LaGuardia Airport,Queens
2,2018-05-30 12:21:57,2018-05-30 12:53:15,2,8.63,1,N,1,29.0,0E-9,0.500000000,7.11,5.76,0.300000000,42.67,138,236,12,Wednesday,5,138,LaGuardia Airport,Queens
2,2018-05-09 20:49:55,2018-05-09 21:10:36,1,8.13,1,N,1,25.5,0.500000000,0.500000000,6.51,5.76,0.300000000,39.07,138,236,20,Wednesday,5,138,LaGuardia Airport,Queens
1,2018-01-11 12:47:03,2018-01-11 13:15:09,1,9.9,1,N,1,31.5,0E-9,0.500000000,6.45,0.0,0.300000000,38.75,138,249,12,Thursday,1,138,LaGuardia Airport,Queens
2,2018-02-19 08:13:00,2018-02-19 08:36:37,1,10.46,1,N,1,31.0,0E-9,0.500000000,7.51,5.76,0.300000000,45.07,138,142,8,Monday,2,138,LaGuardia Airport,Queens
2,2018-05-31 12:21:14,2018-05-31 13:26:14,1,10.33,1,N,1,45.5,0E-9,0.500000000,10.41,5.76,0.300000000,62.47,138,161,12,Thursday,5,138,LaGuardia Airport,Queens
2,2018-11-14 18:49:59,2018-11-14 19:37:40,1,11.06,1,N,1,38.5,1.000000000,0.500000000,8.06,0.0,0.300000000,48.36,138,181,18,Wednesday,11,138,LaGuardia Airport,Queens
2,2018-09-16 13:46:28,2018-09-16 14:02:12,1,7.78,1,N,1,22.5,0E-9,0.500000000,7.26,5.76,0.300000000,36.32,138,170,13,Sunday,9,138,LaGuardia Airport,Queens
2,2018-11-24 20:41:39,2018-11-24 21:18:27,3,11.22,1,N,1,35.5,0.500000000,0.500000000,8.51,5.76,0.300000000,51.07,138,164,20,Saturday,11,138,LaGuardia Airport,Queens
2,2018-03-15 11:08:52,2018-03-15 11:30:18,3,7.51,1,N,1,23.0,0E-9,0.500000000,5.91,5.76,0.300000000,35.47,138,263,11,Thursday,3,138,LaGuardia Airport,Queens
2,2018-01-25 21:13:31,2018-01-25 21:40:40,1,11.19,1,N,1,33.0,0.500000000,0.500000000,6.86,0.0,0.300000000,41.16,138,181,21,Thursday,1,138,LaGuardia Airport,Queens
2,2018-07-02 11:26:31,2018-07-02 11:55:48,2,8.67,1,N,1,29.5,0E-9,0.500000000,7.21,5.76,0.300000000,43.27,138,161,11,Monday,7,138,LaGuardia Airport,Queens
2,2018-01-16 15:33:41,2018-01-16 15:53:56,1,8.09,1,N,1,24.5,0E-9,0.500000000,6.21,5.76,0.300000000,37.27,138,162,15,Tuesday,1,138,LaGuardia Airport,Queens
2,2018-06-20 19:44:37,2018-06-20 20:23:18,1,14.34,1,N,1,42.0,1.000000000,0.500000000,9.91,5.76,0.300000000,59.47,138,209,19,Wednesday,6,138,LaGuardia Airport,Queens
2,2018-11-24 23:20:07,2018-11-24 23:43:40,1,8.92,1,N,1,26.5,0.500000000,0.500000000,5.56,0.0,0.300000000,33.36,138,37,23,Saturday,11,138,LaGuardia Airport,Queens
2,2018-02-22 23:25:43,2018-02-22 23:50:56,3,12.85,1,N,1,36.5,0.500000000,0.500000000,9.45,0.0,0.300000000,47.25,138,181,23,Thursday,2,138,LaGuardia Airport,Queens
1,2018-01-03 08:40:32,2018-01-03 09:08:16,1,9.5,1,N,1,29.0,0E-9,0.500000000,7.11,5.76,0.300000000,42.67,138,239,8,Wednesday,1,138,LaGuardia Airport,Queens
1,2018-02-22 17:40:06,2018-02-22 18:12:15,1,9.0,1,N,1,28.0,1.000000000,0.500000000,7.1,5.76,0.300000000,42.66,138,141,17,Thursday,2,138,LaGuardia Airport,Queens
2,2018-01-26 21:30:03,2018-01-26 21:55:12,1,10.53,1,N,1,32.0,0.500000000,0.500000000,7.0,0.0,0.300000000,40.3,138,114,21,Friday,1,138,LaGuardia Airport,Queens
1,2018-04-11 20:37:00,2018-04-11 21:01:57,1,15.2,1,N,1,41.5,0.500000000,0.500000000,7.0,0.0,0.300000000,49.8,138,181,20,Wednesday,4,138,LaGuardia Airport,Queens
2,2018-02-02 22:34:16,2018-02-02 22:59:49,1,10.74,1,N,1,33.0,0.500000000,0.500000000,6.86,0.0,0.300000000,41.16,138,211,22,Friday,2,138,LaGuardia Airport,Queens
2,2018-03-24 17:26:01,2018-03-24 18:38:42,1,8.92,1,N,1,50.0,0E-9,0.500000000,4.4,5.76,0.300000000,60.96,138,162,17,Saturday,3,138,LaGuardia Airport,Queens
2,2018-01-14 23:15:09,2018-01-14 23:33:24,3,8.55,1,N,1,25.5,0.500000000,0.500000000,6.51,5.76,0.300000000,39.07,138,164,23,Sunday,1,138,LaGuardia Airport,Queens
1,2018-10-25 20:55:07,2018-10-25 21:17:42,0,7.9,1,N,1,25.5,0.500000000,0.500000000,6.0,5.76,0.300000000,38.56,138,164,20,Thursday,10,138,LaGuardia Airport,Queens
2,2018-06-21 10:01:59,2018-06-21 10:53:23,2,10.13,1,N,1,36.5,0E-9,0.500000000,9.13,5.76,0.300000000,52.19,138,161,10,Thursday,6,138,LaGuardia Airport,Queens
2,2018-08-28 09:22:01,2018-08-28 10:15:53,6,14.96,1,N,1,46.5,0E-9,0.500000000,4.94,5.76,0.300000000,58.0,138,88,9,Tuesday,8,138,LaGuardia Airport,Queens
1,2018-01-14 16:13:47,2018-01-14 16:41:35,1,10.8,1,N,1,31.5,0E-9,0.500000000,7.6,5.76,0.300000000,45.66,138,230,16,Sunday,1,138,LaGuardia Airport,Queens
2,2018-02-28 18:23:42,2018-02-28 19:06:03,1,10.49,1,N,1,36.5,1.000000000,0.500000000,8.81,5.76,0.300000000,52.87,138,239,18,Wednesday,2,138,LaGuardia Airport,Queens
2,2018-09-19 09:48:18,2018-09-19 10:57:53,2,9.5,1,N,1,51.0,0E-9,0.500000000,17.27,5.76,0.300000000,74.83,138,230,9,Wednesday,9,138,LaGuardia Airport,Queens
1,2018-03-05 08:32:29,2018-03-05 09:22:26,1,9.0,1,N,1,35.0,0E-9,0.500000000,7.15,0.0,0.300000000,42.95,138,97,8,Monday,3,138,LaGuardia Airport,Queens
2,2018-09-10 20:48:10,2018-09-10 21:06:26,1,6.98,1,N,1,22.0,0.500000000,0.500000000,5.81,5.76,0.300000000,34.87,138,42,20,Monday,9,138,LaGuardia Airport,Queens
2,2018-01-15 09:02:18,2018-01-15 09:33:36,1,9.76,5,N,1,45.0,0E-9,0.500000000,10.31,5.76,0.300000000,61.87,138,246,9,Monday,1,138,LaGuardia Airport,Queens
2,2018-09-21 13:06:05,2018-09-21 13:44:10,2,9.37,1,N,1,34.5,0E-9,0.500000000,8.21,5.76,0.300000000,49.27,138,68,13,Friday,9,138,LaGuardia Airport,Queens
2,2018-04-26 11:57:29,2018-04-26 12:52:29,1,14.08,1,N,1,49.0,0E-9,0.500000000,11.11,5.76,0.300000000,66.67,138,13,11,Thursday,4,138,LaGuardia Airport,Queens
2,2018-03-15 16:29:57,2018-03-15 17:23:38,1,10.39,1,N,1,39.0,1.000000000,0.500000000,8.16,0.0,0.300000000,48.96,138,211,16,Thursday,3,138,LaGuardia Airport,Queens
2,2018-01-18 12:06:28,2018-01-18 12:42:49,4,12.84,1,N,1,40.5,0E-9,0.500000000,8.26,0.0,0.300000000,49.56,138,211,12,Thursday,1,138,LaGuardia Airport,Queens
1,2018-04-24 15:01:17,2018-04-24 15:32:36,1,8.6,1,N,1,30.0,0E-9,0.500000000,9.1,5.76,0.300000000,45.66,138,100,15,Tuesday,4,138,LaGuardia Airport,Queens
2,2018-08-16 14:10:40,2018-08-16 14:37:28,1,7.97,1,N,1,26.0,0E-9,0.500000000,6.51,5.76,0.300000000,39.07,138,42,14,Thursday,8,138,LaGuardia Airport,Queens
2,2018-09-14 13:30:26,2018-09-14 13:52:25,1,8.22,1,N,1,25.5,0E-9,0.500000000,6.41,5.76,0.300000000,38.47,138,170,13,Friday,9,138,LaGuardia Airport,Queens
2,2018-07-15 21:41:55,2018-07-15 22:17:34,2,12.17,1,N,1,37.5,0.500000000,0.500000000,13.37,5.76,0.300000000,57.93,138,163,21,Sunday,7,138,LaGuardia Airport,Queens
1,2018-04-30 19:12:05,2018-04-30 19:55:17,3,12.2,1,N,1,39.5,1.000000000,0.500000000,11.75,5.76,0.300000000,58.81,138,239,19,Monday,4,138,LaGuardia Airport,Queens
1,2018-04-05 22:59:18,2018-04-05 23:14:59,1,9.5,1,N,1,27.0,0.500000000,0.500000000,7.05,0.0,0.300000000,35.35,138,79,22,Thursday,4,138,LaGuardia Airport,Queens
1,2018-02-25 18:33:07,2018-02-25 18:53:07,0,10.5,1,N,1,29.5,0E-9,0.500000000,4.0,5.76,0.300000000,40.06,138,162,18,Sunday,2,138,LaGuardia Airport,Queens
2,2018-01-18 19:40:18,2018-01-18 20:01:06,2,9.49,1,N,1,28.0,1.000000000,0.500000000,7.11,5.76,0.300000000,42.67,138,107,19,Thursday,1,138,LaGuardia Airport,Queens
2,2018-04-05 11:18:07,2018-04-05 11:56:54,1,10.9,1,N,1,37.0,0E-9,0.500000000,8.71,5.76,0.300000000,52.27,138,233,11,Thursday,4,138,LaGuardia Airport,Queens
2,2018-10-05 10:50:07,2018-10-05 11:31:19,1,10.0,1,N,1,33.5,0E-9,0.500000000,6.86,0.0,0.300000000,41.16,138,25,10,Friday,10,138,LaGuardia Airport,Queens
2,2018-06-27 17:58:50,2018-06-27 18:27:58,1,9.82,1,N,2,30.0,1.000000000,0.500000000,0.0,5.76,0.300000000,37.56,138,162,17,Wednesday,6,138,LaGuardia Airport,Queens
2,2018-03-04 23:29:59,2018-03-04 23:47:16,1,9.48,1,N,1,27.5,0.500000000,0.500000000,1.23,5.76,0.300000000,35.79,138,141,23,Sunday,3,138,LaGuardia Airport,Queens
2,2018-02-27 15:48:31,2018-02-27 16:18:58,1,10.44,1,N,1,30.5,0E-9,0.500000000,7.41,5.76,0.300000000,44.47,138,233,15,Tuesday,2,138,LaGuardia Airport,Queens
2,2018-06-15 21:58:58,2018-06-15 22:32:18,6,11.19,1,N,1,35.0,0.500000000,0.500000000,8.41,5.76,0.300000000,50.47,138,143,21,Friday,6,138,LaGuardia Airport,Queens
1,2018-10-27 10:24:37,2018-10-27 10:53:34,1,11.0,1,N,1,33.5,0E-9,0.500000000,6.0,5.76,0.300000000,46.06,138,163,10,Saturday,10,138,LaGuardia Airport,Queens
2,2018-05-01 19:52:55,2018-05-01 20:21:42,1,11.65,1,N,1,35.0,1.000000000,0.500000000,12.77,5.76,0.300000000,55.33,138,48,19,Tuesday,5,138,LaGuardia Airport,Queens
2,2018-08-08 23:41:47,2018-08-08 23:59:20,6,8.73,1,N,1,26.0,0.500000000,0.500000000,4.0,5.76,0.300000000,37.06,138,262,23,Wednesday,8,138,LaGuardia Airport,Queens
2,2018-10-12 13:35:27,2018-10-12 14:15:16,1,9.5,1,N,1,35.5,0E-9,0.500000000,8.41,5.76,0.300000000,50.47,138,163,13,Friday,10,138,LaGuardia Airport,Queens
2,2018-03-06 11:16:56,2018-03-06 11:56:42,1,16.54,1,N,1,47.0,0E-9,0.500000000,13.39,5.76,0.300000000,66.95,138,261,11,Tuesday,3,138,LaGuardia Airport,Queens
1,2018-03-27 19:29:00,2018-03-27 19:57:35,1,9.8,1,N,1,29.5,1.000000000,0.500000000,6.25,0.0,0.300000000,37.55,138,33,19,Tuesday,3,138,LaGuardia Airport,Queens
1,2018-02-16 14:48:56,2018-02-16 15:37:17,1,10.9,1,N,1,39.5,0E-9,0.500000000,4.61,5.76,0.300000000,50.67,138,143,14,Friday,2,138,LaGuardia Airport,Queens
2,2018-03-08 07:56:24,2018-03-08 08:31:10,2,12.64,1,N,1,38.0,0E-9,0.500000000,8.91,5.76,0.300000000,53.47,138,90,7,Thursday,3,138,LaGuardia Airport,Queens
2,2018-08-23 15:50:59,2018-08-23 16:53:44,1,13.09,1,N,2,47.5,0E-9,0.500000000,0.0,0.0,0.300000000,48.3,138,26,15,Thursday,8,138,LaGuardia Airport,Queens
2,2018-10-19 10:56:20,2018-10-19 11:33:20,1,8.61,1,N,2,32.0,0E-9,0.500000000,0.0,5.76,0.300000000,38.56,138,186,10,Friday,10,138,LaGuardia Airport,Queens
2,2018-09-24 13:43:14,2018-09-24 14:07:36,1,9.43,1,N,1,28.5,0E-9,0.500000000,6.31,5.76,0.300000000,41.37,138,141,13,Monday,9,138,LaGuardia Airport,Queens
2,2018-11-10 12:29:31,2018-11-10 13:10:48,1,9.63,1,N,2,35.0,0E-9,0.500000000,0.0,5.76,0.300000000,41.56,138,48,12,Saturday,11,138,LaGuardia Airport,Queens
2,2018-10-18 18:14:59,2018-10-18 18:57:40,2,11.87,1,N,1,37.0,1.000000000,0.500000000,7.76,0.0,0.300000000,46.56,138,132,18,Thursday,10,138,LaGuardia Airport,Queens
2,2018-03-19 17:20:19,2018-03-19 17:59:14,1,10.14,1,N,1,34.0,1.000000000,0.500000000,8.31,5.76,0.300000000,49.87,138,238,17,Monday,3,138,LaGuardia Airport,Queens
2,2018-06-17 17:49:22,2018-06-17 18:23:44,2,9.57,1,N,1,31.5,0E-9,0.500000000,9.52,5.76,0.300000000,47.58,138,234,17,Sunday,6,138,LaGuardia Airport,Queens
2,2018-09-04 18:15:01,2018-09-04 18:48:30,1,9.75,1,N,2,30.5,1.000000000,0.500000000,0.0,5.76,0.300000000,38.06,138,141,18,Tuesday,9,138,LaGuardia Airport,Queens
2,2018-07-31 09:09:27,2018-07-31 09:53:10,2,9.09,1,N,1,33.5,0E-9,0.500000000,8.01,5.76,0.300000000,48.07,138,186,9,Tuesday,7,138,LaGuardia Airport,Queens
2,2018-07-19 18:26:18,2018-07-19 19:12:09,2,12.03,1,N,2,38.0,1.000000000,0.500000000,0.0,0.0,0.300000000,39.8,138,219,18,Thursday,7,138,LaGuardia Airport,Queens
1,2018-03-19 12:45:50,2018-03-19 13:04:18,1,9.0,1,N,2,26.0,0E-9,0.500000000,0.0,5.76,0.300000000,32.56,138,137,12,Monday,3,138,LaGuardia Airport,Queens
2,2018-01-21 16:33:51,2018-01-21 17:17:38,1,9.91,1,N,1,33.5,0E-9,0.500000000,10.02,5.76,0.300000000,50.08,138,141,16,Sunday,1,138,LaGuardia Airport,Queens
1,2018-03-18 18:31:36,2018-03-18 18:50:44,1,9.3,1,N,1,27.0,0E-9,0.500000000,6.7,5.76,0.300000000,40.26,138,141,18,Sunday,3,138,LaGuardia Airport,Queens
1,2018-04-19 21:09:10,2018-04-19 21:28:57,1,11.7,1,N,1,32.5,0.500000000,0.500000000,7.9,5.76,0.300000000,47.46,138,120,21,Thursday,4,138,LaGuardia Airport,Queens
2,2018-10-30 23:37:02,2018-10-30 23:59:39,1,7.61,1,N,1,25.0,0.500000000,0.500000000,3.94,0.0,0.300000000,30.24,138,256,23,Tuesday,10,138,LaGuardia Airport,Queens
1,2018-09-27 11:20:25,2018-09-27 11:59:18,1,9.3,1,N,1,32.0,0E-9,0.500000000,7.7,5.76,0.300000000,46.26,138,229,11,Thursday,9,138,LaGuardia Airport,Queens
2,2018-05-16 18:39:47,2018-05-16 19:06:59,2,7.77,1,N,1,24.0,1.000000000,0.500000000,6.0,5.76,0.300000000,37.56,138,236,18,Wednesday,5,138,LaGuardia Airport,Queens
1,2018-12-03 12:03:30,2018-12-03 12:51:45,2,11.3,1,N,1,40.5,0E-9,0.500000000,9.4,5.76,0.300000000,56.46,138,163,12,Monday,12,138,LaGuardia Airport,Queens
2,2018-05-27 19:05:53,2018-05-27 19:20:44,2,8.12,1,N,1,23.5,0E-9,0.500000000,6.01,5.76,0.300000000,36.07,138,233,19,Sunday,5,138,LaGuardia Airport,Queens
2,2018-05-06 21:19:01,2018-05-06 21:43:42,1,9.87,1,N,1,29.0,0.500000000,0.500000000,9.02,5.76,0.300000000,45.08,138,141,21,Sunday,5,138,LaGuardia Airport,Queens
1,2018-04-18 08:28:15,2018-04-18 09:10:00,1,12.5,1,N,1,40.5,0E-9,0.500000000,8.25,0.0,0.300000000,49.55,138,61,8,Wednesday,4,138,LaGuardia Airport,Queens
1,2018-12-03 13:47:31,2018-12-03 14:37:48,1,9.3,1,N,1,38.5,0E-9,0.500000000,9.0,5.76,0.300000000,54.06,138,68,13,Monday,12,138,LaGuardia Airport,Queens
2,2018-07-11 07:26:08,2018-07-11 07:52:31,1,11.36,1,N,1,32.5,0E-9,0.500000000,9.76,5.76,0.300000000,48.82,138,162,7,Wednesday,7,138,LaGuardia Airport,Queens
2,2018-06-10 23:12:03,2018-06-10 23:33:23,1,10.13,1,N,1,30.0,0.500000000,0.500000000,11.12,5.76,0.300000000,48.18,138,230,23,Sunday,6,138,LaGuardia Airport,Queens
1,2018-03-22 20:39:32,2018-03-22 20:58:54,1,7.8,1,N,1,24.5,0.500000000,0.500000000,6.3,5.76,0.300000000,37.86,138,75,20,Thursday,3,138,LaGuardia Airport,Queens
2,2018-11-12 15:10:57,2018-11-12 15:45:16,1,10.35,1,N,1,33.0,0E-9,0.500000000,7.91,5.76,0.300000000,47.47,138,162,15,Monday,11,138,LaGuardia Airport,Queens
1,2018-03-23 18:00:07,2018-03-23 18:48:39,1,9.7,1,N,1,36.5,1.000000000,0.500000000,8.8,5.76,0.300000000,52.86,138,249,18,Friday,3,138,LaGuardia Airport,Queens
1,2018-04-28 15:17:25,2018-04-28 15:57:52,1,11.3,1,N,1,35.0,0E-9,0.500000000,7.15,0.0,0.300000000,42.95,138,52,15,Saturday,4,138,LaGuardia Airport,Queens
1,2018-03-28 21:53:28,2018-03-28 22:17:27,1,8.8,1,N,1,27.5,0.500000000,0.500000000,8.6,5.76,0.300000000,43.16,138,107,21,Wednesday,3,138,LaGuardia Airport,Queens
2,2018-12-02 23:57:44,2018-12-03 00:22:54,6,10.45,1,N,1,31.0,0.500000000,0.500000000,25.0,0.0,0.300000000,57.3,138,225,23,Sunday,12,138,LaGuardia Airport,Queens
1,2018-03-12 11:32:55,2018-03-12 12:20:43,2,11.4,1,N,1,40.0,0E-9,0.500000000,11.6,5.76,0.300000000,58.16,138,161,11,Monday,3,138,LaGuardia Airport,Queens
2,2018-10-23 18:47:03,2018-10-23 19:06:16,1,8.47,1,N,1,24.5,1.000000000,0.500000000,6.41,5.76,0.300000000,38.47,138,164,18,Tuesday,10,138,LaGuardia Airport,Queens
2,2018-05-09 18:30:56,2018-05-09 19:13:14,1,9.76,1,N,1,35.0,1.000000000,0.500000000,10.64,5.76,0.300000000,53.2,138,113,18,Wednesday,5,138,LaGuardia Airport,Queens
2,2018-01-13 09:26:29,2018-01-13 09:45:50,1,11.57,1,N,1,32.0,0E-9,0.500000000,7.71,5.76,0.300000000,46.27,138,170,9,Saturday,1,138,LaGuardia Airport,Queens
1,2018-09-17 09:27:15,2018-09-17 10:15:34,1,9.1,1,N,1,35.0,0E-9,0.500000000,8.3,5.76,0.300000000,49.86,138,163,9,Monday,9,138,LaGuardia Airport,Queens
2,2018-03-14 19:45:31,2018-03-14 20:08:58,2,14.19,1,N,1,38.5,1.000000000,0.500000000,12.09,0.0,0.300000000,52.39,138,16,19,Wednesday,3,138,LaGuardia Airport,Queens
1,2018-02-28 21:15:03,2018-02-28 21:34:54,1,10.0,1,N,1,28.5,0.500000000,0.500000000,7.1,5.76,0.300000000,42.66,138,162,21,Wednesday,2,138,LaGuardia Airport,Queens
1,2018-10-23 20:54:01,2018-10-23 21:11:00,1,9.6,1,N,1,27.0,0.500000000,0.500000000,8.5,5.76,0.300000000,42.56,138,229,20,Tuesday,10,138,LaGuardia Airport,Queens
2,2018-02-20 13:51:44,2018-02-20 14:17:42,2,9.32,1,N,1,29.5,0E-9,0.500000000,7.21,5.76,0.300000000,43.27,138,247,13,Tuesday,2,138,LaGuardia Airport,Queens
2,2018-03-29 18:44:04,2018-03-29 19:31:24,1,8.8,1,N,1,35.0,1.000000000,0.500000000,8.51,5.76,0.300000000,51.07,138,170,18,Thursday,3,138,LaGuardia Airport,Queens
2,2018-11-13 15:10:46,2018-11-13 15:54:22,1,30.97,5,N,1,200.0,0E-9,0.500000000,20.0,0.0,0.300000000,220.8,138,265,15,Tuesday,11,138,LaGuardia Airport,Queens
2,2018-03-23 12:53:08,2018-03-23 13:48:49,4,9.08,1,N,1,41.5,0E-9,0.500000000,6.0,5.76,0.300000000,54.06,138,186,12,Friday,3,138,LaGuardia Airport,Queens
2,2018-04-25 18:57:12,2018-04-25 19:23:10,1,11.22,1,N,1,32.5,1.000000000,0.500000000,8.01,5.76,0.300000000,48.07,138,161,18,Wednesday,4,138,LaGuardia Airport,Queens
1,2018-05-31 21:18:18,2018-05-31 21:38:00,1,7.9,1,N,1,24.5,0.500000000,0.500000000,5.15,0.0,0.300000000,30.95,146,255,21,Thursday,5,146,Long Island City/Queens Plaza,Queens
1,2018-12-17 17:57:25,2018-12-17 18:16:54,1,6.7,1,N,1,21.5,1.000000000,0.500000000,5.8,5.76,0.300000000,34.86,138,41,17,Monday,12,138,LaGuardia Airport,Queens
2,2018-09-20 07:49:36,2018-09-20 08:26:55,1,9.57,1,N,1,31.5,0E-9,0.500000000,7.61,5.76,0.300000000,45.67,138,230,7,Thursday,9,138,LaGuardia Airport,Queens
2,2018-04-12 00:11:37,2018-04-12 00:24:49,1,7.91,1,N,1,22.5,0.500000000,0.500000000,8.87,5.76,0.300000000,38.43,138,233,0,Thursday,4,138,LaGuardia Airport,Queens
1,2018-10-08 07:51:56,2018-10-08 08:25:16,1,10.4,1,N,1,34.5,0E-9,0.500000000,8.2,5.76,0.300000000,49.26,138,161,7,Monday,10,138,LaGuardia Airport,Queens
2,2018-12-19 08:22:21,2018-12-19 09:41:16,1,13.17,5,N,1,85.0,0E-9,0.500000000,20.81,18.26,0.300000000,124.87,138,265,8,Wednesday,12,138,LaGuardia Airport,Queens
1,2018-09-11 10:38:03,2018-09-11 11:25:37,1,10.5,1,N,1,39.0,0E-9,0.500000000,9.1,5.76,0.300000000,54.66,138,163,10,Tuesday,9,138,LaGuardia Airport,Queens
2,2018-11-05 21:24:36,2018-11-05 21:40:21,1,8.65,1,N,1,24.5,0.500000000,0.500000000,7.89,5.76,0.300000000,39.45,138,140,21,Monday,11,138,LaGuardia Airport,Queens
2,2018-08-06 21:35:18,2018-08-06 21:52:01,1,8.34,1,N,1,24.0,0.500000000,0.500000000,6.21,5.76,0.300000000,37.27,138,162,21,Monday,8,138,LaGuardia Airport,Queens
4,2018-09-20 10:17:39,2018-09-20 10:44:32,1,7.26,1,N,1,23.0,0E-9,0.500000000,4.76,0.0,0.300000000,28.56,138,255,10,Thursday,9,138,LaGuardia Airport,Queens
2,2018-01-05 12:34:26,2018-01-05 13:00:13,3,11.83,1,N,1,33.5,0E-9,0.500000000,4.5,0.0,0.300000000,38.8,138,132,12,Friday,1,138,LaGuardia Airport,Queens
2,2018-07-17 13:39:22,2018-07-17 14:16:10,1,9.79,1,N,1,34.5,0E-9,0.500000000,8.21,5.76,0.300000000,49.27,138,163,13,Tuesday,7,138,LaGuardia Airport,Queens
1,2018-10-08 22:56:09,2018-10-08 23:15:34,0,8.4,1,N,1,25.5,0.500000000,0.500000000,6.5,5.76,0.300000000,39.06,138,151,22,Monday,10,138,LaGuardia Airport,Queens
1,2018-06-13 11:27:34,2018-06-13 12:29:25,1,10.0,1,N,1,45.5,0E-9,0.500000000,10.4,5.76,0.300000000,62.46,138,162,11,Wednesday,6,138,LaGuardia Airport,Queens
2,2018-07-05 14:57:40,2018-07-05 15:34:50,1,11.34,1,N,1,36.0,0E-9,0.500000000,8.51,5.76,0.300000000,51.07,138,100,14,Thursday,7,138,LaGuardia Airport,Queens
1,2018-08-31 10:21:28,2018-08-31 10:51:59,2,11.2,1,N,1,33.5,0E-9,0.500000000,25.2,5.76,0.300000000,65.26,138,170,10,Friday,8,138,LaGuardia Airport,Queens
1,2018-01-07 01:15:48,2018-01-07 01:44:20,2,7.2,1,N,1,25.5,0.500000000,0.500000000,5.35,0.0,0.300000000,32.15,138,48,1,Sunday,1,138,LaGuardia Airport,Queens
1,2018-06-15 18:48:09,2018-06-15 19:28:46,1,13.2,1,N,1,40.5,1.000000000,0.500000000,9.6,5.76,0.300000000,57.66,138,114,18,Friday,6,138,LaGuardia Airport,Queens
1,2018-01-07 21:10:07,2018-01-07 21:28:22,1,8.9,1,N,1,26.5,0.500000000,0.500000000,5.55,0.0,0.300000000,33.35,138,4,21,Sunday,1,138,LaGuardia Airport,Queens
2,2018-11-15 09:33:48,2018-11-15 10:14:13,1,16.84,1,N,1,49.0,0E-9,0.500000000,11.11,5.76,0.300000000,66.67,138,231,9,Thursday,11,138,LaGuardia Airport,Queens
2,2018-04-26 09:15:33,2018-04-26 09:56:26,1,8.16,1,N,1,30.0,0E-9,0.500000000,7.31,5.76,0.300000000,43.87,138,233,9,Thursday,4,138,LaGuardia Airport,Queens
2,2018-01-07 15:50:09,2018-01-07 16:06:48,3,8.29,1,N,1,24.5,0E-9,0.500000000,6.21,5.76,0.300000000,37.27,138,141,15,Sunday,1,138,LaGuardia Airport,Queens
2,2018-03-28 09:27:23,2018-03-28 10:16:07,1,12.52,1,N,1,41.5,0E-9,0.500000000,9.61,5.76,0.300000000,57.67,138,234,9,Wednesday,3,138,LaGuardia Airport,Queens
2,2018-05-21 20:55:12,2018-05-21 21:21:40,6,9.68,1,N,1,29.5,0.500000000,0.500000000,7.31,5.76,0.300000000,43.87,138,158,20,Monday,5,138,LaGuardia Airport,Queens
1,2018-10-02 20:04:34,2018-10-02 20:30:43,1,8.9,1,N,1,28.5,0.500000000,0.500000000,5.95,0.0,0.300000000,35.75,138,163,20,Tuesday,10,138,LaGuardia Airport,Queens
2,2018-09-20 22:00:19,2018-09-20 22:31:26,1,12.4,1,N,1,36.5,0.500000000,0.500000000,8.71,5.76,0.300000000,52.27,138,50,22,Thursday,9,138,LaGuardia Airport,Queens
2,2018-10-14 22:40:08,2018-10-14 22:56:07,1,8.55,1,N,1,24.5,0.500000000,0.500000000,6.31,5.76,0.300000000,37.87,138,263,22,Sunday,10,138,LaGuardia Airport,Queens
1,2018-07-04 09:03:04,2018-07-04 09:22:52,1,9.6,1,N,1,27.5,0E-9,0.500000000,6.8,5.76,0.300000000,40.86,138,230,9,Wednesday,7,138,LaGuardia Airport,Queens
1,2018-10-27 11:47:48,2018-10-27 12:35:13,3,11.8,1,N,1,42.0,0E-9,0.500000000,8.55,0.0,0.300000000,51.35,138,249,11,Saturday,10,138,LaGuardia Airport,Queens
1,2018-09-14 13:01:49,2018-09-14 13:29:59,1,7.6,1,N,1,25.0,0E-9,0.500000000,7.0,5.76,0.300000000,38.56,138,263,13,Friday,9,138,LaGuardia Airport,Queens
1,2018-04-26 11:07:10,2018-04-26 11:58:49,1,9.8,1,N,1,38.0,0E-9,0.500000000,8.9,5.76,0.300000000,53.46,138,68,11,Thursday,4,138,LaGuardia Airport,Queens
2,2018-10-29 15:51:45,2018-10-29 16:34:00,1,11.37,1,N,1,36.5,0E-9,0.500000000,0.0,5.76,0.300000000,43.06,138,48,15,Monday,10,138,LaGuardia Airport,Queens
1,2018-11-29 01:39:14,2018-11-29 02:02:52,1,9.5,1,N,1,26.5,0.500000000,0.500000000,8.0,0.0,0.300000000,35.8,138,48,1,Thursday,11,138,LaGuardia Airport,Queens
1,2018-05-03 17:37:43,2018-05-03 18:30:09,1,9.8,1,N,1,35.5,1.000000000,0.500000000,9.0,5.76,0.300000000,52.06,138,140,17,Thursday,5,138,LaGuardia Airport,Queens
2,2018-08-19 22:49:09,2018-08-19 23:05:30,2,8.38,1,N,1,24.5,0.500000000,0.500000000,6.31,5.76,0.300000000,37.87,138,164,22,Sunday,8,138,LaGuardia Airport,Queens
2,2018-06-03 21:49:22,2018-06-03 22:12:51,2,8.71,1,N,1,27.0,0.500000000,0.500000000,6.81,5.76,0.300000000,40.87,138,151,21,Sunday,6,138,LaGuardia Airport,Queens
1,2018-10-04 17:30:38,2018-10-04 18:09:18,0,7.3,1,N,1,27.0,1.000000000,0.500000000,4.0,5.76,0.300000000,38.56,138,263,17,Thursday,10,138,LaGuardia Airport,Queens
2,2018-01-17 17:51:00,2018-01-17 18:38:23,2,11.58,1,N,1,40.5,1.000000000,0.500000000,12.69,0.0,0.300000000,54.99,138,231,17,Wednesday,1,138,LaGuardia Airport,Queens
2,2018-06-26 15:40:47,2018-06-26 16:29:51,2,9.88,1,N,1,38.5,0E-9,0.500000000,13.52,5.76,0.300000000,58.58,138,230,15,Tuesday,6,138,LaGuardia Airport,Queens
2,2018-03-27 07:10:51,2018-03-27 07:56:04,1,10.53,1,N,1,38.0,0E-9,0.500000000,8.91,5.76,0.300000000,53.47,138,161,7,Tuesday,3,138,LaGuardia Airport,Queens
2,2018-04-17 13:09:15,2018-04-17 13:39:46,4,10.02,1,N,1,31.0,0E-9,0.500000000,7.51,5.76,0.300000000,45.07,138,162,13,Tuesday,4,138,LaGuardia Airport,Queens
2,2018-05-03 08:05:53,2018-05-03 08:58:54,1,13.02,1,N,1,44.5,0E-9,0.500000000,10.21,5.76,0.300000000,61.27,138,230,8,Thursday,5,138,LaGuardia Airport,Queens
2,2018-03-16 21:43:58,2018-03-16 22:14:27,2,14.53,1,N,1,40.5,0.500000000,0.500000000,9.51,5.76,0.300000000,57.07,138,200,21,Friday,3,138,LaGuardia Airport,Queens
1,2018-10-05 09:41:36,2018-10-05 10:34:08,4,9.1,1,N,1,39.0,0E-9,0.500000000,9.11,5.76,0.300000000,54.67,138,100,9,Friday,10,138,LaGuardia Airport,Queens
2,2018-12-10 19:06:13,2018-12-10 19:39:09,5,14.99,1,N,1,42.5,1.000000000,0.500000000,10.01,5.76,0.300000000,60.07,138,261,19,Monday,12,138,LaGuardia Airport,Queens
1,2018-08-01 20:13:07,2018-08-01 20:41:52,1,11.4,1,N,1,34.0,0.500000000,0.500000000,8.2,5.76,0.300000000,49.26,138,48,20,Wednesday,8,138,LaGuardia Airport,Queens
2,2018-07-22 10:06:31,2018-07-22 10:19:42,6,7.33,1,N,2,21.5,0E-9,0.500000000,0.0,0.0,0.300000000,22.3,138,130,10,Sunday,7,138,LaGuardia Airport,Queens
1,2018-07-12 13:45:19,2018-07-12 14:28:01,1,10.7,1,N,2,36.0,0E-9,0.500000000,0.0,0.0,0.300000000,36.8,138,189,13,Thursday,7,138,LaGuardia Airport,Queens
2,2018-01-19 00:11:29,2018-01-19 00:28:18,2,9.6,1,N,1,27.0,0.500000000,0.500000000,6.81,5.76,0.300000000,40.87,138,234,0,Friday,1,138,LaGuardia Airport,Queens
1,2018-11-02 07:56:49,2018-11-02 08:45:12,2,16.3,1,N,2,49.0,0E-9,0.500000000,0.0,5.76,0.300000000,55.56,138,261,7,Friday,11,138,LaGuardia Airport,Queens
2,2018-02-12 23:03:54,2018-02-12 23:26:28,1,8.96,1,N,1,27.5,0.500000000,0.500000000,6.91,5.76,0.300000000,41.47,138,116,23,Monday,2,138,LaGuardia Airport,Queens
2,2018-03-22 13:12:09,2018-03-22 13:40:57,1,9.02,1,N,1,30.5,0E-9,0.500000000,0.0,5.76,0.300000000,37.06,138,233,13,Thursday,3,138,LaGuardia Airport,Queens
1,2018-03-23 10:41:36,2018-03-23 11:14:17,1,7.9,1,N,2,29.0,0E-9,0.500000000,0.0,5.76,0.300000000,35.56,138,170,10,Friday,3,138,LaGuardia Airport,Queens
2,2018-09-16 17:30:15,2018-09-16 18:32:15,2,12.88,5,N,1,75.0,0E-9,0E-9,18.06,15.0,0.300000000,108.36,138,265,17,Sunday,9,138,LaGuardia Airport,Queens
1,2018-09-29 11:28:00,2018-09-29 11:48:04,1,8.1,1,N,1,25.0,0E-9,0.500000000,5.15,0.0,0.300000000,30.95,138,16,11,Saturday,9,138,LaGuardia Airport,Queens
2,2018-02-21 20:38:28,2018-02-21 21:04:31,1,17.46,4,N,1,57.0,0.500000000,0.500000000,12.81,5.76,0.300000000,76.87,138,265,20,Wednesday,2,138,LaGuardia Airport,Queens
1,2018-04-11 17:05:37,2018-04-11 17:47:52,3,13.0,1,N,1,41.5,1.000000000,0.500000000,9.8,5.76,0.300000000,58.86,138,261,17,Wednesday,4,138,LaGuardia Airport,Queens
2,2018-06-21 23:47:40,2018-06-22 00:13:32,1,10.57,1,N,2,32.0,0.500000000,0.500000000,0.0,5.76,0.300000000,39.06,138,244,23,Thursday,6,138,LaGuardia Airport,Queens
2,2018-03-03 16:46:30,2018-03-03 17:02:30,1,7.85,1,N,1,22.0,0E-9,0.500000000,0.0,5.76,0.300000000,28.56,138,262,16,Saturday,3,138,LaGuardia Airport,Queens
2,2018-10-10 13:14:18,2018-10-10 13:14:34,1,0.01,1,N,2,2.5,0E-9,0.500000000,0.0,0.0,0.300000000,3.3,193,193,13,Wednesday,10,193,Queensbridge/Ravenswood,Queens
1,2018-03-10 23:35:56,2018-03-11 00:08:34,1,14.0,1,N,1,41.0,0.500000000,0.500000000,3.0,0.0,0.300000000,45.3,138,62,23,Saturday,3,138,LaGuardia Airport,Queens
1,2018-04-26 18:12:12,2018-04-26 19:00:38,1,8.4,1,N,2,32.5,1.000000000,0.500000000,0.0,5.76,0.300000000,40.06,138,263,18,Thursday,4,138,LaGuardia Airport,Queens
1,2018-08-30 16:56:11,2018-08-30 18:02:10,1,11.5,1,N,2,44.5,1.000000000,0.500000000,0.0,0.0,0.300000000,46.3,138,181,16,Thursday,8,138,LaGuardia Airport,Queens
2,2018-09-15 10:09:29,2018-09-15 10:50:26,1,10.39,1,N,2,35.5,0E-9,0.500000000,0.0,0.0,0.300000000,36.3,138,25,10,Saturday,9,138,LaGuardia Airport,Queens
2,2018-09-20 09:31:34,2018-09-20 10:27:20,2,12.8,1,N,1,45.0,0E-9,0.500000000,10.31,5.76,0.300000000,61.87,138,48,9,Thursday,9,138,LaGuardia Airport,Queens
2,2018-08-18 18:05:51,2018-08-18 18:36:17,5,11.47,1,N,2,35.0,0E-9,0.500000000,0.0,5.76,0.300000000,41.56,138,230,18,Saturday,8,138,LaGuardia Airport,Queens
2,2018-05-02 13:07:15,2018-05-02 13:41:40,1,12.16,1,N,2,37.0,0E-9,0.500000000,0.0,5.76,0.300000000,43.56,138,137,13,Wednesday,5,138,LaGuardia Airport,Queens
1,2018-05-05 08:04:47,2018-05-05 08:32:04,1,5.6,1,N,1,21.5,0E-9,0.500000000,3.0,0.0,0.300000000,25.3,179,186,8,Saturday,5,179,Old Astoria,Queens
2,2018-09-03 18:44:55,2018-09-03 19:07:20,1,10.03,1,N,2,29.5,0E-9,0.500000000,0.0,0.0,0.300000000,30.3,138,216,18,Monday,9,138,LaGuardia Airport,Queens
1,2018-08-31 23:16:28,2018-08-31 23:33:57,1,9.9,1,N,2,27.5,0.500000000,0.500000000,0.0,5.76,0.300000000,34.56,138,233,23,Friday,8,138,LaGuardia Airport,Queens
2,2018-12-25 18:26:08,2018-12-25 18:44:27,1,9.02,1,N,1,26.0,0E-9,0.500000000,5.0,5.76,0.300000000,37.56,138,90,18,Tuesday,12,138,LaGuardia Airport,Queens
2,2018-12-19 21:24:28,2018-12-19 21:41:32,1,7.83,1,N,1,23.0,0.500000000,0.500000000,4.0,0.0,0.300000000,28.3,138,112,21,Wednesday,12,138,LaGuardia Airport,Queens
2,2018-05-04 14:39:32,2018-05-04 15:17:34,1,14.28,1,N,1,40.0,0E-9,0.500000000,0.0,5.76,0.300000000,46.56,138,87,14,Friday,5,138,LaGuardia Airport,Queens
2,2018-06-15 17:21:02,2018-06-15 18:20:20,1,11.29,1,N,1,43.0,1.000000000,0.500000000,8.96,0.0,0.300000000,53.76,138,189,17,Friday,6,138,LaGuardia Airport,Queens
2,2018-03-18 15:49:05,2018-03-18 16:36:19,1,11.28,1,N,1,39.5,0E-9,0.500000000,5.0,0.0,0.300000000,45.3,138,25,15,Sunday,3,138,LaGuardia Airport,Queens
2,2018-11-07 07:56:06,2018-11-07 08:39:20,1,11.81,1,N,1,38.5,0E-9,0.500000000,9.01,5.76,0.300000000,54.07,138,161,7,Wednesday,11,138,LaGuardia Airport,Queens
1,2018-06-05 15:30:35,2018-06-05 16:08:21,1,8.8,1,N,1,32.0,0E-9,0.500000000,5.5,5.76,0.300000000,44.06,138,230,15,Tuesday,6,138,LaGuardia Airport,Queens
1,2018-04-17 09:00:10,2018-04-17 10:00:50,2,9.0,1,N,1,39.5,0E-9,0.500000000,10.0,5.76,0.300000000,56.06,138,230,9,Tuesday,4,138,LaGuardia Airport,Queens
1,2018-02-04 14:29:08,2018-02-04 14:57:23,1,14.4,1,N,1,40.0,0E-9,0.500000000,3.0,5.76,0.300000000,49.56,138,148,14,Sunday,2,138,LaGuardia Airport,Queens
1,2018-01-03 14:29:17,2018-01-03 15:04:44,1,10.6,1,N,1,34.5,0E-9,0.500000000,5.0,5.76,0.300000000,46.06,138,243,14,Wednesday,1,138,LaGuardia Airport,Queens
2,2018-01-18 18:54:29,2018-01-18 19:35:36,1,9.86,1,N,1,35.5,1.000000000,0.500000000,7.46,0.0,0.300000000,44.76,138,17,18,Thursday,1,138,LaGuardia Airport,Queens
1,2018-02-01 12:39:01,2018-02-01 13:10:33,1,12.3,1,N,1,39.0,0E-9,0.500000000,5.0,5.76,0.300000000,50.56,138,230,12,Thursday,2,138,LaGuardia Airport,Queens
2,2018-10-22 10:48:55,2018-10-22 11:25:15,3,8.23,1,N,1,31.0,0E-9,0.500000000,5.0,5.76,0.300000000,42.56,138,162,10,Monday,10,138,LaGuardia Airport,Queens
2,2018-11-28 21:40:20,2018-11-28 22:04:42,3,3.1,2,N,1,52.0,0E-9,0.500000000,11.71,5.76,0.300000000,70.27,145,161,21,Wednesday,11,145,Long Island City/Hunters Point,Queens
2,2018-11-30 08:25:04,2018-11-30 09:42:51,1,11.25,1,N,1,48.5,0E-9,0.500000000,8.0,5.76,0.300000000,63.06,138,163,8,Friday,11,138,LaGuardia Airport,Queens
2,2018-03-29 13:45:28,2018-03-29 14:19:04,1,11.25,1,N,1,36.0,0E-9,0.500000000,8.51,5.76,0.300000000,51.07,138,170,13,Thursday,3,138,LaGuardia Airport,Queens
2,2018-06-17 15:03:31,2018-06-17 15:35:42,6,12.6,1,N,2,36.5,0E-9,0.500000000,0.0,5.76,0.300000000,43.06,138,153,15,Sunday,6,138,LaGuardia Airport,Queens
1,2018-01-11 11:45:47,2018-01-11 12:15:16,1,8.7,1,N,2,29.0,0E-9,0.500000000,0.0,5.76,0.300000000,35.56,138,238,11,Thursday,1,138,LaGuardia Airport,Queens
1,2018-05-27 16:26:24,2018-05-27 16:58:03,2,12.8,1,N,2,36.0,0E-9,0.500000000,0.0,5.76,0.300000000,42.56,138,200,16,Sunday,5,138,LaGuardia Airport,Queens
2,2018-05-18 08:01:50,2018-05-18 08:33:02,1,6.43,1,N,2,23.5,0E-9,0.500000000,0.0,0.0,0.300000000,24.3,138,202,8,Friday,5,138,LaGuardia Airport,Queens
2,2018-12-03 17:58:31,2018-12-03 18:41:36,5,8.15,1,N,2,33.5,1.000000000,0.500000000,0.0,5.76,0.300000000,41.06,138,100,17,Monday,12,138,LaGuardia Airport,Queens
2,2018-09-05 15:21:31,2018-09-05 15:39:39,5,7.45,1,N,1,23.0,0E-9,0.500000000,4.5,5.76,0.300000000,34.06,138,262,15,Wednesday,9,138,LaGuardia Airport,Queens
1,2018-01-30 11:29:33,2018-01-30 11:55:47,0,10.0,1,N,1,31.5,0E-9,0.500000000,8.05,0.0,0.300000000,40.35,138,113,11,Tuesday,1,138,LaGuardia Airport,Queens
1,2018-08-01 12:37:09,2018-08-01 13:20:37,1,11.1,1,N,1,37.5,0E-9,0.500000000,7.65,0.0,0.300000000,45.95,138,211,12,Wednesday,8,138,LaGuardia Airport,Queens
2,2018-10-30 16:20:09,2018-10-30 16:55:44,1,5.82,1,N,2,25.5,1.000000000,0.500000000,0.0,0.0,0.300000000,27.3,138,171,16,Tuesday,10,138,LaGuardia Airport,Queens
1,2018-09-05 10:54:19,2018-09-05 11:19:17,1,11.9,1,N,1,35.0,0E-9,0.500000000,8.95,0.0,0.300000000,44.75,145,9,10,Wednesday,9,145,Long Island City/Hunters Point,Queens
2,2018-04-19 23:07:40,2018-04-19 23:30:35,2,10.34,1,N,2,30.5,0.500000000,0.500000000,0.0,5.76,0.300000000,37.56,138,161,23,Thursday,4,138,LaGuardia Airport,Queens
2,2018-03-12 09:20:40,2018-03-12 10:03:40,2,12.08,1,N,1,39.0,0E-9,0.500000000,9.11,5.76,0.300000000,54.67,138,162,9,Monday,3,138,LaGuardia Airport,Queens
1,2018-05-06 21:30:02,2018-05-06 21:50:41,3,10.0,1,N,2,29.5,0.500000000,0.500000000,0.0,5.76,0.300000000,36.56,138,182,21,Sunday,5,138,LaGuardia Airport,Queens
2,2018-04-17 18:51:16,2018-04-17 19:22:39,1,9.83,1,N,1,32.0,1.000000000,0.500000000,7.91,5.76,0.300000000,47.47,138,237,18,Tuesday,4,138,LaGuardia Airport,Queens
1,2018-07-30 10:09:11,2018-07-30 10:47:16,1,9.1,1,N,1,33.0,0E-9,0.500000000,9.85,5.76,0.300000000,49.41,138,164,10,Monday,7,138,LaGuardia Airport,Queens
1,2018-06-10 16:36:19,2018-06-10 17:04:28,1,8.2,1,N,1,27.0,0E-9,0.500000000,4.0,5.76,0.300000000,37.56,138,151,16,Sunday,6,138,LaGuardia Airport,Queens
1,2018-10-30 23:38:15,2018-10-30 23:54:21,1,8.1,1,N,1,24.0,0.500000000,0.500000000,6.2,5.76,0.300000000,37.26,138,263,23,Tuesday,10,138,LaGuardia Airport,Queens
1,2018-07-11 12:45:23,2018-07-11 13:16:15,1,9.7,1,N,1,32.0,0E-9,0.500000000,8.2,0.0,0.300000000,41.0,138,144,12,Wednesday,7,138,LaGuardia Airport,Queens
2,2018-11-19 10:04:12,2018-11-19 10:58:54,1,8.93,1,N,1,39.5,0E-9,0.500000000,9.21,5.76,0.300000000,55.27,138,100,10,Monday,11,138,LaGuardia Airport,Queens
1,2018-04-08 18:51:58,2018-04-08 19:23:21,1,11.2,1,N,1,33.5,0E-9,0.500000000,5.55,5.76,0.300000000,45.61,138,100,18,Sunday,4,138,LaGuardia Airport,Queens
2,2018-03-13 19:56:18,2018-03-13 20:19:52,1,13.4,1,N,1,37.0,0.500000000,0.500000000,8.81,5.76,0.300000000,52.87,138,13,19,Tuesday,3,138,LaGuardia Airport,Queens
1,2018-06-09 19:45:13,2018-06-09 20:11:54,1,9.8,1,N,1,30.0,0E-9,0.500000000,7.3,5.76,0.300000000,43.86,138,24,19,Saturday,6,138,LaGuardia Airport,Queens
2,2018-01-09 18:40:00,2018-01-09 19:09:31,1,8.76,1,N,1,29.0,1.000000000,0.500000000,7.31,5.76,0.300000000,43.87,138,230,18,Tuesday,1,138,LaGuardia Airport,Queens
2,2018-09-28 10:49:50,2018-09-28 11:47:57,1,17.55,1,N,1,57.0,0E-9,0.500000000,15.89,5.76,0.300000000,79.45,138,231,10,Friday,9,138,LaGuardia Airport,Queens
2,2018-04-10 19:30:24,2018-04-10 20:07:38,1,17.12,1,N,1,47.0,1.000000000,0.500000000,9.76,0.0,0.300000000,58.56,138,14,19,Tuesday,4,138,LaGuardia Airport,Queens
2,2018-03-14 09:54:06,2018-03-14 10:31:35,1,9.09,1,N,1,32.5,0E-9,0.500000000,9.76,5.76,0.300000000,48.82,138,170,9,Wednesday,3,138,LaGuardia Airport,Queens
2,2018-03-22 13:14:46,2018-03-22 13:36:32,1,8.56,1,N,1,26.5,0E-9,0.500000000,6.61,5.76,0.300000000,39.67,138,262,13,Thursday,3,138,LaGuardia Airport,Queens
2,2018-10-21 15:00:34,2018-10-21 15:40:12,1,10.93,1,N,1,37.5,0E-9,0.500000000,8.81,5.76,0.300000000,52.87,138,143,15,Sunday,10,138,LaGuardia Airport,Queens
2,2018-02-19 22:22:23,2018-02-19 22:39:53,2,10.17,1,N,1,28.5,0.500000000,0.500000000,5.96,0.0,0.300000000,35.76,138,79,22,Monday,2,138,LaGuardia Airport,Queens
2,2018-11-12 13:46:17,2018-11-12 14:13:50,1,9.69,1,N,1,30.5,0E-9,0.500000000,7.41,5.76,0.300000000,44.47,138,239,13,Monday,11,138,LaGuardia Airport,Queens
2,2018-01-24 23:47:34,2018-01-25 00:15:36,1,16.11,1,N,1,45.0,0.500000000,0.500000000,10.41,5.76,0.300000000,62.47,138,13,23,Wednesday,1,138,LaGuardia Airport,Queens
2,2018-08-13 14:05:46,2018-08-13 14:31:25,1,9.23,1,N,1,28.5,0E-9,0.500000000,7.01,5.76,0.300000000,42.07,138,162,14,Monday,8,138,LaGuardia Airport,Queens
1,2018-04-08 17:20:20,2018-04-08 17:47:02,1,11.1,1,N,1,31.5,0E-9,0.500000000,7.6,5.76,0.300000000,45.66,138,137,17,Sunday,4,138,LaGuardia Airport,Queens
2,2018-03-30 12:50:43,2018-03-30 13:14:27,1,9.43,1,N,1,28.0,0E-9,0.500000000,7.0,5.76,0.300000000,41.56,138,163,12,Friday,3,138,LaGuardia Airport,Queens
2,2018-11-02 17:47:33,2018-11-02 18:25:49,1,7.87,1,N,1,31.0,1.000000000,0.500000000,7.0,5.76,0.300000000,45.56,138,164,17,Friday,11,138,LaGuardia Airport,Queens
2,2018-04-29 23:03:40,2018-04-29 23:30:56,1,10.24,1,N,1,31.0,0.500000000,0.500000000,9.52,5.76,0.300000000,47.58,138,143,23,Sunday,4,138,LaGuardia Airport,Queens
2,2018-03-12 07:24:40,2018-03-12 08:06:58,1,15.51,1,N,1,46.0,0E-9,0.500000000,10.51,5.76,0.300000000,63.07,138,87,7,Monday,3,138,LaGuardia Airport,Queens
2,2018-11-01 08:37:06,2018-11-01 09:33:18,1,12.13,1,N,1,43.5,0E-9,0.500000000,4.0,5.76,0.300000000,54.06,138,100,8,Thursday,11,138,LaGuardia Airport,Queens
1,2018-02-01 19:47:43,2018-02-01 20:17:22,1,13.4,1,N,1,38.5,1.000000000,0.500000000,9.2,5.76,0.300000000,55.26,138,13,19,Thursday,2,138,LaGuardia Airport,Queens
2,2018-04-11 12:05:59,2018-04-11 12:46:14,1,10.7,1,N,1,37.5,0E-9,0.500000000,8.81,5.76,0.300000000,52.87,138,163,12,Wednesday,4,138,LaGuardia Airport,Queens
2,2018-03-13 18:16:35,2018-03-13 18:35:24,1,8.87,1,N,1,26.5,1.000000000,0.500000000,6.0,5.76,0.300000000,40.06,138,236,18,Tuesday,3,138,LaGuardia Airport,Queens
1,2018-02-22 17:00:35,2018-02-22 17:59:18,1,13.0,1,N,1,45.0,1.000000000,0.500000000,10.5,5.76,0.300000000,63.06,138,231,17,Thursday,2,138,LaGuardia Airport,Queens
2,2018-03-22 08:53:20,2018-03-22 09:25:25,2,10.95,1,N,1,33.5,0E-9,0.500000000,8.0,5.76,0.300000000,48.06,138,163,8,Thursday,3,138,LaGuardia Airport,Queens
2,2018-06-13 08:24:36,2018-06-13 09:15:01,1,10.56,1,N,1,37.0,0E-9,0.500000000,8.71,5.76,0.300000000,52.27,138,161,8,Wednesday,6,138,LaGuardia Airport,Queens
1,2018-03-14 12:51:13,2018-03-14 13:40:57,2,11.4,1,N,1,43.5,0E-9,0.500000000,10.0,5.76,0.300000000,60.06,138,100,12,Wednesday,3,138,LaGuardia Airport,Queens
2,2018-03-30 22:12:19,2018-03-30 22:43:25,1,12.64,1,N,1,38.0,0.500000000,0.500000000,7.86,0.0,0.300000000,47.16,138,125,22,Friday,3,138,LaGuardia Airport,Queens
1,2018-11-24 19:49:21,2018-11-24 20:12:21,1,10.8,1,N,1,30.5,0E-9,0.500000000,4.0,0.0,0.300000000,35.3,138,54,19,Saturday,11,138,LaGuardia Airport,Queens
2,2018-07-01 19:16:01,2018-07-01 19:43:43,2,10.25,1,N,1,32.5,0E-9,0.500000000,6.66,0.0,0.300000000,39.96,138,107,19,Sunday,7,138,LaGuardia Airport,Queens
2,2018-03-01 07:25:35,2018-03-01 08:15:06,3,12.26,1,N,1,44.5,0E-9,0.500000000,10.21,5.76,0.300000000,61.27,138,170,7,Thursday,3,138,LaGuardia Airport,Queens
2,2018-11-14 23:01:04,2018-11-14 23:30:18,1,11.31,1,N,1,36.0,0.500000000,0.500000000,8.61,5.76,0.300000000,51.67,138,230,23,Wednesday,11,138,LaGuardia Airport,Queens
2,2018-01-26 18:55:31,2018-01-26 19:37:33,1,12.4,1,N,1,39.0,1.000000000,0.500000000,7.0,5.76,0.300000000,53.56,138,254,18,Friday,1,138,LaGuardia Airport,Queens
2,2018-04-23 11:43:15,2018-04-23 12:15:25,1,15.35,1,N,1,43.0,0E-9,0.500000000,9.91,5.76,0.300000000,59.47,138,87,11,Monday,4,138,LaGuardia Airport,Queens
1,2018-09-11 07:25:17,2018-09-11 07:52:44,1,10.4,1,N,1,31.0,0E-9,0.500000000,6.35,0.0,0.300000000,38.15,138,33,7,Tuesday,9,138,LaGuardia Airport,Queens
2,2018-03-24 16:51:55,2018-03-24 17:25:39,1,11.37,1,N,1,35.0,0E-9,0.500000000,8.31,5.76,0.300000000,49.87,138,127,16,Saturday,3,138,LaGuardia Airport,Queens
2,2018-05-20 16:10:06,2018-05-20 17:12:12,2,30.68,4,N,1,123.0,0E-9,0.500000000,26.16,7.01,0.300000000,156.97,138,265,16,Sunday,5,138,LaGuardia Airport,Queens
1,2018-03-22 11:04:29,2018-03-22 11:35:23,1,12.2,1,N,1,36.5,0E-9,0.500000000,12.9,5.76,0.300000000,55.96,138,161,11,Thursday,3,138,LaGuardia Airport,Queens
2,2018-03-26 09:30:02,2018-03-26 10:23:51,1,10.26,1,N,1,38.0,0E-9,0.500000000,6.0,5.76,0.300000000,50.56,138,48,9,Monday,3,138,LaGuardia Airport,Queens
1,2018-11-05 13:20:40,2018-11-05 13:52:20,5,9.3,1,N,1,32.0,0E-9,0.500000000,7.7,5.76,0.300000000,46.26,138,68,13,Monday,11,138,LaGuardia Airport,Queens
1,2018-03-14 20:29:02,2018-03-14 20:44:14,1,7.9,1,N,1,23.0,0.500000000,0.500000000,6.0,5.76,0.300000000,36.06,138,263,20,Wednesday,3,138,LaGuardia Airport,Queens
2,2018-03-22 22:27:00,2018-03-22 22:50:10,5,8.1,1,N,1,25.0,0.500000000,0.500000000,4.81,5.76,0.300000000,36.87,138,170,22,Thursday,3,138,LaGuardia Airport,Queens
1,2018-04-12 17:29:42,2018-04-12 18:39:56,1,16.6,1,N,1,54.5,1.000000000,0.500000000,15.5,5.76,0.300000000,77.56,138,13,17,Thursday,4,138,LaGuardia Airport,Queens
2,2018-04-15 20:27:24,2018-04-15 20:54:21,1,10.9,1,N,1,33.0,0.500000000,0.500000000,5.5,0.0,0.300000000,39.8,138,79,20,Sunday,4,138,LaGuardia Airport,Queens
1,2018-12-31 21:20:24,2018-12-31 21:38:57,2,7.7,1,N,1,23.0,0.500000000,0.500000000,6.0,5.76,0.300000000,36.06,138,263,21,Monday,12,138,LaGuardia Airport,Queens
2,2018-03-01 12:40:31,2018-03-01 13:12:42,1,9.5,1,N,1,32.0,0E-9,0.500000000,6.56,0.0,0.300000000,39.36,138,114,12,Thursday,3,138,LaGuardia Airport,Queens
2,2018-08-29 00:06:00,2018-08-29 00:28:10,6,13.62,1,N,1,37.5,0.500000000,0.500000000,9.7,0.0,0.300000000,48.5,138,181,0,Wednesday,8,138,LaGuardia Airport,Queens
2,2018-06-14 21:31:29,2018-06-14 22:02:45,5,10.8,1,N,1,33.0,0.500000000,0.500000000,8.01,5.76,0.300000000,48.07,138,230,21,Thursday,6,138,LaGuardia Airport,Queens
2,2018-04-15 13:30:48,2018-04-15 13:56:43,6,12.71,1,N,1,35.0,0E-9,0.500000000,7.16,0.0,0.300000000,42.96,138,132,13,Sunday,4,138,LaGuardia Airport,Queens
1,2018-01-27 20:43:41,2018-01-27 21:34:55,2,19.3,1,N,1,57.0,0.500000000,0.500000000,5.7,0.0,0.300000000,64.0,138,181,20,Saturday,1,138,LaGuardia Airport,Queens
2,2018-02-14 18:19:07,2018-02-14 18:48:13,1,8.58,1,N,1,28.5,1.000000000,0.500000000,7.21,5.76,0.300000000,43.27,138,141,18,Wednesday,2,138,LaGuardia Airport,Queens
2,2018-07-17 14:21:57,2018-07-17 15:00:51,1,9.77,1,N,1,34.5,0E-9,0.500000000,12.32,5.76,0.300000000,53.38,138,68,14,Tuesday,7,138,LaGuardia Airport,Queens
1,2018-10-02 21:40:13,2018-10-02 21:55:05,1,6.8,1,N,1,21.5,0.500000000,0.500000000,4.56,0.0,0.300000000,27.36,138,145,21,Tuesday,10,138,LaGuardia Airport,Queens
2,2018-05-14 20:57:41,2018-05-14 21:27:11,1,10.39,1,N,1,32.0,0.500000000,0.500000000,7.81,5.76,0.300000000,46.87,138,48,20,Monday,5,138,LaGuardia Airport,Queens
1,2018-09-24 22:45:47,2018-09-24 23:14:11,1,9.1,1,N,1,30.0,0.500000000,0.500000000,9.25,5.76,0.300000000,46.31,138,230,22,Monday,9,138,LaGuardia Airport,Queens
2,2018-05-01 17:12:54,2018-05-01 17:50:28,1,11.21,1,N,1,36.0,1.000000000,0.500000000,8.71,5.76,0.300000000,52.27,138,142,17,Tuesday,5,138,LaGuardia Airport,Queens
2,2018-06-24 15:40:38,2018-06-24 16:04:28,1,8.19,1,N,1,25.0,0E-9,0.500000000,2.44,5.76,0.300000000,34.0,138,151,15,Sunday,6,138,LaGuardia Airport,Queens
2,2018-03-24 18:37:13,2018-03-24 19:06:21,1,7.98,1,N,1,26.5,0E-9,0.500000000,5.46,0.0,0.300000000,32.76,138,36,18,Saturday,3,138,LaGuardia Airport,Queens
1,2018-02-05 08:00:47,2018-02-05 09:32:06,1,12.9,1,N,1,59.0,0E-9,0.500000000,13.1,5.76,0.300000000,78.66,138,161,8,Monday,2,138,LaGuardia Airport,Queens
1,2018-08-20 19:39:54,2018-08-20 19:57:10,1,9.6,1,N,1,27.5,1.000000000,0.500000000,5.85,0.0,0.300000000,35.15,138,148,19,Monday,8,138,LaGuardia Airport,Queens
1,2018-01-29 14:05:26,2018-01-29 14:28:13,2,8.9,1,N,1,27.5,0E-9,0.500000000,6.8,5.76,0.300000000,40.86,138,100,14,Monday,1,138,LaGuardia Airport,Queens
1,2018-05-03 13:20:26,2018-05-03 13:59:27,1,10.2,1,N,1,35.0,0E-9,0.500000000,8.3,5.76,0.300000000,49.86,138,50,13,Thursday,5,138,LaGuardia Airport,Queens
2,2018-09-24 19:39:52,2018-09-24 20:01:36,1,9.36,1,N,1,28.0,1.000000000,0.500000000,3.56,5.76,0.300000000,39.12,138,151,19,Monday,9,138,LaGuardia Airport,Queens
1,2018-10-12 17:51:00,2018-10-12 18:52:52,1,15.2,1,N,1,49.0,1.000000000,0.500000000,11.3,5.76,0.300000000,67.86,138,12,17,Friday,10,138,LaGuardia Airport,Queens
2,2018-03-18 21:05:54,2018-03-18 21:34:39,1,13.06,1,N,1,37.5,0.500000000,0.500000000,5.82,0.0,0.300000000,44.62,138,164,21,Sunday,3,138,LaGuardia Airport,Queens
2,2018-06-25 14:44:35,2018-06-25 15:19:27,1,11.3,1,N,1,36.0,0E-9,0.500000000,8.51,5.76,0.300000000,51.07,138,148,14,Monday,6,138,LaGuardia Airport,Queens
2,2018-09-01 09:33:57,2018-09-01 10:00:12,1,10.53,1,N,1,32.0,0E-9,0.500000000,7.71,5.76,0.300000000,46.27,138,239,9,Saturday,9,138,LaGuardia Airport,Queens
1,2018-01-21 19:51:57,2018-01-21 20:20:04,1,10.4,1,N,2,32.0,0E-9,0.500000000,0.0,0.0,0.300000000,32.8,138,61,19,Sunday,1,138,LaGuardia Airport,Queens
2,2018-08-19 12:26:54,2018-08-19 12:53:49,1,9.38,1,N,1,29.0,0E-9,0.500000000,7.45,0.0,0.300000000,37.25,138,79,12,Sunday,8,138,LaGuardia Airport,Queens
2,2018-08-14 00:21:09,2018-08-14 00:46:14,1,15.01,1,N,2,41.0,0.500000000,0.500000000,0.0,5.76,0.300000000,48.06,138,261,0,Tuesday,8,138,LaGuardia Airport,Queens
2,2018-07-30 10:54:25,2018-07-30 11:26:44,1,9.25,1,N,1,31.5,0E-9,0.500000000,7.61,5.76,0.300000000,45.67,138,161,10,Monday,7,138,LaGuardia Airport,Queens
1,2018-03-20 19:10:42,2018-03-20 19:40:13,1,10.0,1,N,2,31.5,1.000000000,0.500000000,0.0,0.0,0.300000000,33.3,138,113,19,Tuesday,3,138,LaGuardia Airport,Queens
2,2018-12-23 10:13:50,2018-12-23 10:34:01,1,12.45,1,N,2,34.5,0E-9,0.500000000,0.0,0.0,0.300000000,35.3,138,132,10,Sunday,12,138,LaGuardia Airport,Queens
1,2018-05-06 12:58:01,2018-05-06 13:20:46,1,7.7,1,N,1,25.0,0E-9,0.500000000,7.7,0.0,0.300000000,33.5,138,80,12,Sunday,5,138,LaGuardia Airport,Queens
2,2018-05-17 08:35:37,2018-05-17 09:35:22,2,12.57,1,N,1,46.5,0E-9,0.500000000,10.61,5.76,0.300000000,63.67,138,48,8,Thursday,5,138,LaGuardia Airport,Queens
2,2018-03-19 15:42:45,2018-03-19 16:16:32,1,10.66,1,N,1,33.5,0E-9,0.500000000,8.01,5.76,0.300000000,48.07,138,161,15,Monday,3,138,LaGuardia Airport,Queens
1,2018-03-20 17:29:03,2018-03-20 18:23:45,1,11.5,1,N,1,42.0,1.000000000,0.500000000,9.9,5.76,0.300000000,59.46,138,186,17,Tuesday,3,138,LaGuardia Airport,Queens
2,2018-11-20 18:26:30,2018-11-20 19:02:04,3,7.63,1,N,1,29.5,1.000000000,0.500000000,7.41,5.76,0.300000000,44.47,138,152,18,Tuesday,11,138,LaGuardia Airport,Queens
2,2018-08-23 21:35:17,2018-08-23 22:01:17,1,9.42,1,N,1,29.5,0.500000000,0.500000000,9.14,5.76,0.300000000,45.7,138,237,21,Thursday,8,138,LaGuardia Airport,Queens
2,2018-02-10 16:35:06,2018-02-10 16:56:52,2,10.28,1,N,1,30.0,0E-9,0.500000000,7.31,5.76,0.300000000,43.87,138,243,16,Saturday,2,138,LaGuardia Airport,Queens
1,2018-06-18 17:15:12,2018-06-18 18:20:11,1,22.0,5,N,1,110.0,0E-9,0E-9,8.0,0.0,0.300000000,118.3,138,265,17,Monday,6,138,LaGuardia Airport,Queens
2,2018-12-24 15:42:06,2018-12-24 16:14:49,1,10.29,1,N,1,33.0,0E-9,0.500000000,8.45,0.0,0.300000000,42.25,138,97,15,Monday,12,138,LaGuardia Airport,Queens
2,2018-09-07 10:47:42,2018-09-07 11:43:37,1,10.24,1,N,2,42.0,0E-9,0.500000000,0.0,5.76,0.300000000,48.56,138,43,10,Friday,9,138,LaGuardia Airport,Queens
1,2018-03-20 13:01:13,2018-03-20 13:34:55,1,26.1,5,N,1,95.0,0E-9,0E-9,0.0,0.0,0.300000000,95.3,138,265,13,Tuesday,3,138,LaGuardia Airport,Queens
2,2018-01-30 12:45:10,2018-01-30 13:31:04,1,10.87,1,N,1,40.0,0E-9,0.500000000,11.64,5.76,0.300000000,58.2,138,158,12,Tuesday,1,138,LaGuardia Airport,Queens
2,2018-01-24 17:23:21,2018-01-24 17:51:22,1,9.99,1,N,1,29.0,1.000000000,0.500000000,7.31,5.76,0.300000000,43.87,138,233,17,Wednesday,1,138,LaGuardia Airport,Queens
1,2018-01-01 12:33:51,2018-01-01 12:53:16,2,8.6,1,N,1,26.0,0E-9,0.500000000,4.0,5.76,0.300000000,36.56,138,68,12,Monday,1,138,LaGuardia Airport,Queens
1,2018-03-12 19:04:07,2018-03-12 19:36:03,3,11.0,1,N,1,35.0,1.000000000,0.500000000,8.0,5.76,0.300000000,50.56,138,230,19,Monday,3,138,LaGuardia Airport,Queens
2,2018-06-20 08:53:47,2018-06-20 09:29:54,1,12.04,1,N,1,35.0,0E-9,0.500000000,7.0,5.76,0.300000000,48.56,138,229,8,Wednesday,6,138,LaGuardia Airport,Queens
2,2018-01-13 10:47:06,2018-01-13 11:15:03,1,11.89,1,N,1,35.0,0E-9,0.500000000,7.16,0.0,0.300000000,42.96,138,231,10,Saturday,1,138,LaGuardia Airport,Queens
2,2018-02-11 19:04:23,2018-02-11 19:27:17,1,10.26,1,N,1,30.0,0E-9,0.500000000,7.31,5.76,0.300000000,43.87,138,161,19,Sunday,2,138,LaGuardia Airport,Queens
1,2018-04-19 14:02:21,2018-04-19 14:59:24,1,11.3,1,N,1,43.5,0E-9,0.500000000,4.0,5.76,0.300000000,54.06,138,142,14,Thursday,4,138,LaGuardia Airport,Queens
2,2018-04-10 12:05:55,2018-04-10 12:48:18,3,10.3,1,N,1,38.0,0E-9,0.500000000,8.91,5.76,0.300000000,53.47,138,163,12,Tuesday,4,138,LaGuardia Airport,Queens
1,2018-12-03 12:35:47,2018-12-03 13:13:50,1,6.7,1,N,1,28.5,0E-9,0.500000000,5.85,0.0,0.300000000,35.15,138,256,12,Monday,12,138,LaGuardia Airport,Queens
2,2018-05-10 17:29:37,2018-05-10 18:12:29,6,8.84,1,N,1,34.0,1.000000000,0.500000000,8.31,5.76,0.300000000,49.87,138,100,17,Thursday,5,138,LaGuardia Airport,Queens
2,2018-07-22 20:59:11,2018-07-22 21:25:05,1,11.81,1,N,1,33.5,0.500000000,0.500000000,8.11,5.76,0.300000000,48.67,138,79,20,Sunday,7,138,LaGuardia Airport,Queens
2,2018-01-12 17:55:10,2018-01-12 19:00:28,1,10.41,1,N,1,45.0,1.000000000,0.500000000,10.51,5.76,0.300000000,63.07,138,48,17,Friday,1,138,LaGuardia Airport,Queens
2,2018-10-21 04:21:15,2018-10-21 04:45:52,1,14.64,1,N,1,41.0,0.500000000,0.500000000,12.02,5.76,0.300000000,60.08,198,263,4,Sunday,10,198,Ridgewood,Queens
2,2018-12-03 13:50:57,2018-12-03 14:15:46,1,9.03,1,N,1,27.0,0E-9,0.500000000,6.71,5.76,0.300000000,40.27,138,162,13,Monday,12,138,LaGuardia Airport,Queens
2,2018-03-30 15:54:26,2018-03-30 16:19:16,3,8.38,1,N,1,25.5,0E-9,0.500000000,6.41,5.76,0.300000000,38.47,138,262,15,Friday,3,138,LaGuardia Airport,Queens
2,2018-06-30 21:31:59,2018-06-30 22:06:24,1,11.19,1,N,1,35.0,0.500000000,0.500000000,7.26,0.0,0.300000000,43.56,138,61,21,Saturday,6,138,LaGuardia Airport,Queens
2,2018-02-01 09:23:12,2018-02-01 09:59:49,6,10.09,1,N,1,32.0,0E-9,0.500000000,7.71,5.76,0.300000000,46.27,138,162,9,Thursday,2,138,LaGuardia Airport,Queens
1,2018-03-14 11:48:02,2018-03-14 12:28:48,1,9.3,1,N,1,36.0,0E-9,0.500000000,8.5,5.76,0.300000000,51.06,138,164,11,Wednesday,3,138,LaGuardia Airport,Queens
1,2018-01-24 15:02:43,2018-01-24 15:36:19,2,8.8,1,N,1,31.0,0E-9,0.500000000,7.5,5.76,0.300000000,45.06,138,48,15,Wednesday,1,138,LaGuardia Airport,Queens
2,2018-09-09 11:49:47,2018-09-09 12:31:37,1,16.22,1,N,1,47.5,0E-9,0.500000000,10.81,5.76,0.300000000,64.87,138,87,11,Sunday,9,138,LaGuardia Airport,Queens
2,2018-08-14 16:15:08,2018-08-14 16:55:19,1,12.71,1,N,1,36.5,1.000000000,0.500000000,3.65,0.0,0.300000000,41.95,138,132,16,Tuesday,8,138,LaGuardia Airport,Queens
2,2018-03-23 08:41:36,2018-03-23 09:25:27,1,9.56,1,N,1,33.5,0E-9,0.500000000,6.01,5.76,0.300000000,46.07,138,229,8,Friday,3,138,LaGuardia Airport,Queens
1,2018-10-08 23:48:01,2018-10-09 00:09:02,1,10.4,1,N,1,30.5,0.500000000,0.500000000,7.5,5.76,0.300000000,45.06,138,237,23,Monday,10,138,LaGuardia Airport,Queens
2,2018-10-24 17:09:12,2018-10-24 18:22:10,2,10.75,1,N,1,46.5,1.000000000,0.500000000,7.7,0.0,0.300000000,56.0,138,189,17,Wednesday,10,138,LaGuardia Airport,Queens
2,2018-12-29 16:16:32,2018-12-29 16:37:49,1,7.89,1,N,1,24.0,0E-9,0.500000000,6.11,5.76,0.300000000,36.67,138,263,16,Saturday,12,138,LaGuardia Airport,Queens
1,2018-04-30 09:59:39,2018-04-30 10:43:19,1,12.0,1,N,1,40.5,0E-9,0.500000000,9.4,5.76,0.300000000,56.46,138,161,9,Monday,4,138,LaGuardia Airport,Queens
1,2018-08-13 18:12:14,2018-08-13 18:49:18,3,20.4,1,N,1,55.0,1.000000000,0.500000000,11.35,0.0,0.300000000,68.15,138,218,18,Monday,8,138,LaGuardia Airport,Queens
2,2018-09-17 10:43:44,2018-09-17 11:20:54,1,11.11,1,N,1,35.0,0E-9,0.500000000,10.39,5.76,0.300000000,51.95,138,230,10,Monday,9,138,LaGuardia Airport,Queens
2,2018-02-13 14:22:31,2018-02-13 15:02:28,1,10.97,1,N,1,36.0,1.000000000,0.500000000,10.89,5.76,0.300000000,54.45,138,249,14,Tuesday,2,138,LaGuardia Airport,Queens
1,2018-08-13 16:15:26,2018-08-13 16:37:12,1,9.9,1,N,1,28.0,1.000000000,0.500000000,10.0,5.76,0.300000000,45.56,138,162,16,Monday,8,138,LaGuardia Airport,Queens
1,2018-06-20 12:57:59,2018-06-20 13:40:30,1,11.8,1,N,1,40.5,0E-9,0.500000000,11.75,5.76,0.300000000,58.81,138,246,12,Wednesday,6,138,LaGuardia Airport,Queens
2,2018-12-06 21:34:16,2018-12-06 21:50:52,1,6.84,1,N,1,21.5,0.500000000,0.500000000,5.71,5.76,0.300000000,34.27,138,74,21,Thursday,12,138,LaGuardia Airport,Queens
1,2018-01-14 17:00:39,2018-01-14 17:32:16,1,11.2,1,N,1,33.5,0E-9,0.500000000,4.0,5.76,0.300000000,44.06,138,161,17,Sunday,1,138,LaGuardia Airport,Queens
2,2018-11-14 17:22:28,2018-11-14 18:15:07,1,10.23,1,N,1,39.0,1.000000000,0.500000000,9.31,5.76,0.300000000,55.87,138,161,17,Wednesday,11,138,LaGuardia Airport,Queens
1,2018-06-13 11:40:35,2018-06-13 12:21:31,1,8.3,1,N,1,34.0,0E-9,0.500000000,10.1,5.76,0.300000000,50.66,138,170,11,Wednesday,6,138,LaGuardia Airport,Queens
2,2018-04-24 18:23:39,2018-04-24 18:59:49,2,9.53,1,N,1,33.5,1.000000000,0.500000000,8.21,5.76,0.300000000,49.27,138,68,18,Tuesday,4,138,LaGuardia Airport,Queens
2,2018-02-28 17:55:45,2018-02-28 18:38:01,6,8.62,1,N,1,33.0,1.000000000,0.500000000,8.11,5.76,0.300000000,48.67,138,166,17,Wednesday,2,138,LaGuardia Airport,Queens
2,2018-06-21 09:19:08,2018-06-21 10:19:20,4,9.2,1,N,1,40.5,0E-9,0.500000000,9.41,5.76,0.300000000,56.47,138,246,9,Thursday,6,138,LaGuardia Airport,Queens
1,2018-02-03 11:00:19,2018-02-03 11:17:42,1,10.6,1,N,1,29.5,0E-9,0.500000000,7.2,5.76,0.300000000,43.26,138,243,11,Saturday,2,138,LaGuardia Airport,Queens
1,2018-11-13 20:02:16,2018-11-13 20:16:42,1,7.5,1,N,1,22.0,0.500000000,0.500000000,5.8,5.76,0.300000000,34.86,138,263,20,Tuesday,11,138,LaGuardia Airport,Queens
1,2018-09-30 12:02:01,2018-09-30 12:42:53,1,12.2,1,N,1,39.0,0E-9,0.500000000,6.0,5.76,0.300000000,51.56,138,234,12,Sunday,9,138,LaGuardia Airport,Queens
2,2018-08-14 09:25:12,2018-08-14 10:07:17,3,11.3,1,N,1,36.5,0E-9,0.500000000,8.61,5.76,0.300000000,51.67,138,161,9,Tuesday,8,138,LaGuardia Airport,Queens
2,2018-08-07 12:03:09,2018-08-07 12:30:34,3,8.53,1,N,1,26.0,0E-9,0.500000000,8.14,5.76,0.300000000,40.7,138,237,12,Tuesday,8,138,LaGuardia Airport,Queens
1,2018-04-23 10:20:11,2018-04-23 11:02:00,1,10.7,1,N,1,36.0,0E-9,0.500000000,8.5,5.76,0.300000000,51.06,138,230,10,Monday,4,138,LaGuardia Airport,Queens
1,2018-10-11 12:28:35,2018-10-11 13:07:35,3,11.2,1,N,1,36.0,0E-9,0.500000000,8.5,5.76,0.300000000,51.06,138,161,12,Thursday,10,138,LaGuardia Airport,Queens
2,2018-08-06 16:39:51,2018-08-06 17:03:14,1,8.68,1,N,1,26.5,1.000000000,0.500000000,4.0,5.76,0.300000000,38.06,138,137,16,Monday,8,138,LaGuardia Airport,Queens
1,2018-10-26 17:54:25,2018-10-26 18:55:59,4,12.2,1,N,1,45.5,1.000000000,0.500000000,13.25,5.76,0.300000000,66.31,138,88,17,Friday,10,138,LaGuardia Airport,Queens
1,2018-02-22 23:40:47,2018-02-23 00:06:56,1,11.8,1,N,1,34.5,0.500000000,0.500000000,8.3,5.76,0.300000000,49.86,138,230,23,Thursday,2,138,LaGuardia Airport,Queens
1,2018-07-26 11:45:29,2018-07-26 12:07:05,1,6.5,1,N,1,22.5,0E-9,0.500000000,4.65,0.0,0.300000000,27.95,138,112,11,Thursday,7,138,LaGuardia Airport,Queens
2,2018-09-10 18:34:48,2018-09-10 19:04:26,2,10.5,1,N,1,32.5,1.000000000,0.500000000,6.01,5.76,0.300000000,46.07,138,143,18,Monday,9,138,LaGuardia Airport,Queens
2,2018-05-21 18:57:16,2018-05-21 19:23:51,1,9.7,1,N,1,30.0,1.000000000,0.500000000,7.51,5.76,0.300000000,45.07,138,79,18,Monday,5,138,LaGuardia Airport,Queens
2,2018-06-04 19:24:17,2018-06-04 19:46:11,1,8.7,1,N,1,27.0,1.000000000,0.500000000,6.91,5.76,0.300000000,41.47,138,162,19,Monday,6,138,LaGuardia Airport,Queens
2,2018-04-26 23:19:48,2018-04-26 23:44:01,1,9.88,1,N,1,29.5,0.500000000,0.500000000,6.0,5.76,0.300000000,42.56,138,113,23,Thursday,4,138,LaGuardia Airport,Queens
1,2018-08-30 10:27:41,2018-08-30 11:05:00,3,8.0,1,N,1,30.5,0E-9,0.500000000,6.25,0.0,0.300000000,37.55,138,230,10,Thursday,8,138,LaGuardia Airport,Queens
2,2018-01-07 15:30:32,2018-01-07 15:48:34,1,7.65,1,N,1,23.0,0E-9,0.500000000,5.91,5.76,0.300000000,35.47,138,75,15,Sunday,1,138,LaGuardia Airport,Queens
2,2018-03-04 00:37:22,2018-03-04 00:53:40,1,8.91,1,N,1,25.5,0.500000000,0.500000000,4.88,5.76,0.300000000,37.44,138,107,0,Sunday,3,138,LaGuardia Airport,Queens
1,2018-08-31 09:18:10,2018-08-31 09:47:29,1,7.5,1,N,1,27.0,0E-9,0.500000000,6.7,5.76,0.300000000,40.26,138,42,9,Friday,8,138,LaGuardia Airport,Queens
2,2018-08-22 09:21:45,2018-08-22 10:17:58,1,9.15,1,N,1,40.0,0E-9,0.500000000,11.64,5.76,0.300000000,58.2,138,230,9,Wednesday,8,138,LaGuardia Airport,Queens
2,2018-10-03 11:10:28,2018-10-03 11:44:55,2,11.13,1,N,1,32.5,0E-9,0.500000000,7.81,5.76,0.300000000,46.87,138,161,11,Wednesday,10,138,LaGuardia Airport,Queens
1,2018-09-12 21:43:47,2018-09-12 22:17:46,1,11.6,1,N,1,37.0,0.500000000,0.500000000,8.8,5.76,0.300000000,52.86,138,50,21,Wednesday,9,138,LaGuardia Airport,Queens
1,2018-04-18 16:02:00,2018-04-18 17:05:52,2,7.2,1,N,2,40.0,0E-9,0.500000000,0.0,0.0,0.300000000,40.8,138,140,16,Wednesday,4,138,LaGuardia Airport,Queens
2,2018-06-17 16:38:42,2018-06-17 17:15:13,2,10.93,1,N,1,35.0,0E-9,0.500000000,10.39,5.76,0.300000000,51.95,138,142,16,Sunday,6,138,LaGuardia Airport,Queens
2,2018-01-21 12:29:44,2018-01-21 12:46:30,1,7.94,1,N,1,23.5,0E-9,0.500000000,6.01,5.76,0.300000000,36.07,138,236,12,Sunday,1,138,LaGuardia Airport,Queens
1,2018-05-04 06:22:19,2018-05-04 06:54:20,1,4.9,1,N,1,22.5,0E-9,0.500000000,4.65,0.0,0.300000000,27.95,179,186,6,Friday,5,179,Old Astoria,Queens
2,2018-06-07 06:03:14,2018-06-07 06:19:19,1,11.91,1,N,2,32.5,0E-9,0.500000000,0.0,0.0,0.300000000,33.3,138,132,6,Thursday,6,138,LaGuardia Airport,Queens
2,2018-10-16 12:14:00,2018-10-16 13:02:28,1,10.91,1,N,1,39.5,0E-9,0.500000000,2.5,0.0,0.300000000,42.8,138,68,12,Tuesday,10,138,LaGuardia Airport,Queens
1,2018-05-03 11:42:38,2018-05-03 12:32:05,1,9.1,1,N,1,38.0,0E-9,0.500000000,8.9,5.76,0.300000000,53.46,138,161,11,Thursday,5,138,LaGuardia Airport,Queens
1,2018-01-19 13:05:43,2018-01-19 13:23:12,1,7.9,1,N,1,24.5,0E-9,0.500000000,6.2,5.76,0.300000000,37.26,138,236,13,Friday,1,138,LaGuardia Airport,Queens
2,2018-09-03 20:29:21,2018-09-03 20:50:22,6,9.94,1,N,1,28.5,0.500000000,0.500000000,8.89,5.76,0.300000000,44.45,138,141,20,Monday,9,138,LaGuardia Airport,Queens
1,2018-10-15 21:10:09,2018-10-15 21:32:52,1,10.4,1,N,1,31.0,0.500000000,0.500000000,5.8,0.0,0.300000000,38.1,138,114,21,Monday,10,138,LaGuardia Airport,Queens
2,2018-06-27 20:43:06,2018-06-27 21:09:14,1,11.21,1,N,1,32.5,0.500000000,0.500000000,6.76,0.0,0.300000000,40.56,138,66,20,Wednesday,6,138,LaGuardia Airport,Queens
2,2018-07-08 19:02:14,2018-07-08 19:33:17,1,9.06,1,N,1,29.5,0E-9,0.500000000,7.21,5.76,0.300000000,43.27,138,263,19,Sunday,7,138,LaGuardia Airport,Queens
2,2018-06-17 19:53:10,2018-06-17 20:12:17,1,7.04,1,N,1,22.0,0E-9,0.500000000,5.7,0.0,0.300000000,28.5,138,130,19,Sunday,6,138,LaGuardia Airport,Queens
1,2018-09-26 10:11:19,2018-09-26 11:05:01,1,11.9,1,N,1,39.0,0E-9,0.500000000,7.95,0.0,0.300000000,47.75,138,87,10,Wednesday,9,138,LaGuardia Airport,Queens
1,2018-03-08 22:55:57,2018-03-08 23:20:08,1,11.4,1,N,1,33.0,0.500000000,0.500000000,6.85,0.0,0.300000000,41.15,138,61,22,Thursday,3,138,LaGuardia Airport,Queens
1,2018-01-23 23:02:54,2018-01-23 23:18:50,2,10.3,1,N,1,28.5,0.500000000,0.500000000,7.1,5.76,0.300000000,42.66,138,233,23,Tuesday,1,138,LaGuardia Airport,Queens
1,2018-12-14 14:09:03,2018-12-14 14:49:20,1,9.1,1,N,1,34.0,0E-9,0.500000000,8.1,5.76,0.300000000,48.66,138,234,14,Friday,12,138,LaGuardia Airport,Queens
2,2018-11-01 11:10:01,2018-11-01 11:56:09,1,10.57,1,N,1,37.5,0E-9,0.500000000,8.81,5.76,0.300000000,52.87,138,239,11,Thursday,11,138,LaGuardia Airport,Queens
2,2018-02-13 07:53:29,2018-02-13 08:45:38,6,12.22,1,N,1,44.0,0E-9,0.500000000,12.64,5.76,0.300000000,63.2,138,90,7,Tuesday,2,138,LaGuardia Airport,Queens
1,2018-01-02 09:00:05,2018-01-02 09:25:03,1,11.9,1,N,1,34.5,0E-9,0.500000000,12.3,5.76,0.300000000,53.36,138,243,9,Tuesday,1,138,LaGuardia Airport,Queens
2,2018-05-26 21:02:15,2018-05-26 21:19:58,1,8.6,1,N,1,25.5,0.500000000,0.500000000,8.14,5.76,0.300000000,40.7,138,237,21,Saturday,5,138,LaGuardia Airport,Queens
2,2018-03-19 17:59:53,2018-03-19 18:19:51,1,7.91,1,N,1,24.5,1.000000000,0.500000000,5.26,0.0,0.300000000,31.56,138,141,17,Monday,3,138,LaGuardia Airport,Queens
2,2018-10-30 17:28:13,2018-10-30 18:08:09,6,7.52,1,N,1,29.0,1.000000000,0.500000000,7.7,0.0,0.300000000,38.5,138,255,17,Tuesday,10,138,LaGuardia Airport,Queens
1,2018-11-10 13:03:47,2018-11-10 13:48:01,2,11.6,1,N,1,39.5,0E-9,0.500000000,11.5,5.76,0.300000000,57.56,138,164,13,Saturday,11,138,LaGuardia Airport,Queens
2,2018-05-28 22:30:13,2018-05-28 22:52:28,1,9.58,1,N,1,28.0,0.500000000,0.500000000,7.01,5.76,0.300000000,42.07,138,224,22,Monday,5,138,LaGuardia Airport,Queens
1,2018-05-19 11:41:32,2018-05-19 12:15:19,1,11.9,1,N,1,35.5,0E-9,0.500000000,8.4,5.76,0.300000000,50.46,138,79,11,Saturday,5,138,LaGuardia Airport,Queens
2,2018-05-09 12:18:26,2018-05-09 12:42:07,2,9.14,1,N,1,28.0,0E-9,0.500000000,6.91,5.76,0.300000000,41.47,138,236,12,Wednesday,5,138,LaGuardia Airport,Queens
1,2018-09-29 12:36:55,2018-09-29 13:13:35,1,8.0,1,N,1,32.0,0E-9,0.500000000,4.0,5.76,0.300000000,42.56,138,164,12,Saturday,9,138,LaGuardia Airport,Queens
2,2018-03-29 21:37:58,2018-03-29 21:57:39,3,8.08,1,N,1,24.0,0.500000000,0.500000000,5.06,0.0,0.300000000,30.36,138,112,21,Thursday,3,138,LaGuardia Airport,Queens
1,2018-11-01 19:08:26,2018-11-01 19:44:27,2,9.2,1,N,1,32.5,1.000000000,0.500000000,8.0,5.76,0.300000000,48.06,138,161,19,Thursday,11,138,LaGuardia Airport,Queens
2,2018-04-29 11:21:43,2018-04-29 11:46:06,1,10.09,1,N,1,30.0,0E-9,0.500000000,6.16,0.0,0.300000000,36.96,138,25,11,Sunday,4,138,LaGuardia Airport,Queens
1,2018-05-10 07:25:24,2018-05-10 08:35:27,1,10.5,1,N,1,45.0,0E-9,0.500000000,10.3,5.76,0.300000000,61.86,138,161,7,Thursday,5,138,LaGuardia Airport,Queens
1,2018-11-13 13:23:53,2018-11-13 13:50:51,1,9.6,1,N,1,30.0,0E-9,0.500000000,7.3,5.76,0.300000000,43.86,138,234,13,Tuesday,11,138,LaGuardia Airport,Queens
1,2018-08-05 20:59:42,2018-08-05 21:32:45,0,13.0,1,N,1,38.5,0.500000000,0.500000000,7.95,0.0,0.300000000,47.75,138,90,20,Sunday,8,138,LaGuardia Airport,Queens
1,2018-09-06 23:16:13,2018-09-06 23:40:22,1,9.9,1,N,1,30.5,0.500000000,0.500000000,9.35,5.76,0.300000000,46.91,138,142,23,Thursday,9,138,LaGuardia Airport,Queens
1,2018-12-29 17:57:05,2018-12-29 18:18:51,1,8.4,1,N,1,25.5,0E-9,0.500000000,6.4,5.76,0.300000000,38.46,138,107,17,Saturday,12,138,LaGuardia Airport,Queens
1,2018-07-01 22:56:21,2018-07-01 23:28:31,1,13.7,1,N,1,39.5,0.500000000,0.500000000,8.15,0.0,0.300000000,48.95,138,181,22,Sunday,7,138,LaGuardia Airport,Queens
2,2018-08-25 16:11:31,2018-08-25 16:31:14,1,7.94,1,N,1,24.5,0E-9,0.500000000,6.21,5.76,0.300000000,37.27,138,263,16,Saturday,8,138,LaGuardia Airport,Queens
1,2018-10-10 10:21:23,2018-10-10 11:04:15,1,8.2,1,N,1,32.0,0E-9,0.500000000,7.71,5.76,0.300000000,46.27,138,100,10,Wednesday,10,138,LaGuardia Airport,Queens
2,2018-05-08 23:31:11,2018-05-08 23:50:32,4,9.62,1,N,1,29.0,0.500000000,0.500000000,8.96,5.54,0.300000000,44.8,138,162,23,Tuesday,5,138,LaGuardia Airport,Queens
2,2018-08-04 06:39:36,2018-08-04 07:35:41,2,24.92,3,N,1,88.0,0E-9,0E-9,15.0,16.26,0.300000000,119.56,138,1,6,Saturday,8,138,LaGuardia Airport,Queens
1,2018-04-23 09:30:50,2018-04-23 10:12:21,1,9.9,1,N,1,33.5,0E-9,0.500000000,8.0,5.76,0.300000000,48.06,138,162,9,Monday,4,138,LaGuardia Airport,Queens
1,2018-02-22 23:28:12,2018-02-22 23:54:06,4,9.2,1,N,1,29.0,0.500000000,0.500000000,7.2,5.76,0.300000000,43.26,138,239,23,Thursday,2,138,LaGuardia Airport,Queens
1,2018-06-11 12:28:05,2018-06-11 13:06:35,1,10.1,1,N,1,35.0,0E-9,0.500000000,10.35,5.76,0.300000000,51.91,138,163,12,Monday,6,138,LaGuardia Airport,Queens
2,2018-10-23 08:39:43,2018-10-23 09:25:43,1,9.7,1,N,1,35.0,0E-9,0.500000000,10.39,5.76,0.300000000,51.95,138,107,8,Tuesday,10,138,LaGuardia Airport,Queens
1,2018-05-20 21:21:54,2018-05-20 21:51:59,1,8.4,1,N,1,28.0,0.500000000,0.500000000,5.85,0.0,0.300000000,35.15,138,37,21,Sunday,5,138,LaGuardia Airport,Queens
2,2018-07-01 19:37:30,2018-07-01 20:08:32,1,10.27,1,N,1,31.5,0E-9,0.500000000,10.0,0.0,0.300000000,42.3,138,261,19,Sunday,7,138,LaGuardia Airport,Queens
1,2018-08-29 21:32:44,2018-08-29 22:07:38,2,13.8,1,N,1,41.5,0.500000000,0.500000000,6.0,5.76,0.300000000,54.56,138,249,21,Wednesday,8,138,LaGuardia Airport,Queens
2,2018-03-02 09:47:11,2018-03-02 10:12:02,2,7.87,1,N,1,24.5,0E-9,0.500000000,6.21,5.76,0.300000000,37.27,138,262,9,Friday,3,138,LaGuardia Airport,Queens
2,2018-01-15 18:53:47,2018-01-15 19:23:48,3,11.1,1,N,1,33.0,0E-9,0.500000000,11.87,5.76,0.300000000,51.43,138,263,18,Monday,1,138,LaGuardia Airport,Queens
2,2018-05-13 22:23:07,2018-05-13 22:51:31,1,13.94,1,N,1,39.5,0.500000000,0.500000000,9.31,5.76,0.300000000,55.87,138,113,22,Sunday,5,138,LaGuardia Airport,Queens
2,2018-07-26 19:25:36,2018-07-26 19:50:25,6,10.21,1,N,1,30.0,1.000000000,0.500000000,7.51,5.76,0.300000000,45.07,138,162,19,Thursday,7,138,LaGuardia Airport,Queens
2,2018-09-10 22:36:50,2018-09-10 22:59:15,1,9.02,1,N,1,26.5,0.500000000,0.500000000,6.71,5.76,0.300000000,40.27,138,137,22,Monday,9,138,LaGuardia Airport,Queens
1,2018-10-09 09:29:15,2018-10-09 10:33:32,1,9.3,1,N,1,41.5,0E-9,0.500000000,6.0,5.76,0.300000000,54.06,138,164,9,Tuesday,10,138,LaGuardia Airport,Queens
1,2018-08-15 16:55:57,2018-08-15 17:16:14,1,7.8,1,N,1,24.0,1.000000000,0.500000000,6.3,5.76,0.300000000,37.86,138,170,16,Wednesday,8,138,LaGuardia Airport,Queens
1,2018-07-16 09:57:32,2018-07-16 10:41:57,1,8.7,1,N,1,34.0,0E-9,0.500000000,8.1,5.76,0.300000000,48.66,138,161,9,Monday,7,138,LaGuardia Airport,Queens
2,2018-06-14 19:14:16,2018-06-14 20:02:46,3,10.28,1,N,1,38.0,1.000000000,0.500000000,7.96,0.0,0.300000000,47.76,138,181,19,Thursday,6,138,LaGuardia Airport,Queens
2,2018-08-15 20:44:34,2018-08-15 21:10:01,6,9.89,1,N,1,30.0,0.500000000,0.500000000,6.0,5.76,0.300000000,43.06,138,142,20,Wednesday,8,138,LaGuardia Airport,Queens
2,2018-11-27 16:34:52,2018-11-27 17:26:05,1,9.64,1,N,1,38.5,1.000000000,0.500000000,8.5,5.76,0.300000000,54.56,138,163,16,Tuesday,11,138,LaGuardia Airport,Queens
2,2018-06-05 09:38:37,2018-06-05 10:20:20,1,10.14,1,N,1,32.5,0E-9,0.500000000,9.76,5.76,0.300000000,48.82,138,162,9,Tuesday,6,138,LaGuardia Airport,Queens
2,2018-03-25 16:38:25,2018-03-25 17:12:52,5,12.01,1,N,1,35.5,0E-9,0.500000000,7.26,0.0,0.300000000,43.56,138,88,16,Sunday,3,138,LaGuardia Airport,Queens
1,2018-01-27 21:32:11,2018-01-27 21:52:07,1,10.1,1,N,1,29.5,0.500000000,0.500000000,9.1,5.76,0.300000000,45.66,138,244,21,Saturday,1,138,LaGuardia Airport,Queens
1,2018-08-16 11:08:50,2018-08-16 11:48:49,1,9.5,1,N,1,32.0,0E-9,0.500000000,7.7,5.76,0.300000000,46.26,138,237,11,Thursday,8,138,LaGuardia Airport,Queens
1,2018-08-16 14:30:56,2018-08-16 15:00:33,1,8.8,1,N,1,28.5,0E-9,0.500000000,7.0,5.76,0.300000000,42.06,138,236,14,Thursday,8,138,LaGuardia Airport,Queens
1,2018-01-28 20:02:07,2018-01-28 20:31:35,1,8.8,1,N,1,30.0,0.500000000,0.500000000,7.4,5.76,0.300000000,44.46,138,164,20,Sunday,1,138,LaGuardia Airport,Queens
2,2018-05-13 21:33:52,2018-05-13 22:13:58,5,13.26,1,N,1,40.0,0.500000000,0.500000000,9.0,5.76,0.300000000,56.06,138,186,21,Sunday,5,138,LaGuardia Airport,Queens
1,2018-07-04 18:53:45,2018-07-04 19:23:25,1,10.8,1,N,1,33.0,0E-9,0.500000000,4.0,0.0,0.300000000,37.8,138,75,18,Wednesday,7,138,LaGuardia Airport,Queens
2,2018-03-26 18:01:39,2018-03-26 18:27:19,1,6.67,1,N,1,22.5,1.000000000,0.500000000,7.29,0.0,0.300000000,31.59,138,160,18,Monday,3,138,LaGuardia Airport,Queens
2,2018-12-08 10:09:48,2018-12-08 10:37:46,1,9.68,1,N,1,26.5,0E-9,0.500000000,4.1,0.0,0.300000000,31.4,138,79,10,Saturday,12,138,LaGuardia Airport,Queens
2,2018-12-08 12:00:37,2018-12-08 12:34:57,1,11.15,1,N,1,34.5,0E-9,0.500000000,8.21,5.76,0.300000000,49.27,138,230,12,Saturday,12,138,LaGuardia Airport,Queens
1,2018-04-03 21:05:29,2018-04-03 21:25:02,1,7.7,1,N,1,24.0,0.500000000,0.500000000,7.75,5.76,0.300000000,38.81,138,233,21,Tuesday,4,138,LaGuardia Airport,Queens
1,2018-11-07 09:03:58,2018-11-07 10:02:07,1,12.4,1,N,1,45.0,0E-9,0.500000000,11.4,0.0,0.300000000,57.2,138,231,9,Wednesday,11,138,LaGuardia Airport,Queens
1,2018-02-15 18:39:13,2018-02-15 19:10:08,2,12.4,1,N,1,35.5,1.000000000,0.500000000,10.75,5.76,0.300000000,53.81,138,220,18,Thursday,2,138,LaGuardia Airport,Queens
2,2018-12-10 09:25:27,2018-12-10 10:09:37,1,8.57,1,N,1,30.5,0E-9,0.500000000,7.41,5.76,0.300000000,44.47,138,140,9,Monday,12,138,LaGuardia Airport,Queens
1,2018-05-15 11:44:44,2018-05-15 12:36:54,1,8.9,1,N,1,38.0,0E-9,0.500000000,13.35,5.76,0.300000000,57.91,138,170,11,Tuesday,5,138,LaGuardia Airport,Queens
1,2018-06-26 20:38:25,2018-06-26 21:05:19,1,8.4,5,N,1,40.0,0E-9,0E-9,9.2,5.76,0.300000000,55.26,138,161,20,Tuesday,6,138,LaGuardia Airport,Queens
1,2018-06-27 12:11:45,2018-06-27 13:02:42,1,13.2,1,N,1,46.0,0E-9,0.500000000,10.0,5.76,0.300000000,62.56,138,88,12,Wednesday,6,138,LaGuardia Airport,Queens
2,2018-08-20 16:57:14,2018-08-20 17:33:58,2,11.15,1,N,1,38.0,1.000000000,0.500000000,9.11,5.76,0.300000000,54.67,138,161,16,Monday,8,138,LaGuardia Airport,Queens
2,2018-10-17 14:46:38,2018-10-17 15:25:41,6,9.07,1,N,1,34.0,0E-9,0.500000000,8.11,5.76,0.300000000,48.67,138,116,14,Wednesday,10,138,LaGuardia Airport,Queens
2,2018-12-21 17:01:26,2018-12-21 17:46:19,1,10.43,1,N,1,37.5,1.000000000,0.500000000,0.0,0.0,0.300000000,39.3,138,61,17,Friday,12,138,LaGuardia Airport,Queens
1,2018-12-11 08:50:46,2018-12-11 09:23:49,1,8.4,1,N,1,27.0,0E-9,0.500000000,6.7,5.76,0.300000000,40.26,138,236,8,Tuesday,12,138,LaGuardia Airport,Queens
1,2018-05-04 13:52:17,2018-05-04 14:41:36,1,9.0,1,N,1,37.0,0E-9,0.500000000,8.0,5.76,0.300000000,51.56,138,230,13,Friday,5,138,LaGuardia Airport,Queens
2,2018-03-06 18:21:32,2018-03-06 19:03:16,4,9.47,1,N,1,30.5,1.000000000,0.500000000,7.61,5.76,0.300000000,45.67,138,239,18,Tuesday,3,138,LaGuardia Airport,Queens
1,2018-09-07 01:52:42,2018-09-07 01:53:37,2,2.8,1,Y,2,2.5,0.500000000,0.500000000,0.0,0.0,0.300000000,3.8,145,145,1,Friday,9,145,Long Island City/Hunters Point,Queens
2,2018-09-04 20:03:32,2018-09-04 20:32:10,1,15.88,1,N,1,43.5,0.500000000,0.500000000,10.11,5.76,0.300000000,60.67,138,13,20,Tuesday,9,138,LaGuardia Airport,Queens
2,2018-07-09 16:03:21,2018-07-09 16:28:50,2,10.53,1,N,2,31.0,0E-9,0.500000000,0.0,5.76,0.300000000,37.56,138,142,16,Monday,7,138,LaGuardia Airport,Queens
1,2018-07-31 19:03:04,2018-07-31 19:47:30,2,17.7,1,N,1,50.5,1.000000000,0.500000000,0.0,0.0,0.300000000,52.3,138,165,19,Tuesday,7,138,LaGuardia Airport,Queens
1,2018-08-02 10:12:13,2018-08-02 11:00:51,0,11.6,1,N,2,40.5,0E-9,0.500000000,0.0,5.76,0.300000000,47.06,138,230,10,Thursday,8,138,LaGuardia Airport,Queens
2,2018-11-21 08:55:09,2018-11-21 09:43:56,1,11.05,1,N,1,39.0,0E-9,0.500000000,9.11,5.76,0.300000000,54.67,138,142,8,Wednesday,11,138,LaGuardia Airport,Queens
2,2018-03-11 11:42:52,2018-03-11 12:10:52,2,11.01,1,N,2,33.0,0E-9,0.500000000,0.0,0.0,0.300000000,33.8,138,45,11,Sunday,3,138,LaGuardia Airport,Queens
2,2018-10-20 14:38:22,2018-10-20 15:08:28,1,8.77,1,N,2,30.0,0E-9,0.500000000,0.0,5.76,0.300000000,36.56,138,230,14,Saturday,10,138,LaGuardia Airport,Queens
2,2018-12-26 18:32:38,2018-12-26 18:56:49,2,8.69,1,N,1,26.5,1.000000000,0.500000000,6.81,5.76,0.300000000,40.87,138,141,18,Wednesday,12,138,LaGuardia Airport,Queens
1,2018-01-02 18:30:49,2018-01-02 19:05:43,2,10.1,1,N,2,32.0,1.000000000,0.500000000,0.0,0.0,0.300000000,33.8,138,205,18,Tuesday,1,138,LaGuardia Airport,Queens
2,2018-07-10 09:16:06,2018-07-10 09:48:58,1,11.19,5,N,1,100.0,0E-9,0.500000000,0.0,18.26,0.300000000,119.06,138,265,9,Tuesday,7,138,LaGuardia Airport,Queens
2,2018-03-12 12:10:12,2018-03-12 12:43:07,2,10.78,1,N,2,35.0,0E-9,0.500000000,0.0,5.76,0.300000000,41.56,138,243,12,Monday,3,138,LaGuardia Airport,Queens
2,2018-01-24 20:50:34,2018-01-24 21:14:44,1,9.85,1,N,2,30.0,0.500000000,0.500000000,0.0,5.76,0.300000000,37.06,138,238,20,Wednesday,1,138,LaGuardia Airport,Queens
2,2018-03-27 16:28:37,2018-03-27 17:09:03,3,9.43,1,N,2,31.5,1.000000000,0.500000000,0.0,5.76,0.300000000,39.06,138,162,16,Tuesday,3,138,LaGuardia Airport,Queens
2,2018-05-15 23:46:32,2018-05-16 00:05:39,2,10.11,1,N,2,29.5,0.500000000,0.500000000,0.0,5.76,0.300000000,36.56,138,233,23,Tuesday,5,138,LaGuardia Airport,Queens
2,2018-09-02 14:51:14,2018-09-02 15:13:06,1,9.86,1,N,2,29.0,0E-9,0.500000000,0.0,0.0,0.300000000,29.8,138,102,14,Sunday,9,138,LaGuardia Airport,Queens
1,2018-03-06 20:07:50,2018-03-06 20:08:32,1,18.3,5,N,3,0.0,0E-9,0E-9,0.0,0.0,0.300000000,0.3,138,138,20,Tuesday,3,138,LaGuardia Airport,Queens
2,2018-09-02 03:17:48,2018-09-02 03:36:15,1,8.36,1,N,2,24.5,0.500000000,0.500000000,0.0,0.0,0.300000000,25.8,146,53,3,Sunday,9,146,Long Island City/Queens Plaza,Queens
4,2018-09-25 08:28:40,2018-09-25 08:29:17,1,0.16,1,N,2,2.5,0E-9,0.500000000,0.0,0.0,0.300000000,3.3,146,146,8,Tuesday,9,146,Long Island City/Queens Plaza,Queens
2,2018-11-30 09:08:00,2018-11-30 10:09:52,1,11.52,1,N,1,42.0,0E-9,0.500000000,0.0,5.76,0.300000000,48.56,138,164,9,Friday,11,138,LaGuardia Airport,Queens
2,2018-09-19 17:50:34,2018-09-19 18:15:19,2,9.44,1,N,1,30.0,1.000000000,0.500000000,7.51,5.76,0.300000000,45.07,138,162,17,Wednesday,9,138,LaGuardia Airport,Queens
1,2018-03-02 03:21:49,2018-03-02 03:44:42,1,10.7,1,N,1,30.5,0.500000000,0.500000000,3.0,0.0,0.300000000,34.8,145,130,3,Friday,3,145,Long Island City/Hunters Point,Queens
2,2018-07-29 15:40:36,2018-07-29 16:04:56,4,8.67,1,N,2,26.5,0E-9,0.500000000,0.0,0.0,0.300000000,27.3,138,49,15,Sunday,7,138,LaGuardia Airport,Queens
2,2018-03-18 10:33:41,2018-03-18 11:00:52,2,11.85,1,N,2,34.5,0E-9,0.500000000,0.0,5.76,0.300000000,41.06,138,170,10,Sunday,3,138,LaGuardia Airport,Queens
2,2018-08-07 00:05:36,2018-08-07 00:38:32,1,12.23,1,N,1,38.0,0.500000000,0.500000000,11.26,5.76,0.300000000,56.32,138,100,0,Tuesday,8,138,LaGuardia Airport,Queens
1,2018-07-16 08:55:49,2018-07-16 09:33:14,1,11.4,1,N,1,36.5,0E-9,0.500000000,8.6,5.76,0.300000000,51.66,138,164,8,Monday,7,138,LaGuardia Airport,Queens
2,2018-05-13 17:59:52,2018-05-13 18:34:08,1,10.63,1,N,1,33.0,0E-9,0.500000000,5.0,5.76,0.300000000,44.56,138,229,17,Sunday,5,138,LaGuardia Airport,Queens
2,2018-02-14 13:44:52,2018-02-14 14:37:59,1,9.78,1,N,1,42.0,0E-9,0.500000000,10.1,5.76,0.300000000,58.66,138,244,13,Wednesday,2,138,LaGuardia Airport,Queens
1,2018-04-15 17:19:22,2018-04-15 17:50:43,1,9.2,1,N,1,29.0,0E-9,0.500000000,7.1,5.76,0.300000000,42.66,138,141,17,Sunday,4,138,LaGuardia Airport,Queens
1,2018-04-29 18:43:30,2018-04-29 19:08:54,2,10.1,1,N,1,30.5,0E-9,0.500000000,5.0,0.0,0.300000000,36.3,138,189,18,Sunday,4,138,LaGuardia Airport,Queens
2,2018-03-26 12:39:35,2018-03-26 13:13:00,1,9.58,1,N,1,32.0,0E-9,0.500000000,7.71,5.76,0.300000000,46.27,138,162,12,Monday,3,138,LaGuardia Airport,Queens
2,2018-02-02 18:38:55,2018-02-02 19:25:59,1,11.14,1,N,1,38.5,1.000000000,0.500000000,5.0,0.0,0.300000000,45.3,138,97,18,Friday,2,138,LaGuardia Airport,Queens
2,2018-08-14 17:06:55,2018-08-14 17:50:06,1,11.88,1,N,1,36.0,1.000000000,0.500000000,5.0,0.0,0.300000000,42.8,138,132,17,Tuesday,8,138,LaGuardia Airport,Queens
2,2018-10-30 15:11:21,2018-10-30 15:50:05,2,10.22,1,N,1,33.0,0E-9,0.500000000,5.0,5.76,0.300000000,44.56,138,230,15,Tuesday,10,138,LaGuardia Airport,Queens
2,2018-04-16 17:26:36,2018-04-16 17:59:15,5,9.78,1,N,1,33.0,1.000000000,0.500000000,4.44,5.76,0.300000000,45.0,138,230,17,Monday,4,138,LaGuardia Airport,Queens
2,2018-11-28 18:43:55,2018-11-28 19:16:57,1,9.49,1,N,1,32.5,1.000000000,0.500000000,6.0,5.76,0.300000000,46.06,138,100,18,Wednesday,11,138,LaGuardia Airport,Queens
2,2018-12-26 20:04:48,2018-12-26 20:22:14,1,7.11,1,N,2,22.0,0.500000000,0.500000000,0.0,0.0,0.300000000,23.3,138,112,20,Wednesday,12,138,LaGuardia Airport,Queens
1,2018-03-09 15:39:33,2018-03-09 16:14:43,4,9.0,1,N,1,28.0,0E-9,0.500000000,10.35,5.76,0.300000000,44.91,138,140,15,Friday,3,138,LaGuardia Airport,Queens
2,2018-09-04 22:21:24,2018-09-04 22:36:14,1,8.01,1,N,1,23.0,0.500000000,0.500000000,4.86,0.0,0.300000000,29.16,138,80,22,Tuesday,9,138,LaGuardia Airport,Queens
2,2018-02-20 14:31:36,2018-02-20 14:43:32,1,6.04,2,N,1,52.0,0E-9,0.500000000,11.67,5.54,0.300000000,70.01,145,88,14,Tuesday,2,145,Long Island City/Hunters Point,Queens
1,2018-07-08 12:30:59,2018-07-08 13:01:24,1,12.7,1,N,1,38.0,0E-9,0.500000000,8.9,5.76,0.300000000,53.46,138,90,12,Sunday,7,138,LaGuardia Airport,Queens
1,2018-07-19 19:19:47,2018-07-19 20:05:43,1,10.1,1,N,1,37.5,1.000000000,0.500000000,8.0,0.0,0.300000000,47.3,138,158,19,Thursday,7,138,LaGuardia Airport,Queens
2,2018-10-30 08:24:20,2018-10-30 08:52:00,1,8.91,1,N,1,28.0,0E-9,0.500000000,6.91,5.76,0.300000000,41.47,138,164,8,Tuesday,10,138,LaGuardia Airport,Queens
2,2018-12-14 18:16:54,2018-12-14 18:49:15,1,7.67,1,N,2,25.5,1.000000000,0.500000000,0.0,0.0,0.300000000,27.3,138,255,18,Friday,12,138,LaGuardia Airport,Queens
2,2018-06-18 11:18:32,2018-06-18 11:51:16,2,7.2,1,N,1,27.5,0E-9,0.500000000,5.66,0.0,0.300000000,33.96,138,145,11,Monday,6,138,LaGuardia Airport,Queens
2,2018-01-22 19:05:41,2018-01-22 19:27:00,1,8.6,1,N,1,27.0,1.000000000,0.500000000,6.91,5.76,0.300000000,41.47,138,141,19,Monday,1,138,LaGuardia Airport,Queens
1,2018-01-20 21:58:26,2018-01-20 22:26:12,1,9.5,1,N,1,30.0,0.500000000,0.500000000,6.25,0.0,0.300000000,37.55,138,113,21,Saturday,1,138,LaGuardia Airport,Queens
1,2018-06-17 16:54:03,2018-06-17 17:20:30,1,8.5,1,N,1,27.5,0E-9,0.500000000,6.8,5.76,0.300000000,40.86,138,238,16,Sunday,6,138,LaGuardia Airport,Queens
1,2018-12-26 18:18:15,2018-12-26 18:37:44,1,9.0,1,N,1,26.0,1.000000000,0.500000000,6.7,5.76,0.300000000,40.26,138,237,18,Wednesday,12,138,LaGuardia Airport,Queens
2,2018-06-29 00:44:10,2018-06-30 00:00:00,1,9.06,1,N,1,28.0,0.500000000,0.500000000,4.4,0.0,0.300000000,33.7,138,256,0,Friday,6,138,LaGuardia Airport,Queens
2,2018-01-21 10:07:37,2018-01-21 10:28:15,1,9.68,1,N,1,28.5,0E-9,0.500000000,7.01,5.76,0.300000000,42.07,138,48,10,Sunday,1,138,LaGuardia Airport,Queens
2,2018-03-10 10:26:42,2018-03-10 10:52:52,1,12.91,1,N,1,36.0,0E-9,0.500000000,7.36,0.0,0.300000000,44.16,138,261,10,Saturday,3,138,LaGuardia Airport,Queens
1,2018-07-10 07:57:12,2018-07-10 08:45:56,1,10.5,1,N,1,38.0,0E-9,0.500000000,7.75,0.0,0.300000000,46.55,138,249,7,Tuesday,7,138,LaGuardia Airport,Queens
2,2018-10-21 18:56:29,2018-10-21 19:23:57,1,9.68,1,N,1,30.0,0E-9,0.500000000,7.31,5.76,0.300000000,43.87,138,239,18,Sunday,10,138,LaGuardia Airport,Queens
1,2018-04-27 21:36:31,2018-04-27 21:57:03,2,11.6,1,N,2,33.0,0.500000000,0.500000000,0.0,5.76,0.300000000,40.06,138,220,21,Friday,4,138,LaGuardia Airport,Queens
2,2018-06-07 21:09:39,2018-06-07 21:31:49,2,8.42,1,N,1,26.5,0.500000000,0.500000000,8.39,5.76,0.300000000,41.95,138,107,21,Thursday,6,138,LaGuardia Airport,Queens
1,2018-12-12 12:42:57,2018-12-12 12:59:35,1,6.5,1,N,1,21.5,0E-9,0.500000000,4.45,0.0,0.300000000,26.75,138,135,12,Wednesday,12,138,LaGuardia Airport,Queens
2,2018-10-07 20:07:38,2018-10-07 20:25:17,5,8.36,1,N,1,24.0,0.500000000,0.500000000,4.66,5.76,0.300000000,35.72,138,236,20,Sunday,10,138,LaGuardia Airport,Queens
2,2018-12-23 11:45:25,2018-12-23 12:09:46,3,11.06,1,N,1,32.5,0E-9,0.500000000,11.72,5.76,0.300000000,50.78,138,163,11,Sunday,12,138,LaGuardia Airport,Queens
1,2018-03-12 16:27:24,2018-03-12 17:10:13,4,9.2,1,N,1,35.0,1.000000000,0.500000000,10.0,5.76,0.300000000,52.56,138,230,16,Monday,3,138,LaGuardia Airport,Queens
2,2018-05-31 17:34:25,2018-05-31 18:39:57,1,10.5,1,N,1,44.0,1.000000000,0.500000000,10.31,5.76,0.300000000,61.87,138,162,17,Thursday,5,138,LaGuardia Airport,Queens
2,2018-07-22 15:48:31,2018-07-22 16:20:50,1,10.5,1,N,1,33.0,0E-9,0.500000000,5.5,5.76,0.300000000,45.06,138,238,15,Sunday,7,138,LaGuardia Airport,Queens
1,2018-09-06 13:43:13,2018-09-06 14:24:38,1,11.0,1,N,1,37.5,0E-9,0.500000000,8.8,5.76,0.300000000,52.86,138,158,13,Thursday,9,138,LaGuardia Airport,Queens
2,2018-07-20 22:28:15,2018-07-20 22:55:58,1,10.31,1,N,1,31.5,0.500000000,0.500000000,6.56,0.0,0.300000000,39.36,138,79,22,Friday,7,138,LaGuardia Airport,Queens
1,2018-08-24 12:34:00,2018-08-24 13:04:55,1,9.8,1,N,1,30.5,0E-9,0.500000000,7.4,5.76,0.300000000,44.46,138,161,12,Friday,8,138,LaGuardia Airport,Queens
2,2018-05-18 15:26:48,2018-05-18 16:43:03,1,13.16,1,N,1,53.0,0E-9,0.500000000,11.91,5.76,0.300000000,71.47,138,209,15,Friday,5,138,LaGuardia Airport,Queens
2,2018-04-09 12:03:05,2018-04-09 12:33:03,6,5.56,1,N,1,23.0,0E-9,0.500000000,4.76,0.0,0.300000000,28.56,146,144,12,Monday,4,146,Long Island City/Queens Plaza,Queens
2,2018-03-31 12:00:35,2018-03-31 12:24:19,1,11.12,1,N,1,32.0,0E-9,0.500000000,6.56,0.0,0.300000000,39.36,138,52,12,Saturday,3,138,LaGuardia Airport,Queens
2,2018-03-20 19:25:17,2018-03-20 20:00:33,1,7.29,1,N,1,27.5,1.000000000,0.500000000,7.32,0.0,0.300000000,36.62,138,162,19,Tuesday,3,138,LaGuardia Airport,Queens
2,2018-01-24 18:32:30,2018-01-24 18:55:05,1,8.65,1,N,1,26.5,1.000000000,0.500000000,6.81,5.76,0.300000000,40.87,138,262,18,Wednesday,1,138,LaGuardia Airport,Queens
1,2018-08-03 08:00:05,2018-08-03 08:51:25,1,16.7,1,N,1,52.5,0E-9,0.500000000,15.0,5.76,0.300000000,74.06,138,13,8,Friday,8,138,LaGuardia Airport,Queens
1,2018-12-28 13:06:36,2018-12-28 13:49:10,1,12.1,1,N,1,40.5,0E-9,0.500000000,9.4,5.76,0.300000000,56.46,138,48,13,Friday,12,138,LaGuardia Airport,Queens
4,2018-11-24 12:31:03,2018-11-24 12:57:09,1,11.44,1,N,1,33.0,0E-9,0.500000000,8.45,0.0,0.300000000,42.25,138,211,12,Saturday,11,138,LaGuardia Airport,Queens
1,2018-12-17 23:10:22,2018-12-17 23:40:05,1,11.5,1,N,1,35.0,0.500000000,0.500000000,7.25,0.0,0.300000000,43.55,138,68,23,Monday,12,138,LaGuardia Airport,Queens
2,2018-10-21 13:22:49,2018-10-21 13:44:56,3,9.87,1,N,1,29.0,0E-9,0.500000000,4.0,0.0,0.300000000,33.8,138,66,13,Sunday,10,138,LaGuardia Airport,Queens
2,2018-09-09 11:54:02,2018-09-09 12:19:15,1,9.74,1,N,1,30.0,0E-9,0.500000000,7.31,5.76,0.300000000,43.87,138,113,11,Sunday,9,138,LaGuardia Airport,Queens
1,2018-12-26 17:17:07,2018-12-26 17:44:09,1,8.7,1,N,1,27.0,1.000000000,0.500000000,6.9,5.76,0.300000000,41.46,138,137,17,Wednesday,12,138,LaGuardia Airport,Queens
2,2018-07-12 20:04:48,2018-07-12 20:19:00,6,8.38,1,N,1,23.5,0.500000000,0.500000000,6.11,5.76,0.300000000,36.67,138,170,20,Thursday,7,138,LaGuardia Airport,Queens
1,2018-02-22 21:31:28,2018-02-22 21:49:48,1,8.3,1,N,1,25.0,0.500000000,0.500000000,6.4,5.76,0.300000000,38.46,138,236,21,Thursday,2,138,LaGuardia Airport,Queens
2,2018-04-08 23:40:00,2018-04-08 23:56:39,2,10.39,1,N,1,29.0,0.500000000,0.500000000,10.82,5.76,0.300000000,46.88,138,233,23,Sunday,4,138,LaGuardia Airport,Queens
2,2018-10-09 09:39:22,2018-10-09 10:20:50,1,7.72,1,N,1,29.5,0E-9,0.500000000,10.82,5.76,0.300000000,46.88,138,162,9,Tuesday,10,138,LaGuardia Airport,Queens
1,2018-07-25 22:20:34,2018-07-25 22:51:35,1,8.4,1,N,1,29.5,0.500000000,0.500000000,7.3,5.76,0.300000000,43.86,138,162,22,Wednesday,7,138,LaGuardia Airport,Queens
1,2018-07-14 10:56:53,2018-07-14 11:15:50,1,9.4,1,N,1,27.0,0E-9,0.500000000,6.7,5.76,0.300000000,40.26,138,141,10,Saturday,7,138,LaGuardia Airport,Queens
2,2018-04-22 21:50:47,2018-04-22 22:25:53,1,16.97,1,N,1,47.0,0.500000000,0.500000000,5.7,0.0,0.300000000,54.0,138,14,21,Sunday,4,138,LaGuardia Airport,Queens
2,2018-03-23 18:20:00,2018-03-23 18:54:14,1,9.09,1,N,1,30.0,1.000000000,0.500000000,7.51,5.76,0.300000000,45.07,138,141,18,Friday,3,138,LaGuardia Airport,Queens
2,2018-05-10 09:31:37,2018-05-10 10:18:32,2,10.74,1,N,1,34.0,0E-9,0.500000000,10.0,5.76,0.300000000,50.56,138,162,9,Thursday,5,138,LaGuardia Airport,Queens
2,2018-07-25 23:10:26,2018-07-25 23:36:15,4,11.09,1,N,1,32.0,0.500000000,0.500000000,9.76,5.76,0.300000000,48.82,138,170,23,Wednesday,7,138,LaGuardia Airport,Queens
2,2018-09-20 16:47:13,2018-09-20 17:41:51,1,9.77,1,N,1,40.0,1.000000000,0.500000000,9.51,5.76,0.300000000,57.07,138,230,16,Thursday,9,138,LaGuardia Airport,Queens
1,2018-06-21 17:40:03,2018-06-21 18:46:05,2,11.4,1,N,1,44.0,1.000000000,0.500000000,10.3,5.76,0.300000000,61.86,138,143,17,Thursday,6,138,LaGuardia Airport,Queens
2,2018-03-15 21:28:23,2018-03-15 21:51:24,1,8.66,1,N,1,26.5,0.500000000,0.500000000,6.71,5.76,0.300000000,40.27,138,100,21,Thursday,3,138,LaGuardia Airport,Queens
1,2018-01-16 17:23:45,2018-01-16 18:11:56,1,9.4,1,N,1,36.0,1.000000000,0.500000000,9.45,0.0,0.300000000,47.25,138,66,17,Tuesday,1,138,LaGuardia Airport,Queens
1,2018-11-02 22:45:13,2018-11-02 23:13:25,1,12.4,1,N,1,36.0,0.500000000,0.500000000,7.45,0.0,0.300000000,44.75,138,261,22,Friday,11,138,LaGuardia Airport,Queens
2,2018-08-15 10:20:52,2018-08-15 10:56:52,1,8.86,1,N,1,31.5,0E-9,0.500000000,7.61,5.76,0.300000000,45.67,138,162,10,Wednesday,8,138,LaGuardia Airport,Queens
2,2018-10-09 18:00:04,2018-10-09 18:53:33,1,9.1,1,N,1,40.0,1.000000000,0.500000000,10.0,5.76,0.300000000,57.56,138,230,18,Tuesday,10,138,LaGuardia Airport,Queens
2,2018-05-21 07:44:36,2018-05-21 08:23:37,1,8.86,1,N,1,32.0,0E-9,0.500000000,9.64,5.76,0.300000000,48.2,138,170,7,Monday,5,138,LaGuardia Airport,Queens
2,2018-02-14 16:09:01,2018-02-14 16:42:47,1,8.79,1,N,1,30.0,1.000000000,0.500000000,9.39,5.76,0.300000000,46.95,138,100,16,Wednesday,2,138,LaGuardia Airport,Queens
2,2018-04-02 13:32:30,2018-04-02 13:54:33,6,9.75,1,N,1,28.5,0E-9,0.500000000,4.4,0.0,0.300000000,33.7,138,79,13,Monday,4,138,LaGuardia Airport,Queens
2,2018-02-23 18:48:22,2018-02-23 19:12:08,3,9.67,1,N,1,28.0,1.000000000,0.500000000,7.45,0.0,0.300000000,37.25,138,98,18,Friday,2,138,LaGuardia Airport,Queens
1,2018-04-03 16:49:53,2018-04-03 17:31:24,1,10.1,1,N,1,33.5,1.000000000,0.500000000,8.2,5.76,0.300000000,49.26,138,142,16,Tuesday,4,138,LaGuardia Airport,Queens
1,2018-04-23 21:56:14,2018-04-23 22:12:20,1,8.4,1,N,1,24.0,0.500000000,0.500000000,6.2,5.76,0.300000000,37.26,138,107,21,Monday,4,138,LaGuardia Airport,Queens
2,2018-02-25 22:23:30,2018-02-25 22:39:07,1,7.65,1,N,1,23.0,0.500000000,0.500000000,4.0,5.76,0.300000000,34.06,138,236,22,Sunday,2,138,LaGuardia Airport,Queens
2,2018-09-01 09:34:30,2018-09-01 09:59:06,1,12.35,1,N,1,35.0,0E-9,0.500000000,8.95,0.0,0.300000000,44.75,138,231,9,Saturday,9,138,LaGuardia Airport,Queens
2,2018-03-04 12:06:22,2018-03-04 12:46:01,1,12.05,1,N,1,40.5,0E-9,0.500000000,8.5,5.76,0.300000000,55.56,138,68,12,Sunday,3,138,LaGuardia Airport,Queens
2,2018-01-07 09:00:45,2018-01-07 09:29:52,2,12.6,1,N,1,36.5,0E-9,0.500000000,8.61,5.76,0.300000000,51.67,138,246,9,Sunday,1,138,LaGuardia Airport,Queens
2,2018-03-25 13:11:51,2018-03-25 13:45:02,1,13.97,1,N,1,40.0,0E-9,0.500000000,8.16,0.0,0.300000000,48.96,138,181,13,Sunday,3,138,LaGuardia Airport,Queens
1,2018-03-16 17:30:07,2018-03-16 18:20:25,6,9.8,1,N,1,34.5,1.000000000,0.500000000,8.4,5.76,0.300000000,50.46,138,141,17,Friday,3,138,LaGuardia Airport,Queens
2,2018-06-15 21:14:39,2018-06-15 21:38:10,2,7.75,1,N,1,24.5,0.500000000,0.500000000,7.89,5.76,0.300000000,39.45,138,170,21,Friday,6,138,LaGuardia Airport,Queens
2,2018-09-21 20:43:25,2018-09-21 21:26:52,3,12.65,1,N,1,41.5,0.500000000,0.500000000,9.71,5.76,0.300000000,58.27,138,45,20,Friday,9,138,LaGuardia Airport,Queens
2,2018-01-17 21:07:49,2018-01-17 21:32:42,6,14.5,1,N,1,39.5,0.500000000,0.500000000,11.58,5.54,0.300000000,57.92,138,261,21,Wednesday,1,138,LaGuardia Airport,Queens
2,2018-02-25 11:49:24,2018-02-25 12:49:25,1,10.73,1,N,1,46.0,0E-9,0.500000000,10.0,5.76,0.300000000,62.56,138,113,11,Sunday,2,138,LaGuardia Airport,Queens
1,2018-05-03 10:57:14,2018-05-03 11:38:22,1,8.1,1,N,1,32.0,0E-9,0.500000000,7.7,5.76,0.300000000,46.26,138,233,10,Thursday,5,138,LaGuardia Airport,Queens
2,2018-09-02 21:38:05,2018-09-02 21:55:33,1,6.94,1,N,1,21.5,0.500000000,0.500000000,5.71,5.76,0.300000000,34.27,138,159,21,Sunday,9,138,LaGuardia Airport,Queens
1,2018-01-18 09:55:47,2018-01-18 10:33:59,1,8.4,1,N,1,31.5,0E-9,0.500000000,9.5,5.76,0.300000000,47.56,138,100,9,Thursday,1,138,LaGuardia Airport,Queens
1,2018-05-03 13:21:25,2018-05-03 14:07:48,1,12.6,1,N,1,41.5,0E-9,0.500000000,6.0,5.76,0.300000000,54.06,138,113,13,Thursday,5,138,LaGuardia Airport,Queens
2,2018-05-03 14:30:18,2018-05-03 15:21:26,2,9.11,1,N,1,36.5,0E-9,0.500000000,8.61,5.76,0.300000000,51.67,138,100,14,Thursday,5,138,LaGuardia Airport,Queens
1,2018-01-10 19:03:23,2018-01-10 19:29:47,1,9.0,1,N,2,29.0,1.000000000,0.500000000,0.0,5.76,0.300000000,36.56,138,236,19,Wednesday,1,138,LaGuardia Airport,Queens
2,2018-12-12 09:10:39,2018-12-12 10:05:34,1,11.57,1,N,2,41.0,0E-9,0.500000000,0.0,5.76,0.300000000,47.56,138,161,9,Wednesday,12,138,LaGuardia Airport,Queens
1,2018-12-22 18:26:58,2018-12-22 19:22:34,1,11.2,1,N,2,43.0,0E-9,0.500000000,0.0,0.0,0.300000000,43.8,135,143,18,Saturday,12,135,Kew Gardens Hills,Queens
2,2018-03-06 21:07:18,2018-03-06 21:43:09,1,10.12,1,N,1,33.5,0.500000000,0.500000000,8.11,5.76,0.300000000,48.67,138,163,21,Tuesday,3,138,LaGuardia Airport,Queens
2,2018-05-04 22:04:56,2018-05-04 22:31:22,6,11.77,1,N,1,33.5,0.500000000,0.500000000,6.96,0.0,0.300000000,41.76,138,211,22,Friday,5,138,LaGuardia Airport,Queens
2,2018-03-30 10:54:06,2018-03-30 11:21:56,1,9.37,1,N,2,31.0,0E-9,0.500000000,0.0,5.76,0.300000000,37.56,138,164,10,Friday,3,138,LaGuardia Airport,Queens
1,2018-03-09 19:05:51,2018-03-09 19:51:05,1,11.6,1,N,1,39.0,1.000000000,0.500000000,0.0,5.76,0.300000000,46.56,138,170,19,Friday,3,138,LaGuardia Airport,Queens
2,2018-05-25 21:38:20,2018-05-25 22:14:30,4,13.9,1,N,1,41.5,0.500000000,0.500000000,9.71,5.76,0.300000000,58.27,138,158,21,Friday,5,138,LaGuardia Airport,Queens
1,2018-05-04 19:42:53,2018-05-04 20:05:26,1,9.5,1,N,1,28.5,1.000000000,0.500000000,7.2,5.76,0.300000000,43.26,138,234,19,Friday,5,138,LaGuardia Airport,Queens
2,2018-10-29 09:32:07,2018-10-29 10:23:31,1,12.4,1,N,1,42.5,0E-9,0.500000000,12.26,5.76,0.300000000,61.32,138,100,9,Monday,10,138,LaGuardia Airport,Queens
1,2018-06-26 09:38:52,2018-06-26 10:05:17,1,6.1,1,N,1,22.0,0E-9,0.500000000,4.0,0.0,0.300000000,26.8,138,145,9,Tuesday,6,138,LaGuardia Airport,Queens
1,2018-03-09 08:16:46,2018-03-09 09:00:01,1,8.8,1,N,2,32.0,0E-9,0.500000000,0.0,5.76,0.300000000,38.56,138,116,8,Friday,3,138,LaGuardia Airport,Queens
2,2018-09-27 13:51:38,2018-09-27 14:35:11,1,10.71,1,N,2,34.0,0E-9,0.500000000,0.0,0.0,0.300000000,34.8,138,33,13,Thursday,9,138,LaGuardia Airport,Queens
1,2018-11-09 19:59:36,2018-11-09 20:21:49,1,7.8,1,N,2,24.0,1.000000000,0.500000000,0.0,5.76,0.300000000,31.56,138,262,19,Friday,11,138,LaGuardia Airport,Queens
1,2018-06-07 21:52:45,2018-06-07 22:33:02,1,32.6,1,N,1,85.0,1.000000000,0.500000000,47.8,0.0,0.300000000,134.6,138,265,21,Thursday,6,138,LaGuardia Airport,Queens
1,2018-01-30 07:31:56,2018-01-30 08:06:47,1,11.5,1,N,1,34.5,0E-9,0.500000000,8.2,5.76,0.300000000,49.26,138,233,7,Tuesday,1,138,LaGuardia Airport,Queens
2,2018-10-19 12:45:35,2018-10-19 13:24:55,1,11.41,1,N,1,36.0,0E-9,0.500000000,7.36,0.0,0.300000000,44.16,138,52,12,Friday,10,138,LaGuardia Airport,Queens
2,2018-08-01 08:56:11,2018-08-01 09:26:13,1,7.94,1,N,1,25.5,0E-9,0.500000000,6.41,5.76,0.300000000,38.47,138,262,8,Wednesday,8,138,LaGuardia Airport,Queens
2,2018-12-11 16:42:31,2018-12-11 17:33:20,1,9.73,1,N,1,36.5,1.000000000,0.500000000,8.81,5.76,0.300000000,52.87,138,90,16,Tuesday,12,138,LaGuardia Airport,Queens
2,2018-02-19 18:35:57,2018-02-19 19:00:35,3,9.09,1,N,1,28.0,1.000000000,0.500000000,7.45,0.0,0.300000000,37.25,138,229,18,Monday,2,138,LaGuardia Airport,Queens
2,2018-01-21 16:43:13,2018-01-21 17:31:21,1,11.35,1,N,1,38.5,0E-9,0.500000000,11.21,5.54,0.300000000,56.05,138,142,16,Sunday,1,138,LaGuardia Airport,Queens
2,2018-12-12 13:49:29,2018-12-12 14:25:43,1,10.23,1,N,1,34.0,0E-9,0.500000000,8.11,5.76,0.300000000,48.67,138,234,13,Wednesday,12,138,LaGuardia Airport,Queens
1,2018-07-07 10:45:12,2018-07-07 11:06:26,4,9.2,1,N,1,27.5,0E-9,0.500000000,8.5,5.76,0.300000000,42.56,138,163,10,Saturday,7,138,LaGuardia Airport,Queens
2,2018-01-12 15:53:23,2018-01-12 16:37:22,1,10.67,1,N,1,35.5,0E-9,0.500000000,12.62,5.76,0.300000000,54.68,138,143,15,Friday,1,138,LaGuardia Airport,Queens
2,2018-12-27 16:39:08,2018-12-27 17:15:12,2,10.25,1,N,1,33.0,1.000000000,0.500000000,10.14,5.76,0.300000000,50.7,138,249,16,Thursday,12,138,LaGuardia Airport,Queens
2,2018-01-31 11:16:39,2018-01-31 11:51:31,2,10.22,1,N,1,34.5,0E-9,0.500000000,8.21,5.76,0.300000000,49.27,138,142,11,Wednesday,1,138,LaGuardia Airport,Queens
1,2018-03-22 19:22:17,2018-03-22 19:45:07,1,11.7,1,N,1,33.0,1.000000000,0.500000000,8.1,5.76,0.300000000,48.66,138,107,19,Thursday,3,138,LaGuardia Airport,Queens
2,2018-07-23 00:53:41,2018-07-23 01:06:52,5,7.97,1,N,1,22.5,0.500000000,0.500000000,5.91,5.76,0.300000000,35.47,138,75,0,Monday,7,138,LaGuardia Airport,Queens
2,2018-11-09 09:44:37,2018-11-09 10:23:30,2,3.18,1,N,1,23.0,0E-9,0.500000000,4.76,0.0,0.300000000,28.56,146,230,9,Friday,11,146,Long Island City/Queens Plaza,Queens
2,2018-04-09 20:40:36,2018-04-09 21:03:55,1,15.61,1,N,1,42.0,0.500000000,0.500000000,14.72,5.76,0.300000000,63.78,138,88,20,Monday,4,138,LaGuardia Airport,Queens
2,2018-10-22 14:36:48,2018-10-22 14:58:45,1,9.11,1,N,1,27.5,0E-9,0.500000000,6.81,5.76,0.300000000,40.87,138,137,14,Monday,10,138,LaGuardia Airport,Queens
2,2018-09-28 20:25:55,2018-09-28 20:47:00,2,11.77,1,N,1,32.0,0.500000000,0.500000000,9.99,0.0,0.300000000,43.29,138,132,20,Friday,9,138,LaGuardia Airport,Queens
2,2018-04-20 13:10:55,2018-04-20 13:44:48,1,8.78,1,N,1,32.0,0E-9,0.500000000,7.71,5.76,0.300000000,46.27,138,100,13,Friday,4,138,LaGuardia Airport,Queens
2,2018-07-12 17:20:13,2018-07-12 17:52:51,1,9.61,1,N,1,30.0,1.000000000,0.500000000,7.51,5.76,0.300000000,45.07,138,238,17,Thursday,7,138,LaGuardia Airport,Queens
2,2018-02-03 09:03:13,2018-02-03 09:29:33,2,11.1,1,N,1,32.5,0E-9,0.500000000,8.0,5.76,0.300000000,47.06,138,161,9,Saturday,2,138,LaGuardia Airport,Queens
2,2018-10-08 22:35:11,2018-10-08 22:55:14,1,7.01,1,N,1,22.5,0.500000000,0.500000000,4.76,0.0,0.300000000,28.56,138,237,22,Monday,10,138,LaGuardia Airport,Queens
2,2018-11-03 17:36:26,2018-11-03 18:14:55,3,8.8,1,N,1,31.5,0E-9,0.500000000,9.52,5.76,0.300000000,47.58,138,113,17,Saturday,11,138,LaGuardia Airport,Queens
2,2018-03-14 19:33:37,2018-03-14 19:56:12,2,11.0,1,N,1,32.0,1.000000000,0.500000000,7.91,5.76,0.300000000,47.47,138,170,19,Wednesday,3,138,LaGuardia Airport,Queens
1,2018-06-13 14:03:17,2018-06-13 14:42:05,1,11.4,1,N,1,35.0,0E-9,0.500000000,8.95,0.0,0.300000000,44.75,138,211,14,Wednesday,6,138,LaGuardia Airport,Queens
2,2018-04-09 07:32:34,2018-04-09 08:02:39,1,8.77,1,N,1,27.0,0E-9,0.500000000,6.71,5.76,0.300000000,40.27,138,170,7,Monday,4,138,LaGuardia Airport,Queens
2,2018-08-13 21:20:18,2018-08-13 21:43:32,1,10.05,1,N,1,29.5,0.500000000,0.500000000,7.31,5.76,0.300000000,43.87,138,68,21,Monday,8,138,LaGuardia Airport,Queens
1,2018-04-29 16:24:23,2018-04-29 16:48:36,1,9.0,1,N,1,27.5,0E-9,0.500000000,6.8,5.76,0.300000000,40.86,138,113,16,Sunday,4,138,LaGuardia Airport,Queens
2,2018-11-11 21:08:10,2018-11-11 21:35:29,5,14.36,1,N,1,40.0,0.500000000,0.500000000,9.41,5.76,0.300000000,56.47,138,87,21,Sunday,11,138,LaGuardia Airport,Queens
2,2018-06-19 17:08:38,2018-06-19 17:51:01,1,8.89,1,N,1,32.5,1.000000000,0.500000000,12.02,5.76,0.300000000,52.08,138,237,17,Tuesday,6,138,LaGuardia Airport,Queens
2,2018-10-23 09:43:33,2018-10-23 10:23:41,1,8.58,1,N,1,31.5,0E-9,0.500000000,9.52,5.76,0.300000000,47.58,138,233,9,Tuesday,10,138,LaGuardia Airport,Queens
1,2018-09-27 10:07:55,2018-09-27 10:47:39,1,8.8,1,N,1,31.0,0E-9,0.500000000,5.0,5.76,0.300000000,42.56,138,238,10,Thursday,9,138,LaGuardia Airport,Queens
2,2018-12-04 19:47:19,2018-12-04 20:25:10,1,11.57,1,N,1,38.0,1.000000000,0.500000000,5.0,5.76,0.300000000,50.56,138,163,19,Tuesday,12,138,LaGuardia Airport,Queens
1,2018-04-16 11:33:57,2018-04-16 12:14:27,1,15.3,1,N,1,45.0,0E-9,0.500000000,5.0,5.76,0.300000000,56.56,138,230,11,Monday,4,138,LaGuardia Airport,Queens
1,2018-07-15 23:03:53,2018-07-15 23:20:46,1,8.7,1,N,1,25.0,0.500000000,0.500000000,6.4,5.76,0.300000000,38.46,138,164,23,Sunday,7,138,LaGuardia Airport,Queens
1,2018-06-21 19:15:06,2018-06-21 20:00:39,1,9.2,1,N,1,34.0,1.000000000,0.500000000,6.0,5.76,0.300000000,47.56,138,243,19,Thursday,6,138,LaGuardia Airport,Queens
2,2018-03-14 21:19:13,2018-03-14 21:36:30,1,8.38,1,N,1,24.0,0.500000000,0.500000000,6.21,5.76,0.300000000,37.27,138,262,21,Wednesday,3,138,LaGuardia Airport,Queens
1,2018-07-16 08:34:31,2018-07-16 09:39:20,1,10.2,1,N,1,41.0,0E-9,0.500000000,14.25,5.76,0.300000000,61.81,138,161,8,Monday,7,138,LaGuardia Airport,Queens
2,2018-12-07 17:28:51,2018-12-07 18:18:45,2,10.17,1,N,1,39.0,1.000000000,0.500000000,9.31,5.76,0.300000000,55.87,138,237,17,Friday,12,138,LaGuardia Airport,Queens
2,2018-06-26 00:59:37,2018-06-26 01:27:05,1,16.57,4,N,1,50.0,0.500000000,0.500000000,5.0,0.0,0.300000000,56.3,138,86,0,Tuesday,6,138,LaGuardia Airport,Queens
1,2018-10-08 07:23:40,2018-10-08 07:53:02,2,9.2,1,N,1,28.5,0E-9,0.500000000,7.3,0.0,0.300000000,36.6,138,49,7,Monday,10,138,LaGuardia Airport,Queens
1,2018-01-26 11:00:16,2018-01-26 11:25:55,1,9.0,1,N,1,28.5,0E-9,0.500000000,8.75,5.76,0.300000000,43.81,138,162,11,Friday,1,138,LaGuardia Airport,Queens
1,2018-08-15 08:26:43,2018-08-15 09:01:44,1,9.5,1,N,1,29.5,0E-9,0.500000000,7.2,5.76,0.300000000,43.26,138,141,8,Wednesday,8,138,LaGuardia Airport,Queens
1,2018-01-15 16:20:35,2018-01-15 16:49:06,3,7.5,1,N,1,26.5,0E-9,0.500000000,8.25,5.76,0.300000000,41.31,138,152,16,Monday,1,138,LaGuardia Airport,Queens
1,2018-06-15 15:31:10,2018-06-15 16:38:27,1,8.1,1,N,1,42.0,0E-9,0.500000000,4.0,0.0,0.300000000,46.8,138,163,15,Friday,6,138,LaGuardia Airport,Queens
2,2018-12-30 21:58:36,2018-12-30 22:22:26,2,9.59,1,N,1,29.5,0.500000000,0.500000000,7.31,5.76,0.300000000,43.87,138,239,21,Sunday,12,138,LaGuardia Airport,Queens
2,2018-06-12 23:51:28,2018-06-13 00:08:35,1,7.24,1,N,1,22.5,0.500000000,0.500000000,4.76,0.0,0.300000000,28.56,138,37,23,Tuesday,6,138,LaGuardia Airport,Queens
2,2018-05-20 14:22:16,2018-05-20 15:11:29,1,11.19,1,N,1,42.5,0E-9,0.500000000,9.81,5.76,0.300000000,58.87,138,163,14,Sunday,5,138,LaGuardia Airport,Queens
2,2018-12-18 13:32:40,2018-12-18 13:52:51,1,6.94,1,N,1,22.0,0E-9,0.500000000,4.56,0.0,0.300000000,27.36,138,146,13,Tuesday,12,138,LaGuardia Airport,Queens
2,2018-02-22 19:52:17,2018-02-22 20:11:04,1,7.8,1,N,1,24.0,1.000000000,0.500000000,5.16,0.0,0.300000000,30.96,138,145,19,Thursday,2,138,LaGuardia Airport,Queens
1,2018-10-03 19:19:12,2018-10-03 19:52:07,1,9.1,1,N,1,29.5,1.000000000,0.500000000,7.4,5.76,0.300000000,44.46,138,151,19,Wednesday,10,138,LaGuardia Airport,Queens
2,2018-08-09 16:20:55,2018-08-09 17:14:53,1,9.82,1,N,1,39.5,1.000000000,0.500000000,11.76,5.76,0.300000000,58.82,138,234,16,Thursday,8,138,LaGuardia Airport,Queens
1,2018-07-29 21:46:31,2018-07-29 22:11:40,1,9.2,1,N,1,28.0,0.500000000,0.500000000,5.85,0.0,0.300000000,35.15,138,148,21,Sunday,7,138,LaGuardia Airport,Queens
1,2018-06-21 16:56:56,2018-06-21 17:51:30,1,10.4,1,N,1,38.5,1.000000000,0.500000000,9.2,5.76,0.300000000,55.26,138,239,16,Thursday,6,138,LaGuardia Airport,Queens
2,2018-04-03 18:59:10,2018-04-03 19:24:20,2,10.22,1,N,1,30.5,1.000000000,0.500000000,7.61,5.76,0.300000000,45.67,138,79,18,Tuesday,4,138,LaGuardia Airport,Queens
1,2018-02-24 15:07:50,2018-02-24 15:54:24,3,10.6,1,N,1,38.0,0E-9,0.500000000,8.91,5.76,0.300000000,53.47,138,90,15,Saturday,2,138,LaGuardia Airport,Queens
1,2018-10-12 12:03:35,2018-10-12 13:01:47,1,11.9,1,N,1,46.5,0E-9,0.500000000,11.75,11.52,0.300000000,70.57,138,48,12,Friday,10,138,LaGuardia Airport,Queens
1,2018-01-15 18:14:11,2018-01-15 18:40:37,1,8.5,1,N,1,26.0,0E-9,0.500000000,6.5,5.76,0.300000000,39.06,138,164,18,Monday,1,138,LaGuardia Airport,Queens
2,2018-04-02 12:26:42,2018-04-02 13:11:58,3,8.27,1,N,1,35.5,0E-9,0.500000000,8.41,5.76,0.300000000,50.47,138,161,12,Monday,4,138,LaGuardia Airport,Queens
1,2018-10-27 00:20:38,2018-10-27 00:41:07,2,12.2,1,N,1,34.0,0.500000000,0.500000000,7.05,0.0,0.300000000,42.35,138,106,0,Saturday,10,138,LaGuardia Airport,Queens
2,2018-05-13 23:28:49,2018-05-13 23:49:19,1,10.42,1,N,1,30.0,0.500000000,0.500000000,7.41,5.76,0.300000000,44.47,138,141,23,Sunday,5,138,LaGuardia Airport,Queens
1,2018-08-31 14:02:25,2018-08-31 14:48:15,1,11.6,1,N,1,38.5,0E-9,0.500000000,7.85,0.0,0.300000000,47.15,138,181,14,Friday,8,138,LaGuardia Airport,Queens
2,2018-09-11 18:18:46,2018-09-11 18:40:09,1,8.28,1,N,1,26.0,1.000000000,0.500000000,8.39,5.76,0.300000000,41.95,138,229,18,Tuesday,9,138,LaGuardia Airport,Queens
2,2018-09-21 18:08:06,2018-09-21 18:57:27,2,9.97,1,N,1,34.5,1.000000000,0.500000000,8.41,5.76,0.300000000,50.47,138,163,18,Friday,9,138,LaGuardia Airport,Queens
1,2018-07-26 20:40:11,2018-07-26 21:21:59,1,17.5,5,N,1,95.0,0E-9,0E-9,20.0,25.76,0.300000000,141.06,138,265,20,Thursday,7,138,LaGuardia Airport,Queens
1,2018-10-26 11:04:01,2018-10-26 11:40:51,1,12.0,1,N,1,38.0,0E-9,0.500000000,8.9,5.76,0.300000000,53.46,138,107,11,Friday,10,138,LaGuardia Airport,Queens
1,2018-05-23 16:44:00,2018-05-23 17:40:46,1,10.8,1,N,1,40.5,1.000000000,0.500000000,9.6,5.76,0.300000000,57.66,138,230,16,Wednesday,5,138,LaGuardia Airport,Queens
2,2018-11-08 09:43:49,2018-11-08 10:23:32,1,8.54,1,N,1,31.0,0E-9,0.500000000,7.51,5.76,0.300000000,45.07,138,170,9,Thursday,11,138,LaGuardia Airport,Queens
2,2018-01-16 13:52:46,2018-01-16 14:17:47,1,9.36,1,N,1,29.5,0E-9,0.500000000,7.21,5.76,0.300000000,43.27,138,233,13,Tuesday,1,138,LaGuardia Airport,Queens
2,2018-05-02 22:26:42,2018-05-02 22:52:27,3,10.35,1,N,1,32.0,0.500000000,0.500000000,7.81,5.76,0.300000000,46.87,138,237,22,Wednesday,5,138,LaGuardia Airport,Queens
2,2018-03-05 18:27:58,2018-03-05 18:53:33,6,9.14,1,N,1,28.5,1.000000000,0.500000000,7.21,5.76,0.300000000,43.27,138,24,18,Monday,3,138,LaGuardia Airport,Queens
2,2018-04-16 22:06:08,2018-04-16 22:23:43,4,8.31,1,N,1,25.0,0.500000000,0.500000000,9.62,5.76,0.300000000,41.68,138,223,22,Monday,4,138,LaGuardia Airport,Queens
1,2018-03-27 10:57:14,2018-03-27 12:12:05,2,11.3,1,N,1,50.5,0E-9,0.500000000,11.4,5.76,0.300000000,68.46,138,163,10,Tuesday,3,138,LaGuardia Airport,Queens
2,2018-05-24 12:18:31,2018-05-24 13:03:03,5,10.64,1,N,1,39.0,0E-9,0.500000000,7.96,0.0,0.300000000,47.76,138,97,12,Thursday,5,138,LaGuardia Airport,Queens
2,2018-02-05 21:12:52,2018-02-05 21:36:45,6,12.3,1,N,1,35.0,0.500000000,0.500000000,6.0,0.0,0.300000000,42.3,138,158,21,Monday,2,138,LaGuardia Airport,Queens
2,2018-06-17 13:34:40,2018-06-17 14:02:00,2,10.74,1,N,1,31.5,0E-9,0.500000000,7.61,5.76,0.300000000,45.67,138,48,13,Sunday,6,138,LaGuardia Airport,Queens
1,2018-03-06 12:28:00,2018-03-06 13:00:42,1,9.0,1,N,1,32.0,0E-9,0.500000000,4.0,5.76,0.300000000,42.56,138,90,12,Tuesday,3,138,LaGuardia Airport,Queens
2,2018-10-07 22:16:51,2018-10-07 22:51:17,1,15.25,1,N,2,43.5,0.500000000,0.500000000,0.0,5.76,0.300000000,50.56,138,87,22,Sunday,10,138,LaGuardia Airport,Queens
2,2018-12-12 15:26:15,2018-12-12 16:04:15,3,8.81,1,N,1,30.0,0E-9,0.500000000,7.7,0.0,0.300000000,38.5,138,34,15,Wednesday,12,138,LaGuardia Airport,Queens
1,2018-12-10 10:45:47,2018-12-10 11:29:32,1,10.8,1,N,1,36.0,0E-9,0.500000000,3.68,0.0,0.300000000,40.48,138,66,10,Monday,12,138,LaGuardia Airport,Queens
1,2018-03-18 22:53:25,2018-03-18 23:11:52,1,10.2,1,N,1,28.5,0.500000000,0.500000000,7.1,5.76,0.300000000,42.66,138,162,22,Sunday,3,138,LaGuardia Airport,Queens
2,2018-05-24 09:04:06,2018-05-24 09:49:38,1,8.53,1,N,1,34.0,0E-9,0.500000000,8.11,5.76,0.300000000,48.67,138,161,9,Thursday,5,138,LaGuardia Airport,Queens
2,2018-10-28 14:13:49,2018-10-28 15:05:26,1,12.62,1,N,1,44.5,0E-9,0.500000000,10.21,5.76,0.300000000,61.27,138,230,14,Sunday,10,138,LaGuardia Airport,Queens
2,2018-03-04 20:53:08,2018-03-04 21:16:07,1,11.96,1,N,1,34.0,0.500000000,0.500000000,8.21,5.76,0.300000000,49.27,138,164,20,Sunday,3,138,LaGuardia Airport,Queens
1,2018-06-25 10:05:19,2018-06-25 10:52:47,1,8.5,1,N,1,33.0,0E-9,0.500000000,7.91,5.76,0.300000000,47.47,138,236,10,Monday,6,138,LaGuardia Airport,Queens
2,2018-12-11 15:06:30,2018-12-11 15:48:34,2,8.58,1,N,1,33.5,0E-9,0.500000000,8.01,5.76,0.300000000,48.07,138,230,15,Tuesday,12,138,LaGuardia Airport,Queens
1,2018-03-18 13:00:21,2018-03-18 13:19:55,1,7.4,1,N,1,22.5,0E-9,0.500000000,4.36,5.76,0.300000000,33.42,138,263,13,Sunday,3,138,LaGuardia Airport,Queens
1,2018-01-09 16:35:32,2018-01-09 17:20:46,1,9.8,1,N,1,35.5,1.000000000,0.500000000,10.75,5.76,0.300000000,53.81,138,234,16,Tuesday,1,138,LaGuardia Airport,Queens
2,2018-05-17 00:59:51,2018-05-17 01:25:30,1,10.62,1,N,1,32.0,0.500000000,0.500000000,7.81,5.76,0.300000000,46.87,138,142,0,Thursday,5,138,LaGuardia Airport,Queens
2,2018-03-05 23:32:53,2018-03-05 23:55:01,1,10.95,1,N,1,31.0,0.500000000,0.500000000,5.71,5.76,0.300000000,43.77,138,233,23,Monday,3,138,LaGuardia Airport,Queens
2,2018-10-17 12:03:53,2018-10-17 12:37:18,1,8.68,1,N,1,30.5,0E-9,0.500000000,6.26,0.0,0.300000000,37.56,138,162,12,Wednesday,10,138,LaGuardia Airport,Queens
2,2018-10-17 10:39:59,2018-10-17 11:07:30,5,8.18,1,N,1,25.5,0E-9,0.500000000,6.41,5.76,0.300000000,38.47,138,75,10,Wednesday,10,138,LaGuardia Airport,Queens
2,2018-12-15 00:36:32,2018-12-15 01:05:24,2,10.03,1,N,1,32.0,0.500000000,0.500000000,7.81,5.76,0.300000000,46.87,138,163,0,Saturday,12,138,LaGuardia Airport,Queens
1,2018-05-07 20:23:35,2018-05-07 20:56:54,1,10.8,1,N,1,34.5,0.500000000,0.500000000,8.3,5.76,0.300000000,49.86,138,142,20,Monday,5,138,LaGuardia Airport,Queens
4,2018-12-21 21:06:00,2018-12-21 21:29:47,1,7.5,1,N,1,24.5,0.500000000,0.500000000,6.31,5.76,0.300000000,37.87,138,166,21,Friday,12,138,LaGuardia Airport,Queens
2,2018-03-09 17:09:45,2018-03-09 17:53:59,5,8.92,1,N,1,32.0,1.000000000,0.500000000,7.91,5.76,0.300000000,47.47,138,141,17,Friday,3,138,LaGuardia Airport,Queens
2,2018-03-12 18:56:50,2018-03-12 19:40:15,1,16.38,1,N,1,47.5,1.000000000,0.500000000,12.32,0.0,0.300000000,61.62,138,89,18,Monday,3,138,LaGuardia Airport,Queens
1,2018-07-19 19:39:10,2018-07-19 20:06:35,1,9.0,1,N,1,29.0,1.000000000,0.500000000,7.3,5.76,0.300000000,43.86,138,230,19,Thursday,7,138,LaGuardia Airport,Queens
1,2018-11-18 23:32:01,2018-11-18 23:47:29,0,8.5,1,N,1,24.5,0.500000000,0.500000000,4.5,5.76,0.300000000,36.06,138,233,23,Sunday,11,138,LaGuardia Airport,Queens
2,2018-10-29 07:27:02,2018-10-29 08:03:07,1,8.67,1,N,1,29.5,0E-9,0.500000000,7.21,5.76,0.300000000,43.27,138,162,7,Monday,10,138,LaGuardia Airport,Queens
1,2018-02-10 20:24:41,2018-02-10 20:58:39,1,10.6,1,N,1,33.5,0.500000000,0.500000000,6.96,0.0,0.300000000,41.76,138,188,20,Saturday,2,138,LaGuardia Airport,Queens
1,2018-12-12 21:42:31,2018-12-12 22:08:30,3,10.2,1,N,1,32.0,0.500000000,0.500000000,6.65,0.0,0.300000000,39.95,138,211,21,Wednesday,12,138,LaGuardia Airport,Queens
1,2018-12-12 23:07:13,2018-12-12 23:25:38,1,9.4,1,N,1,27.5,0.500000000,0.500000000,8.64,0.0,0.300000000,37.44,138,148,23,Wednesday,12,138,LaGuardia Airport,Queens
2,2018-03-30 18:44:17,2018-03-30 19:07:23,1,9.24,1,N,1,28.0,1.000000000,0.500000000,7.11,5.76,0.300000000,42.67,138,141,18,Friday,3,138,LaGuardia Airport,Queens
2,2018-01-22 22:45:13,2018-01-22 23:10:31,5,11.31,1,N,1,33.0,0.500000000,0.500000000,8.01,5.76,0.300000000,48.07,138,161,22,Monday,1,138,LaGuardia Airport,Queens
1,2018-02-12 10:46:33,2018-02-12 11:12:32,1,8.3,1,N,1,27.5,0E-9,0.500000000,6.8,5.76,0.300000000,40.86,138,170,10,Monday,2,138,LaGuardia Airport,Queens
1,2018-09-06 19:12:23,2018-09-06 19:39:04,1,8.8,1,N,1,28.0,1.000000000,0.500000000,7.1,5.76,0.300000000,42.66,138,24,19,Thursday,9,138,LaGuardia Airport,Queens
1,2018-02-12 09:57:48,2018-02-12 10:37:33,1,11.8,1,N,1,39.0,0E-9,0.500000000,9.1,5.76,0.300000000,54.66,138,161,9,Monday,2,138,LaGuardia Airport,Queens
1,2018-10-08 10:58:51,2018-10-08 11:25:14,1,9.5,1,N,1,29.5,0E-9,0.500000000,7.55,0.0,0.300000000,37.85,138,114,10,Monday,10,138,LaGuardia Airport,Queens
2,2018-03-01 14:54:24,2018-03-01 15:29:33,1,10.11,1,N,1,32.0,0E-9,0.500000000,11.57,5.76,0.300000000,50.13,138,141,14,Thursday,3,138,LaGuardia Airport,Queens
1,2018-07-13 09:37:43,2018-07-13 10:03:48,1,6.9,1,N,1,23.5,0E-9,0.500000000,4.85,0.0,0.300000000,29.15,138,112,9,Friday,7,138,LaGuardia Airport,Queens
1,2018-04-20 15:15:12,2018-04-20 16:06:50,2,10.2,1,N,1,38.0,0E-9,0.500000000,8.9,5.76,0.300000000,53.46,138,234,15,Friday,4,138,LaGuardia Airport,Queens
2,2018-04-29 18:53:51,2018-04-29 19:26:25,1,11.07,1,N,1,34.5,0E-9,0.500000000,8.21,5.76,0.300000000,49.27,138,48,18,Sunday,4,138,LaGuardia Airport,Queens
2,2018-03-02 23:08:12,2018-03-02 23:42:10,1,17.95,1,N,1,50.0,0.500000000,0.500000000,10.26,0.0,0.300000000,61.56,138,165,23,Friday,3,138,LaGuardia Airport,Queens
2,2018-11-25 16:08:24,2018-11-25 16:39:55,2,8.74,1,N,1,29.5,0E-9,0.500000000,7.58,0.0,0.300000000,37.88,138,141,16,Sunday,11,138,LaGuardia Airport,Queens
2,2018-05-20 18:10:24,2018-05-20 18:35:53,1,7.66,1,N,1,25.0,0E-9,0.500000000,6.31,5.76,0.300000000,37.87,138,236,18,Sunday,5,138,LaGuardia Airport,Queens
2,2018-03-12 17:36:23,2018-03-12 18:05:30,2,8.8,1,N,1,28.5,1.000000000,0.500000000,7.21,5.76,0.300000000,43.27,138,137,17,Monday,3,138,LaGuardia Airport,Queens
1,2018-09-29 11:58:38,2018-09-29 12:38:14,1,11.4,1,N,1,38.5,0E-9,0.500000000,9.01,5.76,0.300000000,54.07,138,143,11,Saturday,9,138,LaGuardia Airport,Queens
2,2018-03-16 09:06:02,2018-03-16 09:31:24,1,7.59,1,N,1,24.5,0E-9,0.500000000,6.21,5.76,0.300000000,37.27,196,137,9,Friday,3,196,Rego Park,Queens
1,2018-07-26 00:39:08,2018-07-26 00:59:39,1,10.5,1,N,1,30.5,0.500000000,0.500000000,6.35,0.0,0.300000000,38.15,138,125,0,Thursday,7,138,LaGuardia Airport,Queens
1,2018-03-31 18:39:58,2018-03-31 19:24:27,2,11.2,1,N,1,38.0,0E-9,0.500000000,8.9,5.76,0.300000000,53.46,138,230,18,Saturday,3,138,LaGuardia Airport,Queens
2,2018-10-23 14:44:24,2018-10-23 15:23:50,1,8.94,1,N,1,32.0,0E-9,0.500000000,9.64,5.76,0.300000000,48.2,138,234,14,Tuesday,10,138,LaGuardia Airport,Queens
1,2018-04-11 13:03:07,2018-04-11 13:22:28,1,12.3,1,N,1,33.5,0E-9,0.500000000,5.15,0.0,0.300000000,39.45,138,132,13,Wednesday,4,138,LaGuardia Airport,Queens
2,2018-07-23 09:43:01,2018-07-23 10:24:47,1,11.55,1,N,1,36.5,0E-9,0.500000000,6.46,5.76,0.300000000,49.52,138,170,9,Monday,7,138,LaGuardia Airport,Queens
2,2018-01-12 20:02:42,2018-01-12 20:31:02,1,9.59,1,N,1,31.0,0.500000000,0.500000000,7.61,5.76,0.300000000,45.67,138,166,20,Friday,1,138,LaGuardia Airport,Queens
2,2018-11-12 19:59:12,2018-11-12 20:22:05,2,8.51,1,N,1,27.0,0E-9,0.500000000,6.71,5.76,0.300000000,40.27,138,68,19,Monday,11,138,LaGuardia Airport,Queens
1,2018-02-13 21:16:55,2018-02-13 21:44:22,1,10.2,1,N,1,32.0,0.500000000,0.500000000,9.75,5.76,0.300000000,48.81,138,163,21,Tuesday,2,138,LaGuardia Airport,Queens
2,2018-10-01 17:55:49,2018-10-01 18:33:16,1,9.0,1,N,1,33.5,1.000000000,0.500000000,8.21,5.76,0.300000000,49.27,138,48,17,Monday,10,138,LaGuardia Airport,Queens
2,2018-12-19 21:07:36,2018-12-19 21:35:20,1,10.38,1,N,1,31.5,0.500000000,0.500000000,8.2,0.0,0.300000000,41.0,138,114,21,Wednesday,12,138,LaGuardia Airport,Queens
2,2018-01-25 23:41:14,2018-01-26 00:00:54,1,9.88,1,N,1,29.0,0.500000000,0.500000000,7.58,0.0,0.300000000,37.88,138,9,23,Thursday,1,138,LaGuardia Airport,Queens
2,2018-04-22 19:18:03,2018-04-22 19:41:37,6,6.55,1,N,1,22.5,0E-9,0.500000000,5.82,0.0,0.300000000,29.12,138,229,19,Sunday,4,138,LaGuardia Airport,Queens
1,2018-03-23 00:35:20,2018-03-23 00:54:51,1,9.9,1,N,1,28.0,0.500000000,0.500000000,8.75,5.76,0.300000000,43.81,138,107,0,Friday,3,138,LaGuardia Airport,Queens
2,2018-04-12 17:09:03,2018-04-12 18:00:31,1,8.12,1,N,1,32.5,1.000000000,0.500000000,8.01,5.76,0.300000000,48.07,138,263,17,Thursday,4,138,LaGuardia Airport,Queens
1,2018-03-15 16:29:58,2018-03-15 17:08:47,1,8.1,1,N,1,31.0,1.000000000,0.500000000,6.0,5.76,0.300000000,44.56,138,151,16,Thursday,3,138,LaGuardia Airport,Queens
2,2018-04-02 21:13:00,2018-04-02 21:37:43,5,11.85,1,N,1,34.5,0.500000000,0.500000000,7.16,0.0,0.300000000,42.96,138,181,21,Monday,4,138,LaGuardia Airport,Queens
2,2018-02-05 17:48:48,2018-02-05 18:22:53,3,10.03,1,N,1,34.0,1.000000000,0.500000000,10.39,5.76,0.300000000,51.95,138,230,17,Monday,2,138,LaGuardia Airport,Queens
2,2018-05-02 11:49:36,2018-05-02 12:17:28,1,9.86,1,N,1,30.0,0E-9,0.500000000,6.16,0.0,0.300000000,36.96,138,113,11,Wednesday,5,138,LaGuardia Airport,Queens
2,2018-03-25 23:56:51,2018-03-26 00:15:45,1,9.03,1,N,1,26.5,0.500000000,0.500000000,6.71,5.76,0.300000000,40.27,138,151,23,Sunday,3,138,LaGuardia Airport,Queens
1,2018-09-19 11:00:56,2018-09-19 11:27:13,1,10.9,1,N,1,32.5,0E-9,0.500000000,7.8,5.76,0.300000000,46.86,138,161,11,Wednesday,9,138,LaGuardia Airport,Queens
2,2018-01-14 12:22:43,2018-01-14 12:49:32,1,10.78,1,N,1,32.5,0E-9,0.500000000,9.76,5.76,0.300000000,48.82,138,170,12,Sunday,1,138,LaGuardia Airport,Queens
2,2018-02-04 12:50:42,2018-02-04 13:17:45,1,10.78,1,N,1,32.5,0E-9,0.500000000,9.76,5.76,0.300000000,48.82,138,230,12,Sunday,2,138,LaGuardia Airport,Queens
2,2018-12-31 09:17:04,2018-12-31 09:33:08,2,7.11,1,N,1,21.5,0E-9,0.500000000,5.61,5.76,0.300000000,33.67,138,41,9,Monday,12,138,LaGuardia Airport,Queens
1,2018-11-05 22:29:16,2018-11-05 22:50:00,1,7.1,1,N,1,23.0,0.500000000,0.500000000,4.85,0.0,0.300000000,29.15,138,37,22,Monday,11,138,LaGuardia Airport,Queens
2,2018-01-07 12:32:18,2018-01-07 13:03:34,1,10.83,1,N,1,34.5,0E-9,0.500000000,8.21,5.76,0.300000000,49.27,138,143,12,Sunday,1,138,LaGuardia Airport,Queens
2,2018-11-29 13:29:09,2018-11-29 14:19:59,1,10.79,1,N,1,42.0,0E-9,0.500000000,12.14,5.76,0.300000000,60.7,138,161,13,Thursday,11,138,LaGuardia Airport,Queens
1,2018-10-11 22:28:35,2018-10-11 22:52:00,1,9.4,1,N,1,28.5,0.500000000,0.500000000,4.0,5.76,0.300000000,39.56,138,151,22,Thursday,10,138,LaGuardia Airport,Queens
1,2018-04-26 08:51:20,2018-04-26 10:15:53,1,13.4,1,N,1,53.5,0E-9,0.500000000,12.0,5.76,0.300000000,72.06,138,264,8,Thursday,4,138,LaGuardia Airport,Queens
2,2018-11-06 08:40:23,2018-11-06 10:02:02,1,11.96,1,N,1,54.0,0E-9,0.500000000,13.7,0.0,0.300000000,68.5,138,230,8,Tuesday,11,138,LaGuardia Airport,Queens
1,2018-04-16 10:27:45,2018-04-16 11:10:31,1,10.5,1,N,1,36.0,0E-9,0.500000000,6.38,5.76,0.300000000,48.94,138,161,10,Monday,4,138,LaGuardia Airport,Queens
1,2018-10-10 15:37:00,2018-10-10 16:27:17,1,10.1,1,N,1,37.5,0E-9,0.500000000,8.8,5.76,0.300000000,52.86,138,141,15,Wednesday,10,138,LaGuardia Airport,Queens
1,2018-04-02 18:48:44,2018-04-02 19:04:03,1,8.5,1,N,1,24.5,1.000000000,0.500000000,6.4,5.76,0.300000000,38.46,138,137,18,Monday,4,138,LaGuardia Airport,Queens
2,2018-04-03 20:31:26,2018-04-03 20:53:49,3,11.27,1,N,1,33.0,0.500000000,0.500000000,8.58,0.0,0.300000000,42.88,138,25,20,Tuesday,4,138,LaGuardia Airport,Queens
2,2018-12-10 00:15:58,2018-12-10 00:35:29,1,8.91,1,N,1,26.0,0.500000000,0.500000000,4.94,5.76,0.300000000,38.0,138,238,0,Monday,12,138,LaGuardia Airport,Queens
1,2018-10-14 13:04:58,2018-10-14 13:37:46,1,11.1,1,N,1,34.5,0E-9,0.500000000,12.3,5.76,0.300000000,53.36,138,143,13,Sunday,10,138,LaGuardia Airport,Queens
1,2018-05-22 16:51:27,2018-05-22 17:43:26,1,9.6,1,N,1,38.0,1.000000000,0.500000000,9.1,5.76,0.300000000,54.66,138,234,16,Tuesday,5,138,LaGuardia Airport,Queens
2,2018-02-04 17:34:27,2018-02-04 17:59:54,1,7.18,1,N,1,23.5,0E-9,0.500000000,4.86,0.0,0.300000000,29.16,138,233,17,Sunday,2,138,LaGuardia Airport,Queens
2,2018-01-16 19:24:55,2018-01-16 19:47:07,1,9.94,1,N,1,29.5,1.000000000,0.500000000,9.26,5.76,0.300000000,46.32,138,162,19,Tuesday,1,138,LaGuardia Airport,Queens
1,2018-01-16 23:57:19,2018-01-17 00:15:12,2,11.3,1,N,1,31.5,0.500000000,0.500000000,6.0,0.0,0.300000000,38.8,138,52,23,Tuesday,1,138,LaGuardia Airport,Queens
2,2018-09-21 14:16:58,2018-09-21 14:54:05,1,10.8,1,N,1,36.0,0E-9,0.500000000,6.0,5.76,0.300000000,48.56,138,161,14,Friday,9,138,LaGuardia Airport,Queens
1,2018-03-07 21:21:17,2018-03-07 21:38:16,1,8.9,1,N,1,25.0,0.500000000,0.500000000,6.55,0.0,0.300000000,32.85,138,98,21,Wednesday,3,138,LaGuardia Airport,Queens
1,2018-03-05 13:01:03,2018-03-05 13:34:12,3,12.0,1,N,1,38.0,0E-9,0.500000000,8.9,5.76,0.300000000,53.46,138,161,13,Monday,3,138,LaGuardia Airport,Queens
1,2018-09-13 10:16:52,2018-09-13 11:18:55,1,8.2,1,N,1,40.0,0E-9,0.500000000,4.44,5.76,0.300000000,51.0,138,107,10,Thursday,9,138,LaGuardia Airport,Queens
2,2018-07-29 18:04:50,2018-07-29 18:33:13,2,12.27,1,N,1,34.5,0E-9,0.500000000,4.5,0.0,0.300000000,39.8,138,40,18,Sunday,7,138,LaGuardia Airport,Queens
2,2018-03-04 09:00:06,2018-03-05 06:58:29,1,9.76,1,N,1,27.0,0E-9,0.500000000,6.71,5.76,0.300000000,40.27,138,107,9,Sunday,3,138,LaGuardia Airport,Queens
1,2018-10-15 09:53:01,2018-10-15 10:31:04,1,7.9,1,N,1,29.0,0E-9,0.500000000,7.1,5.76,0.300000000,42.66,138,170,9,Monday,10,138,LaGuardia Airport,Queens
2,2018-08-09 08:23:49,2018-08-09 09:06:27,1,18.35,1,N,1,52.5,0E-9,0.500000000,14.76,5.76,0.300000000,73.82,138,265,8,Thursday,8,138,LaGuardia Airport,Queens
2,2018-04-19 10:35:32,2018-04-19 11:07:18,2,9.63,1,N,2,30.5,0E-9,0.500000000,0.0,5.76,0.300000000,37.06,138,237,10,Thursday,4,138,LaGuardia Airport,Queens
2,2018-05-05 16:31:08,2018-05-05 17:23:26,1,12.9,1,N,1,44.0,0E-9,0.500000000,10.11,5.76,0.300000000,60.67,138,90,16,Saturday,5,138,LaGuardia Airport,Queens
1,2018-05-15 11:37:19,2018-05-15 12:33:22,1,10.7,1,N,1,41.5,0E-9,0.500000000,12.0,5.76,0.300000000,60.06,138,161,11,Tuesday,5,138,LaGuardia Airport,Queens
2,2018-02-16 14:21:12,2018-02-16 14:42:20,1,6.72,1,N,1,22.5,0E-9,0.500000000,4.66,0.0,0.300000000,27.96,138,145,14,Friday,2,138,LaGuardia Airport,Queens
2,2018-05-02 13:22:35,2018-05-02 13:52:30,5,10.03,1,N,1,32.0,0E-9,0.500000000,9.64,5.76,0.300000000,48.2,138,162,13,Wednesday,5,138,LaGuardia Airport,Queens
2,2018-03-04 12:03:26,2018-03-04 12:44:26,1,8.63,1,N,1,30.0,0E-9,0.500000000,4.0,0.0,0.300000000,34.8,138,234,12,Sunday,3,138,LaGuardia Airport,Queens
2,2018-10-15 15:16:21,2018-10-15 15:55:26,2,10.09,1,N,1,35.0,0E-9,0.500000000,8.31,5.76,0.300000000,49.87,138,239,15,Monday,10,138,LaGuardia Airport,Queens
2,2018-04-20 01:09:15,2018-04-20 01:29:42,1,12.07,1,N,1,33.5,0.500000000,0.500000000,0.0,5.76,0.300000000,40.56,138,224,1,Friday,4,138,LaGuardia Airport,Queens
2,2018-02-13 08:46:00,2018-02-13 09:44:17,4,10.23,1,N,2,42.0,0E-9,0.500000000,0.0,5.76,0.300000000,48.56,138,230,8,Tuesday,2,138,LaGuardia Airport,Queens
2,2018-03-30 14:05:44,2018-03-30 14:51:16,1,7.2,1,N,1,32.5,0E-9,0.500000000,0.0,0.0,0.300000000,33.3,180,82,14,Friday,3,180,Ozone Park,Queens
1,2018-11-21 16:23:49,2018-11-21 17:11:13,3,9.2,1,N,2,35.0,1.000000000,0.500000000,0.0,5.76,0.300000000,42.56,138,100,16,Wednesday,11,138,LaGuardia Airport,Queens
1,2018-07-11 00:14:24,2018-07-11 00:23:09,1,3.4,1,N,1,11.5,0.500000000,0.500000000,2.55,0.0,0.300000000,15.35,138,223,0,Wednesday,7,138,LaGuardia Airport,Queens
1,2018-04-23 20:44:29,2018-04-23 21:03:35,1,7.9,1,N,1,24.5,0.500000000,0.500000000,5.15,0.0,0.300000000,30.95,138,112,20,Monday,4,138,LaGuardia Airport,Queens
1,2018-01-15 13:46:56,2018-01-15 14:10:42,2,9.0,1,N,1,28.5,0E-9,0.500000000,7.0,5.76,0.300000000,42.06,138,140,13,Monday,1,138,LaGuardia Airport,Queens
2,2018-04-26 14:57:51,2018-04-26 15:35:10,1,8.97,1,N,1,32.0,0E-9,0.500000000,7.71,5.76,0.300000000,46.27,138,141,14,Thursday,4,138,LaGuardia Airport,Queens
2,2018-12-26 07:52:25,2018-12-26 08:16:26,1,12.59,1,N,2,35.5,0E-9,0.500000000,0.0,5.76,0.300000000,42.06,138,79,7,Wednesday,12,138,LaGuardia Airport,Queens
2,2018-01-09 15:08:13,2018-01-09 15:41:21,1,9.87,1,N,1,31.0,0E-9,0.500000000,7.51,5.76,0.300000000,45.07,138,237,15,Tuesday,1,138,LaGuardia Airport,Queens
1,2018-03-09 12:47:40,2018-03-09 13:10:13,1,8.5,1,N,1,26.0,0E-9,0.500000000,6.5,5.76,0.300000000,39.06,138,140,12,Friday,3,138,LaGuardia Airport,Queens
1,2018-12-23 17:43:54,2018-12-23 18:13:10,2,9.6,1,N,2,31.0,0E-9,0.500000000,0.0,5.76,0.300000000,37.56,138,162,17,Sunday,12,138,LaGuardia Airport,Queens
2,2018-12-21 20:01:58,2018-12-21 20:29:18,1,8.85,1,N,1,28.5,0.500000000,0.500000000,7.11,5.76,0.300000000,42.67,138,50,20,Friday,12,138,LaGuardia Airport,Queens
2,2018-01-20 22:40:56,2018-01-20 23:03:55,1,9.52,1,N,2,28.5,0.500000000,0.500000000,0.0,5.76,0.300000000,35.56,138,4,22,Saturday,1,138,LaGuardia Airport,Queens
1,2018-03-18 18:49:55,2018-03-18 19:13:32,1,8.2,1,N,1,26.0,0E-9,0.500000000,6.5,5.76,0.300000000,39.06,138,24,18,Sunday,3,138,LaGuardia Airport,Queens
2,2018-07-10 17:28:34,2018-07-10 18:06:35,1,11.8,1,N,1,37.5,1.000000000,0.500000000,7.5,5.76,0.300000000,52.56,138,143,17,Tuesday,7,138,LaGuardia Airport,Queens
2,2018-01-31 23:03:25,2018-01-31 23:27:29,1,12.04,1,N,1,34.5,0.500000000,0.500000000,7.16,0.0,0.300000000,42.96,138,231,23,Wednesday,1,138,LaGuardia Airport,Queens
2,2018-03-20 17:45:44,2018-03-20 18:27:54,1,9.1,1,N,2,34.0,1.000000000,0.500000000,0.0,5.76,0.300000000,41.56,138,161,17,Tuesday,3,138,LaGuardia Airport,Queens
1,2018-02-12 11:52:53,2018-02-12 12:25:31,2,9.3,1,N,1,32.5,0E-9,0.500000000,5.5,5.76,0.300000000,44.56,138,162,11,Monday,2,138,LaGuardia Airport,Queens
1,2018-08-23 15:08:15,2018-08-23 16:05:57,1,14.4,1,N,1,50.0,0E-9,0.500000000,10.0,0.0,0.300000000,60.8,138,265,15,Thursday,8,138,LaGuardia Airport,Queens
1,2018-06-29 10:41:59,2018-06-29 11:19:55,1,8.1,1,N,1,30.0,0E-9,0.500000000,7.0,5.76,0.300000000,43.56,138,116,10,Friday,6,138,LaGuardia Airport,Queens
2,2018-07-21 11:01:26,2018-07-21 11:20:36,2,10.13,1,N,1,29.5,0E-9,0.500000000,7.21,5.76,0.300000000,43.27,138,161,11,Saturday,7,138,LaGuardia Airport,Queens
2,2018-07-23 07:39:08,2018-07-23 08:18:08,1,9.03,1,N,1,31.0,0E-9,0.500000000,9.39,5.76,0.300000000,46.95,138,162,7,Monday,7,138,LaGuardia Airport,Queens
1,2018-12-24 22:37:12,2018-12-24 22:55:38,1,8.1,1,N,1,24.5,0.500000000,0.500000000,7.7,0.0,0.300000000,33.5,138,229,22,Monday,12,138,LaGuardia Airport,Queens
1,2018-03-09 19:14:17,2018-03-09 20:21:05,1,22.4,1,N,1,64.0,1.000000000,0.500000000,8.5,11.52,0.300000000,85.82,138,245,19,Friday,3,138,LaGuardia Airport,Queens
2,2018-11-19 20:24:23,2018-11-19 20:54:12,5,11.98,1,N,1,36.0,0.500000000,0.500000000,5.5,5.76,0.300000000,48.56,138,143,20,Monday,11,138,LaGuardia Airport,Queens
2,2018-10-19 18:39:26,2018-10-19 19:58:10,1,15.37,1,N,1,54.0,1.000000000,0.500000000,20.0,0.0,0.300000000,75.8,138,85,18,Friday,10,138,LaGuardia Airport,Queens
2,2018-01-22 01:08:42,2018-01-22 01:35:26,2,16.41,1,N,1,45.0,0.500000000,0.500000000,13.89,0.0,0.300000000,60.19,138,89,1,Monday,1,138,LaGuardia Airport,Queens
2,2018-03-28 20:08:42,2018-03-28 20:31:12,1,9.2,1,N,1,28.0,0.500000000,0.500000000,7.01,5.76,0.300000000,42.07,138,100,20,Wednesday,3,138,LaGuardia Airport,Queens
2,2018-08-01 12:14:07,2018-08-01 13:34:31,1,9.16,1,N,1,51.5,0E-9,0.500000000,10.46,0.0,0.300000000,62.76,138,100,12,Wednesday,8,138,LaGuardia Airport,Queens
2,2018-08-01 18:35:44,2018-08-01 18:55:53,1,8.71,1,N,1,26.0,1.000000000,0.500000000,5.8,5.76,0.300000000,39.36,138,137,18,Wednesday,8,138,LaGuardia Airport,Queens
1,2018-06-09 15:42:37,2018-06-09 16:13:32,1,10.6,1,N,1,32.0,0E-9,0.500000000,6.0,0.0,0.300000000,38.8,138,65,15,Saturday,6,138,LaGuardia Airport,Queens
2,2018-06-06 20:51:07,2018-06-06 21:14:35,1,18.07,4,N,1,60.5,0.500000000,0.500000000,8.0,0.0,0.300000000,69.8,138,265,20,Wednesday,6,138,LaGuardia Airport,Queens
1,2018-10-28 18:09:38,2018-10-28 18:51:12,1,8.3,1,N,1,32.0,0E-9,0.500000000,6.55,0.0,0.300000000,39.35,145,152,18,Sunday,10,145,Long Island City/Hunters Point,Queens
2,2018-11-19 07:31:50,2018-11-19 07:56:40,2,8.42,1,N,1,25.5,0E-9,0.500000000,5.05,5.76,0.300000000,37.11,138,170,7,Monday,11,138,LaGuardia Airport,Queens
2,2018-05-06 17:13:22,2018-05-06 17:49:26,5,10.76,1,N,1,32.5,0E-9,0.500000000,9.76,5.76,0.300000000,48.82,138,230,17,Sunday,5,138,LaGuardia Airport,Queens
2,2018-08-12 08:14:09,2018-08-12 08:36:58,4,10.47,1,N,1,30.5,0E-9,0.500000000,7.41,5.76,0.300000000,44.47,138,142,8,Sunday,8,138,LaGuardia Airport,Queens
2,2018-12-03 16:00:53,2018-12-03 16:24:18,1,8.82,1,N,1,26.5,1.000000000,0.500000000,6.81,5.76,0.300000000,40.87,138,141,16,Monday,12,138,LaGuardia Airport,Queens
1,2018-07-24 14:42:40,2018-07-24 15:26:24,1,9.5,1,N,1,37.0,0E-9,0.500000000,11.3,0.0,0.300000000,49.1,138,231,14,Tuesday,7,138,LaGuardia Airport,Queens
1,2018-03-19 14:00:41,2018-03-19 14:31:17,1,9.3,1,N,1,31.0,0E-9,0.500000000,7.5,5.76,0.300000000,45.06,138,230,14,Monday,3,138,LaGuardia Airport,Queens
2,2018-06-19 17:12:15,2018-06-19 18:10:29,1,10.59,1,N,1,42.5,1.000000000,0.500000000,8.86,0.0,0.300000000,53.16,138,87,17,Tuesday,6,138,LaGuardia Airport,Queens
1,2018-03-23 13:46:14,2018-03-23 14:22:23,1,8.8,1,N,1,31.5,0E-9,0.500000000,7.6,5.76,0.300000000,45.66,138,234,13,Friday,3,138,LaGuardia Airport,Queens
1,2018-01-11 19:41:24,2018-01-11 20:11:18,1,10.7,1,N,1,32.5,1.000000000,0.500000000,8.0,5.76,0.300000000,48.06,138,143,19,Thursday,1,138,LaGuardia Airport,Queens
2,2018-02-20 21:51:51,2018-02-20 22:22:59,1,9.75,1,N,1,32.5,0.500000000,0.500000000,9.89,5.76,0.300000000,49.45,138,230,21,Tuesday,2,138,LaGuardia Airport,Queens
2,2018-07-22 19:57:21,2018-07-22 20:20:46,1,9.48,1,N,1,28.0,0.500000000,0.500000000,8.36,12.5,0.300000000,50.16,138,116,19,Sunday,7,138,LaGuardia Airport,Queens
1,2018-06-12 23:21:20,2018-06-12 23:44:56,1,9.6,1,N,1,29.5,0.500000000,0.500000000,2.22,5.76,0.300000000,38.78,138,142,23,Tuesday,6,138,LaGuardia Airport,Queens
1,2018-03-11 17:10:06,2018-03-11 17:39:07,1,8.9,1,N,1,28.0,0E-9,0.500000000,3.46,5.76,0.300000000,38.02,138,236,17,Sunday,3,138,LaGuardia Airport,Queens
2,2018-11-15 10:34:01,2018-11-15 11:22:06,1,13.2,1,N,1,43.0,0E-9,0.500000000,9.91,5.76,0.300000000,59.47,138,246,10,Thursday,11,138,LaGuardia Airport,Queens
1,2018-03-04 00:12:17,2018-03-04 00:32:52,2,9.1,1,N,1,26.5,0.500000000,0.500000000,6.7,5.76,0.300000000,40.26,138,224,0,Sunday,3,138,LaGuardia Airport,Queens
2,2018-12-03 18:42:51,2018-12-03 19:13:23,2,9.29,1,N,1,30.5,1.000000000,0.500000000,7.61,5.76,0.300000000,45.67,138,79,18,Monday,12,138,LaGuardia Airport,Queens
2,2018-02-02 09:12:57,2018-02-02 10:38:40,1,8.87,1,N,1,54.0,0E-9,0.500000000,10.96,0.0,0.300000000,65.76,138,230,9,Friday,2,138,LaGuardia Airport,Queens
1,2018-08-15 12:55:35,2018-08-15 13:29:03,1,12.4,1,N,1,35.5,0E-9,0.500000000,8.4,5.76,0.300000000,50.46,138,4,12,Wednesday,8,138,LaGuardia Airport,Queens
2,2018-08-06 16:48:39,2018-08-06 17:24:32,1,10.64,1,N,1,34.0,1.000000000,0.500000000,9.0,5.76,0.300000000,50.56,138,161,16,Monday,8,138,LaGuardia Airport,Queens
1,2018-03-01 09:57:05,2018-03-01 10:33:43,1,10.5,1,N,1,34.0,0E-9,0.500000000,12.15,5.76,0.300000000,52.71,138,229,9,Thursday,3,138,LaGuardia Airport,Queens
2,2018-03-13 19:25:22,2018-03-13 19:44:18,1,8.37,1,N,1,25.0,1.000000000,0.500000000,4.44,5.76,0.300000000,37.0,138,161,19,Tuesday,3,138,LaGuardia Airport,Queens
1,2018-06-11 08:55:54,2018-06-11 09:49:13,1,10.4,1,Y,1,36.5,0E-9,0.500000000,8.6,5.76,0.300000000,51.66,138,162,8,Monday,6,138,LaGuardia Airport,Queens
2,2018-10-22 09:24:55,2018-10-22 10:13:40,6,10.68,1,N,1,36.0,0E-9,0.500000000,8.51,5.76,0.300000000,51.07,138,162,9,Monday,10,138,LaGuardia Airport,Queens
1,2018-02-21 12:52:06,2018-02-21 13:26:38,2,10.0,1,N,1,34.5,0E-9,0.500000000,10.25,5.76,0.300000000,51.31,138,246,12,Wednesday,2,138,LaGuardia Airport,Queens
1,2018-08-25 14:35:24,2018-08-25 14:58:44,1,10.0,1,N,1,30.0,0E-9,0.500000000,6.15,0.0,0.300000000,36.95,138,224,14,Saturday,8,138,LaGuardia Airport,Queens
2,2018-12-27 20:35:34,2018-12-27 20:58:15,1,13.6,1,N,1,37.0,0.500000000,0.500000000,7.66,0.0,0.300000000,45.96,138,181,20,Thursday,12,138,LaGuardia Airport,Queens
2,2018-08-08 17:40:08,2018-08-08 18:07:02,1,8.18,1,N,1,26.5,1.000000000,0.500000000,5.66,0.0,0.300000000,33.96,138,256,17,Wednesday,8,138,LaGuardia Airport,Queens
2,2018-03-30 09:14:18,2018-03-30 09:46:46,2,10.71,1,N,1,33.0,0E-9,0.500000000,7.91,5.76,0.300000000,47.47,138,162,9,Friday,3,138,LaGuardia Airport,Queens
2,2018-06-12 21:45:29,2018-06-12 22:11:57,1,10.96,1,N,1,33.0,0.500000000,0.500000000,10.02,5.76,0.300000000,50.08,138,230,21,Tuesday,6,138,LaGuardia Airport,Queens
1,2018-04-01 15:31:32,2018-04-01 16:14:23,2,16.8,3,N,1,65.0,0E-9,0E-9,16.7,18.26,0.300000000,100.26,138,265,15,Sunday,4,138,LaGuardia Airport,Queens
2,2018-02-14 16:02:57,2018-02-14 16:42:36,1,10.2,1,N,1,35.0,1.000000000,0.500000000,12.77,5.76,0.300000000,55.33,138,234,16,Wednesday,2,138,LaGuardia Airport,Queens
1,2018-08-15 15:45:46,2018-08-15 16:23:02,1,10.2,1,N,1,33.0,0E-9,0.500000000,7.9,5.76,0.300000000,47.46,138,114,15,Wednesday,8,138,LaGuardia Airport,Queens
1,2018-01-15 08:14:52,2018-01-15 08:37:30,1,11.4,1,N,1,33.5,0E-9,0.500000000,8.0,5.76,0.300000000,48.06,138,100,8,Monday,1,138,LaGuardia Airport,Queens
2,2018-09-10 08:52:15,2018-09-10 09:50:38,1,13.46,1,N,1,49.0,0E-9,0.500000000,10.0,5.76,0.300000000,65.56,138,261,8,Monday,9,138,LaGuardia Airport,Queens
2,2018-09-12 17:07:47,2018-09-12 17:57:18,1,11.09,1,N,1,39.0,1.000000000,0.500000000,13.97,5.76,0.300000000,60.53,138,161,17,Wednesday,9,138,LaGuardia Airport,Queens
2,2018-01-03 13:36:58,2018-01-03 14:06:57,1,8.65,1,N,1,30.5,0E-9,0.500000000,7.41,5.76,0.300000000,44.47,138,162,13,Wednesday,1,138,LaGuardia Airport,Queens
1,2018-12-07 18:49:33,2018-12-07 19:47:35,3,11.6,1,N,1,44.5,1.000000000,0.500000000,10.4,5.76,0.300000000,62.46,138,230,18,Friday,12,138,LaGuardia Airport,Queens
1,2018-05-20 23:20:47,2018-05-20 23:47:01,1,9.1,1,N,1,29.0,0.500000000,0.500000000,7.2,5.76,0.300000000,43.26,138,234,23,Sunday,5,138,LaGuardia Airport,Queens
2,2018-11-26 08:47:08,2018-11-26 09:38:45,5,11.73,1,N,1,43.0,0E-9,0.500000000,9.91,5.76,0.300000000,59.47,138,87,8,Monday,11,138,LaGuardia Airport,Queens
2,2018-04-30 22:51:32,2018-04-30 23:09:16,1,10.48,1,N,1,29.5,0.500000000,0.500000000,7.7,0.0,0.300000000,38.5,138,224,22,Monday,4,138,LaGuardia Airport,Queens
2,2018-10-05 09:48:21,2018-10-05 10:34:50,2,9.59,1,N,1,34.5,0E-9,0.500000000,4.0,5.76,0.300000000,45.06,138,239,9,Friday,10,138,LaGuardia Airport,Queens
1,2018-04-05 18:09:21,2018-04-05 18:51:51,1,10.3,1,N,1,36.5,1.000000000,0.500000000,8.8,5.76,0.300000000,52.86,138,163,18,Thursday,4,138,LaGuardia Airport,Queens
2,2018-03-05 00:02:23,2018-03-05 00:22:09,1,7.49,1,N,1,23.0,0.500000000,0.500000000,6.01,5.76,0.300000000,36.07,138,166,0,Monday,3,138,LaGuardia Airport,Queens
1,2018-11-27 19:38:33,2018-11-27 20:16:14,1,13.1,1,N,1,41.0,1.000000000,0.500000000,9.71,5.76,0.300000000,58.27,138,90,19,Tuesday,11,138,LaGuardia Airport,Queens
2,2018-01-17 09:15:32,2018-01-17 09:56:45,1,9.5,1,N,1,33.5,0E-9,0.500000000,8.01,5.76,0.300000000,48.07,138,234,9,Wednesday,1,138,LaGuardia Airport,Queens
2,2018-03-26 20:27:11,2018-03-26 20:56:20,3,9.18,1,N,1,30.5,0.500000000,0.500000000,9.39,5.76,0.300000000,46.95,138,230,20,Monday,3,138,LaGuardia Airport,Queens
1,2018-02-25 14:43:58,2018-02-25 15:14:44,1,11.3,1,N,1,33.0,0E-9,0.500000000,6.0,0.0,0.300000000,39.8,138,231,14,Sunday,2,138,LaGuardia Airport,Queens
2,2018-08-29 18:19:42,2018-08-29 19:00:31,1,9.58,1,N,1,36.0,1.000000000,0.500000000,6.0,5.76,0.300000000,49.56,138,229,18,Wednesday,8,138,LaGuardia Airport,Queens
2,2018-06-23 21:31:37,2018-06-23 21:52:29,1,11.17,1,N,1,31.5,0.500000000,0.500000000,6.56,0.0,0.300000000,39.36,138,52,21,Saturday,6,138,LaGuardia Airport,Queens
2,2018-08-19 14:37:32,2018-08-19 14:57:19,1,7.63,1,N,1,23.0,0E-9,0.500000000,4.76,0.0,0.300000000,28.56,138,255,14,Sunday,8,138,LaGuardia Airport,Queens
1,2018-05-04 17:22:46,2018-05-04 17:23:05,1,0.2,5,N,1,53.0,0E-9,0E-9,10.65,0.0,0.300000000,63.95,138,138,17,Friday,5,138,LaGuardia Airport,Queens
2,2018-03-25 16:52:53,2018-03-25 17:35:43,1,13.1,1,N,1,40.5,0E-9,0.500000000,6.0,5.54,0.300000000,52.84,138,68,16,Sunday,3,138,LaGuardia Airport,Queens
1,2018-11-06 15:15:37,2018-11-06 15:56:53,1,8.2,1,N,1,32.0,0E-9,0.500000000,6.55,0.0,0.300000000,39.35,138,162,15,Tuesday,11,138,LaGuardia Airport,Queens
1,2018-06-27 16:18:24,2018-06-27 16:53:24,4,9.0,1,N,1,30.0,1.000000000,0.500000000,7.0,5.76,0.300000000,44.56,138,239,16,Wednesday,6,138,LaGuardia Airport,Queens
2,2018-06-05 17:20:29,2018-06-05 18:01:11,1,10.88,1,N,1,36.0,1.000000000,0.500000000,8.71,5.76,0.300000000,52.27,138,230,17,Tuesday,6,138,LaGuardia Airport,Queens
2,2018-10-24 17:20:44,2018-10-24 18:20:04,1,10.98,1,N,2,41.5,1.000000000,0.500000000,0.0,5.76,0.300000000,49.06,138,230,17,Wednesday,10,138,LaGuardia Airport,Queens
2,2018-05-24 23:52:26,2018-05-25 00:08:33,2,8.14,1,N,1,24.5,0.500000000,0.500000000,6.31,5.76,0.300000000,37.87,138,262,23,Thursday,5,138,LaGuardia Airport,Queens
2,2018-10-05 20:17:17,2018-10-05 20:51:16,2,9.11,1,N,1,30.5,0.500000000,0.500000000,6.36,0.0,0.300000000,38.16,138,239,20,Friday,10,138,LaGuardia Airport,Queens
2,2018-09-25 15:34:04,2018-09-25 16:14:15,2,9.42,1,N,1,33.5,0E-9,0.500000000,8.01,5.76,0.300000000,48.07,138,234,15,Tuesday,9,138,LaGuardia Airport,Queens
2,2018-10-14 17:52:38,2018-10-14 18:24:56,1,11.19,1,N,1,33.5,0E-9,0.500000000,8.01,5.76,0.300000000,48.07,138,48,17,Sunday,10,138,LaGuardia Airport,Queens
1,2018-01-09 09:18:18,2018-01-09 10:15:20,1,15.4,1,N,1,47.0,0E-9,0.500000000,10.7,5.76,0.300000000,64.26,138,261,9,Tuesday,1,138,LaGuardia Airport,Queens
2,2018-03-23 14:17:52,2018-03-23 14:55:33,1,9.13,1,N,2,33.0,0E-9,0.500000000,0.0,5.76,0.300000000,39.56,138,233,14,Friday,3,138,LaGuardia Airport,Queens
2,2018-08-21 20:28:19,2018-08-21 20:49:01,1,9.09,1,N,1,27.0,0.500000000,0.500000000,6.81,5.76,0.300000000,40.87,138,43,20,Tuesday,8,138,LaGuardia Airport,Queens
2,2018-06-25 07:51:35,2018-06-25 08:31:38,2,9.06,1,N,1,33.5,0E-9,0.500000000,0.0,5.76,0.300000000,40.06,138,161,7,Monday,6,138,LaGuardia Airport,Queens
2,2018-09-21 17:37:11,2018-09-21 18:19:39,5,10.06,1,N,2,33.0,1.000000000,0.500000000,0.0,5.76,0.300000000,40.56,138,140,17,Friday,9,138,LaGuardia Airport,Queens
2,2018-03-25 16:50:57,2018-03-25 17:16:43,2,9.11,1,N,2,27.0,0E-9,0.500000000,0.0,5.76,0.300000000,33.56,138,236,16,Sunday,3,138,LaGuardia Airport,Queens
1,2018-05-01 20:28:35,2018-05-01 20:49:16,1,8.1,1,N,2,25.0,0.500000000,0.500000000,0.0,5.76,0.300000000,32.06,138,164,20,Tuesday,5,138,LaGuardia Airport,Queens
1,2018-03-14 16:39:55,2018-03-14 18:01:29,1,16.2,1,N,2,57.5,1.000000000,0.500000000,0.0,0.0,0.300000000,59.3,138,257,16,Wednesday,3,138,LaGuardia Airport,Queens
2,2018-03-17 11:34:42,2018-03-17 12:12:33,1,14.4,1,N,2,43.5,0E-9,0.500000000,0.0,0.0,0.300000000,44.3,138,71,11,Saturday,3,138,LaGuardia Airport,Queens
1,2018-11-06 17:10:18,2018-11-06 17:32:31,1,7.9,1,N,2,24.5,0E-9,0.500000000,0.0,5.76,0.300000000,31.06,138,170,17,Tuesday,11,138,LaGuardia Airport,Queens
2,2018-07-05 12:12:15,2018-07-05 12:42:22,1,11.16,1,N,2,34.5,0E-9,0.500000000,0.0,5.76,0.300000000,41.06,138,230,12,Thursday,7,138,LaGuardia Airport,Queens
2,2018-09-12 15:20:00,2018-09-12 15:55:25,1,11.11,1,N,2,33.5,0E-9,0.500000000,0.0,5.76,0.300000000,40.06,138,162,15,Wednesday,9,138,LaGuardia Airport,Queens
1,2018-05-13 20:43:46,2018-05-13 21:03:44,1,7.8,1,N,2,24.0,0.500000000,0.500000000,0.0,5.76,0.300000000,31.06,138,170,20,Sunday,5,138,LaGuardia Airport,Queens
2,2018-03-18 21:23:26,2018-03-18 21:56:05,1,10.9,1,N,1,34.5,0.500000000,0.500000000,5.0,0.0,0.300000000,40.8,138,181,21,Sunday,3,138,LaGuardia Airport,Queens
2,2018-03-30 14:46:15,2018-03-30 15:06:14,1,10.14,1,N,1,28.5,0E-9,0.500000000,5.0,5.76,0.300000000,40.06,138,229,14,Friday,3,138,LaGuardia Airport,Queens
1,2018-02-28 22:06:13,2018-02-28 22:24:28,2,8.0,1,N,1,23.5,0.500000000,0.500000000,5.0,5.76,0.300000000,35.56,138,233,22,Wednesday,2,138,LaGuardia Airport,Queens
2,2018-07-22 23:30:33,2018-07-22 23:48:39,1,8.89,1,N,1,26.5,0.500000000,0.500000000,3.0,0.0,0.300000000,30.8,138,232,23,Sunday,7,138,LaGuardia Airport,Queens
2,2018-07-28 15:04:38,2018-07-28 15:30:42,2,13.82,1,N,1,37.5,0E-9,0.500000000,0.0,5.76,0.300000000,44.06,138,232,15,Saturday,7,138,LaGuardia Airport,Queens
2,2018-11-29 08:53:55,2018-11-29 09:24:22,1,9.89,1,N,1,30.5,0E-9,0.500000000,0.0,5.76,0.300000000,37.06,138,243,8,Thursday,11,138,LaGuardia Airport,Queens
2,2018-03-06 11:38:52,2018-03-06 12:11:35,2,9.35,1,N,2,32.5,0E-9,0.500000000,0.0,0.0,0.300000000,33.3,138,148,11,Tuesday,3,138,LaGuardia Airport,Queens
1,2018-03-28 16:31:59,2018-03-28 17:11:20,1,7.9,1,N,1,28.5,1.000000000,0.500000000,5.0,5.76,0.300000000,41.06,138,24,16,Wednesday,3,138,LaGuardia Airport,Queens
2,2018-08-12 11:22:27,2018-08-12 11:46:22,1,10.02,1,N,1,30.5,0E-9,0.500000000,5.0,5.76,0.300000000,42.06,138,229,11,Sunday,8,138,LaGuardia Airport,Queens
1,2018-09-22 17:13:40,2018-09-22 17:35:08,1,7.7,1,N,1,24.0,0E-9,0.500000000,3.0,5.76,0.300000000,33.56,138,263,17,Saturday,9,138,LaGuardia Airport,Queens
1,2018-04-12 23:18:18,2018-04-12 23:31:38,1,7.4,1,N,1,21.5,0.500000000,0.500000000,5.0,5.76,0.300000000,33.56,138,75,23,Thursday,4,138,LaGuardia Airport,Queens
2,2018-02-03 16:31:42,2018-02-03 16:57:38,1,8.75,1,N,1,26.5,0E-9,0.500000000,5.0,5.76,0.300000000,38.06,138,262,16,Saturday,2,138,LaGuardia Airport,Queens
2,2018-03-25 06:15:03,2018-03-25 06:24:47,1,4.16,2,N,1,52.0,0E-9,0.500000000,11.71,5.76,0.300000000,70.27,145,68,6,Sunday,3,145,Long Island City/Hunters Point,Queens
2,2018-11-29 20:03:56,2018-11-29 20:20:45,1,4.76,1,N,2,16.5,0.500000000,0.500000000,0.0,0.0,0.300000000,17.8,138,226,20,Thursday,11,138,LaGuardia Airport,Queens
2,2018-01-10 09:07:59,2018-01-10 09:09:19,1,0.2,1,N,2,3.0,0E-9,0.500000000,0.0,0.0,0.300000000,3.8,138,138,9,Wednesday,1,138,LaGuardia Airport,Queens
1,2018-10-17 19:09:07,2018-10-17 19:41:27,4,9.5,1,N,1,32.5,1.000000000,0.500000000,8.0,5.76,0.300000000,48.06,138,230,19,Wednesday,10,138,LaGuardia Airport,Queens
2,2018-03-20 20:08:05,2018-03-20 20:37:28,5,10.36,1,N,1,32.0,0.500000000,0.500000000,7.0,5.76,0.300000000,46.06,138,142,20,Tuesday,3,138,LaGuardia Airport,Queens
2,2018-11-18 23:27:19,2018-11-18 23:45:07,1,9.66,1,N,1,27.5,0.500000000,0.500000000,6.91,5.76,0.300000000,41.47,138,140,23,Sunday,11,138,LaGuardia Airport,Queens
1,2018-12-12 20:57:02,2018-12-12 21:27:43,1,11.4,1,N,1,34.5,0.500000000,0.500000000,8.3,5.76,0.300000000,49.86,138,143,20,Wednesday,12,138,LaGuardia Airport,Queens
1,2018-03-09 17:32:35,2018-03-09 18:24:48,2,9.5,1,N,2,36.0,1.000000000,0.500000000,0.0,5.76,0.300000000,43.56,138,244,17,Friday,3,138,LaGuardia Airport,Queens
1,2018-03-12 08:48:11,2018-03-12 09:31:46,1,8.5,1,N,1,32.5,0E-9,0.500000000,0.0,5.76,0.300000000,39.06,138,161,8,Monday,3,138,LaGuardia Airport,Queens
2,2018-10-28 23:42:07,2018-10-29 00:04:17,1,10.52,1,N,1,31.0,0.500000000,0.500000000,7.61,5.76,0.300000000,45.67,138,162,23,Sunday,10,138,LaGuardia Airport,Queens
2,2018-11-08 18:26:32,2018-11-08 19:00:26,1,8.1,1,N,1,28.5,1.000000000,0.500000000,9.02,5.76,0.300000000,45.08,138,238,18,Thursday,11,138,LaGuardia Airport,Queens
2,2018-07-08 12:27:04,2018-07-08 12:49:01,6,8.71,1,N,1,26.5,0E-9,0.500000000,6.61,5.76,0.300000000,39.67,138,100,12,Sunday,7,138,LaGuardia Airport,Queens
1,2018-04-19 18:56:50,2018-04-19 19:48:04,2,23.4,1,N,3,64.0,1.000000000,0.500000000,0.0,18.75,0.300000000,84.55,138,265,18,Thursday,4,138,LaGuardia Airport,Queens
2,2018-03-19 14:10:39,2018-03-19 14:34:15,2,8.43,1,N,1,27.5,0E-9,0.500000000,6.81,5.76,0.300000000,40.87,138,166,14,Monday,3,138,LaGuardia Airport,Queens
1,2018-04-08 16:32:00,2018-04-08 17:11:05,1,10.4,1,N,1,35.5,0E-9,0.500000000,7.25,0.0,0.300000000,43.55,138,4,16,Sunday,4,138,LaGuardia Airport,Queens
2,2018-04-27 19:44:33,2018-04-27 20:22:31,1,12.76,1,N,1,38.5,1.000000000,0.500000000,10.08,0.0,0.300000000,50.38,138,40,19,Friday,4,138,LaGuardia Airport,Queens
1,2018-01-31 14:54:52,2018-01-31 15:28:30,1,10.6,1,N,1,33.0,0E-9,0.500000000,5.44,5.76,0.300000000,45.0,138,161,14,Wednesday,1,138,LaGuardia Airport,Queens
2,2018-01-31 10:47:32,2018-01-31 11:22:45,2,15.29,1,N,1,42.5,0E-9,0.500000000,14.72,5.76,0.300000000,63.78,138,88,10,Wednesday,1,138,LaGuardia Airport,Queens
1,2018-03-19 16:27:17,2018-03-19 17:01:47,1,9.6,1,N,1,31.0,1.000000000,0.500000000,6.55,0.0,0.300000000,39.35,138,144,16,Monday,3,138,LaGuardia Airport,Queens
2,2018-01-12 18:05:29,2018-01-12 18:41:14,4,7.94,1,N,1,27.5,1.000000000,0.500000000,7.01,5.76,0.300000000,42.07,138,263,18,Friday,1,138,LaGuardia Airport,Queens
2,2018-02-09 09:09:30,2018-02-09 09:37:37,1,7.12,1,N,1,24.0,0E-9,0.500000000,6.11,5.76,0.300000000,36.67,138,75,9,Friday,2,138,LaGuardia Airport,Queens
2,2018-06-06 21:13:34,2018-06-06 21:30:01,4,9.74,1,N,1,28.0,0.500000000,0.500000000,7.01,5.76,0.300000000,42.07,138,229,21,Wednesday,6,138,LaGuardia Airport,Queens
2,2018-03-08 19:13:15,2018-03-08 19:43:21,4,8.26,1,N,1,28.5,1.000000000,0.500000000,6.06,0.0,0.300000000,36.36,138,255,19,Thursday,3,138,LaGuardia Airport,Queens
2,2018-08-24 22:02:20,2018-08-24 22:26:50,1,11.08,1,N,1,32.5,0.500000000,0.500000000,6.76,0.0,0.300000000,40.56,138,181,22,Friday,8,138,LaGuardia Airport,Queens
2,2018-12-12 17:03:17,2018-12-12 17:37:52,1,8.15,1,N,1,29.0,1.000000000,0.500000000,7.31,5.76,0.300000000,43.87,138,152,17,Wednesday,12,138,LaGuardia Airport,Queens
1,2018-04-18 23:26:38,2018-04-18 23:49:05,1,9.4,1,N,1,28.5,0.500000000,0.500000000,7.11,5.76,0.300000000,42.67,138,113,23,Wednesday,4,138,LaGuardia Airport,Queens
2,2018-11-20 19:01:56,2018-11-20 19:44:01,5,10.8,1,N,1,36.5,1.000000000,0.500000000,8.81,5.76,0.300000000,52.87,138,48,19,Tuesday,11,138,LaGuardia Airport,Queens
1,2018-12-12 16:54:44,2018-12-12 17:47:01,1,13.4,1,N,1,45.0,1.000000000,0.500000000,10.5,5.76,0.300000000,63.06,138,88,16,Wednesday,12,138,LaGuardia Airport,Queens
2,2018-11-09 15:40:13,2018-11-09 16:59:39,1,9.06,1,N,1,50.0,0E-9,0.500000000,11.31,5.76,0.300000000,67.87,138,68,15,Friday,11,138,LaGuardia Airport,Queens
1,2018-10-08 12:33:36,2018-10-08 13:02:07,2,10.6,1,N,1,32.0,0E-9,0.500000000,4.92,0.0,0.300000000,37.72,138,113,12,Monday,10,138,LaGuardia Airport,Queens
2,2018-01-25 09:10:15,2018-01-25 09:48:52,1,9.88,1,N,1,32.0,0E-9,0.500000000,6.56,0.0,0.300000000,39.36,138,65,9,Thursday,1,138,LaGuardia Airport,Queens
1,2018-03-01 08:19:19,2018-03-01 08:59:12,2,8.4,1,N,1,31.0,0E-9,0.500000000,7.5,5.76,0.300000000,45.06,138,233,8,Thursday,3,138,LaGuardia Airport,Queens
1,2018-12-04 17:15:22,2018-12-04 18:10:56,1,10.8,1,N,1,40.5,1.000000000,0.500000000,8.45,0.0,0.300000000,50.75,138,113,17,Tuesday,12,138,LaGuardia Airport,Queens
1,2018-01-23 22:37:43,2018-01-23 22:59:25,1,12.1,1,N,1,34.5,0.500000000,0.500000000,7.15,0.0,0.300000000,42.95,138,52,22,Tuesday,1,138,LaGuardia Airport,Queens
1,2018-10-21 15:12:31,2018-10-21 15:36:52,3,8.2,1,N,1,25.5,0E-9,0.500000000,4.81,5.76,0.300000000,36.87,138,43,15,Sunday,10,138,LaGuardia Airport,Queens
2,2018-07-11 08:53:40,2018-07-11 09:34:18,4,15.29,1,N,1,46.0,0E-9,0.500000000,10.51,5.76,0.300000000,63.07,138,87,8,Wednesday,7,138,LaGuardia Airport,Queens
1,2018-07-12 20:49:57,2018-07-12 21:14:38,1,14.8,1,N,1,39.5,0.500000000,0.500000000,9.31,5.76,0.300000000,55.87,138,87,20,Thursday,7,138,LaGuardia Airport,Queens
2,2018-03-19 18:46:08,2018-03-19 19:17:50,1,11.63,1,N,1,36.0,1.000000000,0.500000000,8.71,5.76,0.300000000,52.27,138,48,18,Monday,3,138,LaGuardia Airport,Queens
2,2018-01-22 16:36:05,2018-01-22 16:56:17,1,7.66,1,N,1,24.0,1.000000000,0.500000000,6.31,5.76,0.300000000,37.87,138,170,16,Monday,1,138,LaGuardia Airport,Queens
2,2018-01-01 16:38:43,2018-01-01 17:19:32,1,14.88,1,N,1,45.0,0E-9,0.500000000,9.16,0.0,0.300000000,54.96,138,61,16,Monday,1,138,LaGuardia Airport,Queens
2,2018-01-01 20:30:40,2018-01-01 20:47:37,1,8.12,1,N,1,24.5,0.500000000,0.500000000,5.16,0.0,0.300000000,30.96,138,255,20,Monday,1,138,LaGuardia Airport,Queens
1,2018-08-12 17:33:37,2018-08-12 18:04:25,1,12.4,1,N,1,36.0,0E-9,0.500000000,8.5,5.76,0.300000000,51.06,138,88,17,Sunday,8,138,LaGuardia Airport,Queens
1,2018-07-21 19:44:05,2018-07-21 20:12:54,1,10.5,1,N,1,32.0,0E-9,0.500000000,6.55,0.0,0.300000000,39.35,138,143,19,Saturday,7,138,LaGuardia Airport,Queens
1,2018-02-12 15:27:25,2018-02-12 15:48:28,2,8.8,1,N,1,27.0,0E-9,0.500000000,6.7,5.76,0.300000000,40.26,138,170,15,Monday,2,138,LaGuardia Airport,Queens
2,2018-05-18 17:03:26,2018-05-18 18:05:49,2,8.5,1,N,1,40.0,1.000000000,0.500000000,9.51,5.76,0.300000000,57.07,138,100,17,Friday,5,138,LaGuardia Airport,Queens
2,2018-02-22 10:19:38,2018-02-22 11:04:21,1,11.26,1,N,1,39.5,0E-9,0.500000000,9.21,5.76,0.300000000,55.27,138,161,10,Thursday,2,138,LaGuardia Airport,Queens
2,2018-03-14 08:20:41,2018-03-14 08:20:55,2,0.1,5,N,1,52.25,0E-9,0E-9,10.51,0.0,0.300000000,63.06,138,138,8,Wednesday,3,138,LaGuardia Airport,Queens
2,2018-05-09 18:50:28,2018-05-09 19:23:22,1,9.23,1,N,1,31.0,1.000000000,0.500000000,7.71,5.76,0.300000000,46.27,138,151,18,Wednesday,5,138,LaGuardia Airport,Queens
2,2018-03-13 09:47:36,2018-03-13 10:13:56,2,8.16,1,N,1,26.5,0E-9,0.500000000,6.61,5.76,0.300000000,39.67,138,137,9,Tuesday,3,138,LaGuardia Airport,Queens
2,2018-05-09 09:23:50,2018-05-09 10:02:16,1,27.63,1,N,1,72.0,0E-9,0.500000000,19.64,5.76,0.300000000,98.2,138,265,9,Wednesday,5,138,LaGuardia Airport,Queens
2,2018-03-31 10:52:41,2018-03-31 11:23:49,1,14.72,1,N,1,42.0,0E-9,0.500000000,9.71,5.76,0.300000000,58.27,138,261,10,Saturday,3,138,LaGuardia Airport,Queens
1,2018-06-13 12:08:08,2018-06-13 12:44:22,1,9.1,1,N,1,32.0,0E-9,0.500000000,6.55,0.0,0.300000000,39.35,138,263,12,Wednesday,6,138,LaGuardia Airport,Queens
1,2018-10-01 23:05:52,2018-10-01 23:27:48,0,10.8,1,N,1,31.0,0.500000000,0.500000000,7.6,5.76,0.300000000,45.66,138,230,23,Monday,10,138,LaGuardia Airport,Queens
2,2018-03-16 23:57:13,2018-03-17 00:14:36,1,8.48,1,N,1,25.0,0.500000000,0.500000000,6.41,5.76,0.300000000,38.47,138,233,23,Friday,3,138,LaGuardia Airport,Queens
1,2018-09-30 20:10:30,2018-09-30 20:35:23,2,10.1,1,N,1,30.0,0.500000000,0.500000000,7.4,5.76,0.300000000,44.46,138,161,20,Sunday,9,138,LaGuardia Airport,Queens
1,2018-08-06 10:11:09,2018-08-06 10:57:39,4,8.9,1,N,1,35.5,0E-9,0.500000000,8.4,5.76,0.300000000,50.46,138,164,10,Monday,8,138,LaGuardia Airport,Queens
1,2018-08-25 14:38:15,2018-08-25 15:07:29,1,9.2,1,N,1,31.0,0E-9,0.500000000,7.5,5.76,0.300000000,45.06,138,48,14,Saturday,8,138,LaGuardia Airport,Queens
2,2018-05-21 19:25:33,2018-05-21 19:46:15,1,8.79,1,N,1,26.5,1.000000000,0.500000000,10.22,5.76,0.300000000,44.28,138,230,19,Monday,5,138,LaGuardia Airport,Queens
1,2018-12-05 09:28:41,2018-12-05 10:38:30,0,11.2,1,N,1,46.5,0E-9,0.500000000,10.6,5.76,0.300000000,63.66,138,230,9,Wednesday,12,138,LaGuardia Airport,Queens
2,2018-10-25 19:11:24,2018-10-25 19:59:50,3,9.61,1,N,1,37.5,1.000000000,0.500000000,7.86,0.0,0.300000000,47.16,138,181,19,Thursday,10,138,LaGuardia Airport,Queens
2,2018-03-03 11:48:53,2018-03-03 12:13:02,2,9.31,1,N,1,28.0,0E-9,0.500000000,5.76,0.0,0.300000000,34.56,138,49,11,Saturday,3,138,LaGuardia Airport,Queens
1,2018-07-27 21:20:23,2018-07-27 21:38:03,1,7.5,1,N,1,22.5,0.500000000,0.500000000,4.75,0.0,0.300000000,28.55,138,112,21,Friday,7,138,LaGuardia Airport,Queens
2,2018-05-20 13:43:36,2018-05-20 14:40:59,1,11.32,1,N,1,45.5,0E-9,0.500000000,15.62,5.76,0.300000000,67.68,138,230,13,Sunday,5,138,LaGuardia Airport,Queens
2,2018-11-04 22:01:36,2018-11-04 22:23:58,1,8.94,1,N,1,27.0,0.500000000,0.500000000,10.22,5.76,0.300000000,44.28,138,79,22,Sunday,11,138,LaGuardia Airport,Queens
2,2018-07-17 09:54:08,2018-07-17 10:42:05,1,8.91,1,N,1,36.5,0E-9,0.500000000,8.61,5.76,0.300000000,51.67,138,170,9,Tuesday,7,138,LaGuardia Airport,Queens
2,2018-05-01 17:03:30,2018-05-01 17:34:04,1,10.26,1,N,1,31.5,1.000000000,0.500000000,7.81,5.76,0.300000000,46.87,138,164,17,Tuesday,5,138,LaGuardia Airport,Queens
2,2018-01-16 08:10:39,2018-01-16 09:01:30,5,9.7,1,N,1,35.0,0E-9,0.500000000,5.44,5.76,0.300000000,47.0,138,237,8,Tuesday,1,138,LaGuardia Airport,Queens
2,2018-02-04 15:26:31,2018-02-04 15:59:54,1,12.68,1,N,1,37.0,0E-9,0.500000000,7.56,0.0,0.300000000,45.36,138,181,15,Sunday,2,138,LaGuardia Airport,Queens
2,2018-06-22 21:57:47,2018-06-22 22:26:03,1,13.37,1,N,1,37.5,0.500000000,0.500000000,10.0,0.0,0.300000000,48.8,138,181,21,Friday,6,138,LaGuardia Airport,Queens
1,2018-12-16 23:39:31,2018-12-16 23:54:33,2,8.1,1,N,1,23.5,0.500000000,0.500000000,6.1,5.76,0.300000000,36.66,138,233,23,Sunday,12,138,LaGuardia Airport,Queens
2,2018-07-25 12:19:07,2018-07-25 13:05:02,1,10.77,1,N,1,37.0,0E-9,0.500000000,8.71,5.76,0.300000000,52.27,138,249,12,Wednesday,7,138,LaGuardia Airport,Queens
1,2018-02-28 21:19:30,2018-02-28 21:48:06,1,9.9,1,N,1,30.5,0.500000000,0.500000000,9.35,5.76,0.300000000,46.91,138,114,21,Wednesday,2,138,LaGuardia Airport,Queens
1,2018-09-10 13:48:44,2018-09-10 14:19:03,2,9.8,1,N,1,31.0,0E-9,0.500000000,7.5,5.76,0.300000000,45.06,138,238,13,Monday,9,138,LaGuardia Airport,Queens
1,2018-03-01 14:43:08,2018-03-01 15:25:08,1,10.0,1,N,1,34.5,0E-9,0.500000000,8.2,5.76,0.300000000,49.26,138,142,14,Thursday,3,138,LaGuardia Airport,Queens
1,2018-03-01 07:56:45,2018-03-01 08:34:19,1,7.9,1,N,1,29.0,0E-9,0.500000000,7.1,5.76,0.300000000,42.66,138,234,7,Thursday,3,138,LaGuardia Airport,Queens
2,2018-01-29 07:44:51,2018-01-29 08:35:39,1,17.2,1,N,1,53.0,0E-9,0.500000000,11.91,5.76,0.300000000,71.47,138,231,7,Monday,1,138,LaGuardia Airport,Queens
1,2018-01-29 11:28:21,2018-01-29 11:54:40,1,8.8,1,N,1,29.0,0E-9,0.500000000,8.85,5.76,0.300000000,44.41,138,170,11,Monday,1,138,LaGuardia Airport,Queens
2,2018-03-17 13:21:51,2018-03-17 13:54:15,1,9.76,1,N,1,32.5,0E-9,0.500000000,7.81,5.76,0.300000000,46.87,138,239,13,Saturday,3,138,LaGuardia Airport,Queens
2,2018-06-23 10:02:08,2018-06-23 10:27:37,1,9.86,1,N,1,30.0,0E-9,0.500000000,5.48,5.76,0.300000000,42.04,138,239,10,Saturday,6,138,LaGuardia Airport,Queens
1,2018-08-06 09:57:47,2018-08-06 10:32:01,1,8.7,1,N,1,29.0,0E-9,0.500000000,7.1,5.76,0.300000000,42.66,138,170,9,Monday,8,138,LaGuardia Airport,Queens
2,2018-10-12 00:32:30,2018-10-12 00:49:18,2,8.32,1,N,1,24.5,0.500000000,0.500000000,6.31,5.76,0.300000000,37.87,138,186,0,Friday,10,138,LaGuardia Airport,Queens
2,2018-08-31 00:23:12,2018-08-31 00:39:19,1,7.48,1,N,1,22.5,0.500000000,0.500000000,5.95,0.0,0.300000000,29.75,138,37,0,Friday,8,138,LaGuardia Airport,Queens
2,2018-04-16 20:18:26,2018-04-16 20:38:05,1,10.37,1,N,1,30.0,0.500000000,0.500000000,5.56,5.76,0.300000000,42.62,138,161,20,Monday,4,138,LaGuardia Airport,Queens
2,2018-10-02 14:43:15,2018-10-02 15:24:51,1,9.29,1,N,1,35.0,0E-9,0.500000000,8.31,5.76,0.300000000,49.87,138,243,14,Tuesday,10,138,LaGuardia Airport,Queens
2,2018-09-11 15:24:31,2018-09-11 15:52:46,1,9.74,1,N,1,30.5,0E-9,0.500000000,7.41,5.76,0.300000000,44.47,138,239,15,Tuesday,9,138,LaGuardia Airport,Queens
2,2018-10-03 13:26:05,2018-10-03 13:46:15,6,8.17,1,N,1,26.0,0E-9,0.500000000,6.51,5.76,0.300000000,39.07,138,162,13,Wednesday,10,138,LaGuardia Airport,Queens
2,2018-04-26 15:06:05,2018-04-26 15:42:54,1,9.07,1,N,1,31.0,0E-9,0.500000000,9.39,5.76,0.300000000,46.95,138,141,15,Thursday,4,138,LaGuardia Airport,Queens
2,2018-10-27 15:16:33,2018-10-27 15:38:20,1,8.18,1,N,1,25.5,0E-9,0.500000000,6.41,5.76,0.300000000,38.47,138,236,15,Saturday,10,138,LaGuardia Airport,Queens
2,2018-12-10 13:52:23,2018-12-10 14:11:10,1,7.47,1,N,1,22.5,0E-9,0.500000000,5.82,0.0,0.300000000,29.12,138,145,13,Monday,12,138,LaGuardia Airport,Queens
2,2018-11-30 08:26:49,2018-11-30 09:16:57,5,10.1,1,N,1,34.0,0E-9,0.500000000,8.11,5.76,0.300000000,48.67,138,233,8,Friday,11,138,LaGuardia Airport,Queens
2,2018-12-19 15:14:21,2018-12-19 16:33:22,2,14.21,1,N,1,56.5,0E-9,0.500000000,10.0,0.0,0.300000000,67.3,138,72,15,Wednesday,12,138,LaGuardia Airport,Queens
2,2018-06-03 18:58:50,2018-06-03 19:19:15,6,7.62,1,N,1,24.0,0E-9,0.500000000,6.11,5.76,0.300000000,36.67,138,42,18,Sunday,6,138,LaGuardia Airport,Queens
2,2018-05-15 10:51:40,2018-05-15 11:27:09,4,19.95,1,N,1,55.0,0E-9,0.500000000,11.16,0.0,0.300000000,66.96,138,149,10,Tuesday,5,138,LaGuardia Airport,Queens
1,2018-05-23 18:26:37,2018-05-23 19:03:59,1,9.1,1,N,1,33.5,1.000000000,0.500000000,10.25,5.76,0.300000000,51.31,138,48,18,Wednesday,5,138,LaGuardia Airport,Queens
2,2018-09-14 11:23:59,2018-09-14 12:06:35,1,11.07,1,N,1,36.5,0E-9,0.500000000,8.61,5.76,0.300000000,51.67,138,48,11,Friday,9,138,LaGuardia Airport,Queens
1,2018-06-06 13:11:55,2018-06-06 13:37:56,1,8.9,1,N,1,29.5,0E-9,0.500000000,7.2,5.76,0.300000000,43.26,138,170,13,Wednesday,6,138,LaGuardia Airport,Queens
1,2018-09-23 22:23:46,2018-09-23 22:41:23,1,10.8,1,N,1,30.0,0.500000000,0.500000000,7.4,5.76,0.300000000,44.46,138,243,22,Sunday,9,138,LaGuardia Airport,Queens
1,2018-04-15 23:03:11,2018-04-15 23:37:59,1,12.9,1,N,1,39.5,0.500000000,0.500000000,8.15,0.0,0.300000000,48.95,138,13,23,Sunday,4,138,LaGuardia Airport,Queens
2,2018-02-25 17:36:19,2018-02-25 17:54:01,1,7.76,1,N,1,23.0,0E-9,0.500000000,4.0,5.76,0.300000000,33.56,138,236,17,Sunday,2,138,LaGuardia Airport,Queens
1,2018-01-12 10:36:18,2018-01-12 11:07:49,1,8.3,1,N,4,29.0,0E-9,0.500000000,0.0,5.76,0.300000000,35.56,138,236,10,Friday,1,138,LaGuardia Airport,Queens
2,2018-08-31 16:49:40,2018-08-31 17:41:33,1,9.58,1,N,1,38.0,1.000000000,0.500000000,9.11,5.76,0.300000000,54.67,138,48,16,Friday,8,138,LaGuardia Airport,Queens
2,2018-08-22 00:01:30,2018-08-22 00:26:27,1,9.53,1,N,1,29.0,0.500000000,0.500000000,6.06,0.0,0.300000000,36.36,138,230,0,Wednesday,8,138,LaGuardia Airport,Queens
2,2018-10-15 22:58:05,2018-10-15 23:27:39,1,9.92,1,N,1,30.5,0.500000000,0.500000000,7.51,5.76,0.300000000,45.07,138,48,22,Monday,10,138,LaGuardia Airport,Queens
2,2018-03-06 12:23:48,2018-03-06 12:55:07,1,10.63,1,N,1,34.5,0E-9,0.500000000,8.21,5.76,0.300000000,49.27,138,163,12,Tuesday,3,138,LaGuardia Airport,Queens
1,2018-11-12 09:12:07,2018-11-12 09:44:19,2,15.6,1,N,2,43.5,0E-9,0.500000000,0.0,0.0,0.300000000,44.3,138,89,9,Monday,11,138,LaGuardia Airport,Queens
1,2018-02-25 22:15:22,2018-02-25 22:41:01,1,11.1,1,N,1,32.5,0.500000000,0.500000000,7.9,5.76,0.300000000,47.46,138,50,22,Sunday,2,138,LaGuardia Airport,Queens
1,2018-01-18 14:22:18,2018-01-18 14:51:10,1,9.1,1,N,1,30.5,0E-9,0.500000000,7.4,5.76,0.300000000,44.46,138,107,14,Thursday,1,138,LaGuardia Airport,Queens
1,2018-01-07 23:56:34,2018-01-08 00:14:33,1,8.8,1,N,1,25.5,0.500000000,0E-9,6.4,5.76,0.300000000,38.46,138,230,23,Sunday,1,138,LaGuardia Airport,Queens
1,2018-10-12 18:18:44,2018-10-12 19:18:49,2,11.8,1,N,1,43.0,1.000000000,0.500000000,10.1,5.76,0.300000000,60.66,138,48,18,Friday,10,138,LaGuardia Airport,Queens
2,2018-06-24 19:17:24,2018-06-24 19:42:30,1,9.86,1,N,1,30.0,0E-9,0.500000000,6.16,0.0,0.300000000,36.96,138,49,19,Sunday,6,138,LaGuardia Airport,Queens
2,2018-09-14 18:06:32,2018-09-14 18:46:02,5,10.56,1,N,1,35.0,1.000000000,0.500000000,4.0,5.76,0.300000000,46.56,138,143,18,Friday,9,138,LaGuardia Airport,Queens
2,2018-02-27 17:34:53,2018-02-27 18:17:39,1,9.71,1,N,1,33.5,1.000000000,0.500000000,7.06,0.0,0.300000000,42.36,138,49,17,Tuesday,2,138,LaGuardia Airport,Queens
1,2018-04-06 18:08:41,2018-04-06 18:30:02,1,7.4,1,N,1,23.0,1.000000000,0.500000000,7.6,5.76,0.300000000,38.16,138,75,18,Friday,4,138,LaGuardia Airport,Queens
1,2018-08-04 10:56:57,2018-08-04 11:19:22,2,8.8,1,N,2,26.5,0E-9,0.500000000,0.0,5.76,0.300000000,33.06,138,233,10,Saturday,8,138,LaGuardia Airport,Queens
2,2018-10-26 10:56:44,2018-10-26 11:25:58,1,10.28,1,N,1,31.0,0E-9,0.500000000,0.0,5.76,0.300000000,37.56,138,229,10,Friday,10,138,LaGuardia Airport,Queens
2,2018-09-28 15:59:31,2018-09-28 15:59:49,1,0.02,1,N,2,2.5,1.000000000,0.500000000,0.0,0.0,0.300000000,4.3,145,145,15,Friday,9,145,Long Island City/Hunters Point,Queens
1,2018-02-26 19:26:02,2018-02-26 19:40:50,1,9.0,1,N,1,25.5,1.000000000,0.500000000,5.45,0.0,0.300000000,32.75,138,148,19,Monday,2,138,LaGuardia Airport,Queens
1,2018-09-25 16:49:15,2018-09-25 17:30:05,1,8.2,1,N,1,34.0,1.000000000,0.500000000,4.5,5.76,0.300000000,46.06,138,164,16,Tuesday,9,138,LaGuardia Airport,Queens
1,2018-02-26 20:36:37,2018-02-26 20:58:37,1,9.1,1,N,1,27.5,0.500000000,0.500000000,6.9,5.76,0.300000000,41.46,138,238,20,Monday,2,138,LaGuardia Airport,Queens
2,2018-06-25 15:24:16,2018-06-25 15:54:22,1,9.37,1,N,1,29.5,0E-9,0.500000000,7.21,5.76,0.300000000,43.27,138,239,15,Monday,6,138,LaGuardia Airport,Queens
2,2018-11-30 14:57:44,2018-11-30 16:19:58,1,16.81,1,N,1,58.5,0E-9,0.500000000,10.0,0.0,0.300000000,69.3,138,89,14,Friday,11,138,LaGuardia Airport,Queens
2,2018-08-05 17:00:43,2018-08-05 17:40:20,1,14.1,1,N,2,42.5,0E-9,0.500000000,0.0,0.0,0.300000000,43.3,138,76,17,Sunday,8,138,LaGuardia Airport,Queens
2,2018-01-02 21:42:38,2018-01-02 22:02:29,1,8.92,1,N,2,27.0,0.500000000,0.500000000,0.0,5.76,0.300000000,34.06,138,237,21,Tuesday,1,138,LaGuardia Airport,Queens
1,2018-08-16 21:32:19,2018-08-16 21:57:53,1,8.5,1,N,2,26.5,0.500000000,0.500000000,0.0,5.76,0.300000000,33.56,138,238,21,Thursday,8,138,LaGuardia Airport,Queens
2,2018-12-18 21:23:37,2018-12-18 22:00:01,1,15.06,1,N,1,45.5,0.500000000,0.500000000,0.0,0.0,0.300000000,46.8,146,174,21,Tuesday,12,146,Long Island City/Queens Plaza,Queens
2,2018-12-24 19:06:24,2018-12-24 19:19:25,1,4.12,1,N,1,14.0,1.000000000,0.500000000,3.16,0.0,0.300000000,18.96,138,146,19,Monday,12,138,LaGuardia Airport,Queens
1,2018-02-22 21:50:48,2018-02-22 22:12:38,1,12.0,1,N,2,33.5,0.500000000,0.500000000,0.0,0.0,0.300000000,34.8,138,33,21,Thursday,2,138,LaGuardia Airport,Queens
2,2018-03-25 23:23:33,2018-03-25 23:46:51,1,11.62,1,N,2,33.0,0.500000000,0.500000000,0.0,5.76,0.300000000,40.06,138,246,23,Sunday,3,138,LaGuardia Airport,Queens
1,2018-01-26 12:55:52,2018-01-26 13:25:13,1,11.0,1,N,2,32.0,0E-9,0.500000000,0.0,0.0,0.300000000,32.8,138,97,12,Friday,1,138,LaGuardia Airport,Queens
1,2018-09-13 19:03:07,2018-09-13 19:23:56,1,7.9,1,N,1,24.0,1.000000000,0.500000000,0.0,11.52,0.300000000,37.32,138,263,19,Thursday,9,138,LaGuardia Airport,Queens
1,2018-04-16 20:36:14,2018-04-16 20:37:20,1,0.1,1,N,2,3.0,0.500000000,0.500000000,0.0,0.0,0.300000000,4.3,146,146,20,Monday,4,146,Long Island City/Queens Plaza,Queens
2,2018-01-18 09:11:56,2018-01-18 09:46:45,1,8.06,1,N,1,29.5,0E-9,0.500000000,0.0,5.76,0.300000000,36.06,138,170,9,Thursday,1,138,LaGuardia Airport,Queens
2,2018-01-27 13:38:32,2018-01-27 14:07:18,1,8.63,1,N,2,28.5,0E-9,0.500000000,0.0,5.76,0.300000000,35.06,138,166,13,Saturday,1,138,LaGuardia Airport,Queens
2,2018-03-06 18:25:46,2018-03-06 19:00:24,1,6.96,1,N,1,26.5,1.000000000,0.500000000,5.0,0.0,0.300000000,33.3,138,80,18,Tuesday,3,138,LaGuardia Airport,Queens
1,2018-04-06 15:46:20,2018-04-06 16:20:17,1,9.8,1,N,1,32.5,0E-9,0.500000000,3.0,0.0,0.300000000,36.3,138,211,15,Friday,4,138,LaGuardia Airport,Queens
2,2018-07-01 12:51:30,2018-07-01 13:19:59,1,10.93,1,N,1,33.0,0E-9,0.500000000,3.0,0.0,0.300000000,36.8,138,181,12,Sunday,7,138,LaGuardia Airport,Queens
2,2018-09-30 19:18:56,2018-09-30 19:49:11,1,10.84,1,N,1,33.0,0E-9,0.500000000,5.0,5.76,0.300000000,44.56,138,230,19,Sunday,9,138,LaGuardia Airport,Queens
2,2018-07-15 14:42:33,2018-07-15 15:15:47,1,11.73,1,N,1,36.5,0E-9,0.500000000,2.0,5.76,0.300000000,45.06,138,143,14,Sunday,7,138,LaGuardia Airport,Queens
2,2018-03-26 23:50:23,2018-03-27 00:15:47,5,11.34,1,N,2,34.0,0.500000000,0.500000000,0.0,0.0,0.300000000,35.3,138,113,23,Monday,3,138,LaGuardia Airport,Queens
2,2018-06-10 11:22:53,2018-06-10 11:59:11,1,11.83,1,N,1,37.0,0E-9,0.500000000,5.0,5.76,0.300000000,48.56,138,163,11,Sunday,6,138,LaGuardia Airport,Queens
2,2018-02-06 20:57:32,2018-02-06 21:19:17,4,8.78,1,N,1,26.0,0.500000000,0.500000000,5.0,5.76,0.300000000,38.06,138,161,20,Tuesday,2,138,LaGuardia Airport,Queens
2,2018-09-04 11:22:55,2018-09-04 12:02:59,1,9.9,1,N,2,35.0,0E-9,0.500000000,0.0,5.76,0.300000000,41.56,138,144,11,Tuesday,9,138,LaGuardia Airport,Queens
2,2018-06-03 19:21:44,2018-06-03 19:46:03,1,9.99,1,N,1,30.0,0E-9,0.500000000,2.0,0.0,0.300000000,32.8,138,68,19,Sunday,6,138,LaGuardia Airport,Queens
2,2018-08-09 01:27:47,2018-08-09 01:42:18,1,8.52,1,N,1,24.5,0.500000000,0.500000000,2.0,5.76,0.300000000,33.56,138,236,1,Thursday,8,138,LaGuardia Airport,Queens
2,2018-04-18 07:45:44,2018-04-18 08:07:50,1,9.67,1,N,1,30.0,0E-9,0.500000000,3.0,0.0,0.300000000,33.8,179,28,7,Wednesday,4,179,Old Astoria,Queens
1,2018-01-22 13:39:47,2018-01-22 14:15:50,2,11.7,1,N,1,37.5,0.500000000,0.500000000,5.0,5.76,0.300000000,49.56,138,230,13,Monday,1,138,LaGuardia Airport,Queens
2,2018-10-27 16:39:45,2018-10-27 17:05:02,3,10.38,1,N,1,30.5,0E-9,0.500000000,5.0,0.0,0.300000000,36.3,138,65,16,Saturday,10,138,LaGuardia Airport,Queens
1,2018-11-11 17:23:43,2018-11-11 17:56:16,1,9.4,1,N,1,29.5,0E-9,0.500000000,5.0,5.76,0.300000000,41.06,138,186,17,Sunday,11,138,LaGuardia Airport,Queens
1,2018-02-26 23:46:12,2018-02-27 00:11:00,1,11.1,1,N,1,32.0,0.500000000,0.500000000,5.0,5.76,0.300000000,44.06,138,230,23,Monday,2,138,LaGuardia Airport,Queens
1,2018-12-11 11:06:21,2018-12-11 11:37:16,1,2.2,2,N,1,52.0,0E-9,0.500000000,11.7,5.76,0.300000000,70.26,145,170,11,Tuesday,12,145,Long Island City/Hunters Point,Queens
1,2018-03-19 16:55:39,2018-03-19 17:26:43,2,7.3,1,N,2,24.0,1.000000000,0.500000000,0.0,0.0,0.300000000,25.8,138,130,16,Monday,3,138,LaGuardia Airport,Queens
2,2018-12-22 16:59:32,2018-12-22 17:29:08,1,9.75,1,N,2,30.5,0E-9,0.500000000,0.0,0.0,0.300000000,31.3,138,144,16,Saturday,12,138,LaGuardia Airport,Queens
2,2018-03-26 16:06:09,2018-03-26 16:32:05,3,8.71,2,N,1,52.0,4.500000000,0.500000000,15.76,5.76,0.300000000,78.82,196,132,16,Monday,3,196,Rego Park,Queens
2,2018-07-31 00:04:24,2018-07-31 00:20:18,1,8.35,1,N,1,24.0,0.500000000,0.500000000,0.0,0.0,0.300000000,25.3,138,28,0,Tuesday,7,138,LaGuardia Airport,Queens
2,2018-03-18 13:20:35,2018-03-18 13:52:11,1,9.78,1,N,2,32.0,0E-9,0.500000000,0.0,5.76,0.300000000,38.56,138,238,13,Sunday,3,138,LaGuardia Airport,Queens
2,2018-05-16 14:36:47,2018-05-16 15:32:54,2,11.21,1,N,1,40.0,0E-9,0.500000000,11.64,5.76,0.300000000,58.2,138,161,14,Wednesday,5,138,LaGuardia Airport,Queens
1,2018-03-06 18:38:17,2018-03-06 19:21:06,1,10.1,1,N,1,33.5,1.000000000,0.500000000,8.2,5.76,0.300000000,49.26,138,144,18,Tuesday,3,138,LaGuardia Airport,Queens
2,2018-05-29 12:21:01,2018-05-29 12:46:38,5,6.47,1,N,1,24.5,0E-9,0.500000000,5.06,0.0,0.300000000,30.36,138,145,12,Tuesday,5,138,LaGuardia Airport,Queens
2,2018-07-09 13:04:45,2018-07-09 13:37:25,2,11.0,1,N,1,33.5,0E-9,0.500000000,8.01,5.76,0.300000000,48.07,138,161,13,Monday,7,138,LaGuardia Airport,Queens
2,2018-05-17 08:37:06,2018-05-17 09:41:45,1,11.45,1,N,1,46.0,0E-9,0.500000000,10.51,5.76,0.300000000,63.07,138,161,8,Thursday,5,138,LaGuardia Airport,Queens
1,2018-03-18 16:08:17,2018-03-18 16:48:40,1,9.1,1,N,1,33.0,0E-9,0.500000000,7.9,5.76,0.300000000,47.46,138,116,16,Sunday,3,138,LaGuardia Airport,Queens
1,2018-10-21 16:14:18,2018-10-21 16:37:18,1,8.7,1,N,1,26.0,0E-9,0.500000000,8.0,5.76,0.300000000,40.56,138,140,16,Sunday,10,138,LaGuardia Airport,Queens
1,2018-03-11 21:17:27,2018-03-11 21:46:58,1,11.1,1,N,2,32.5,0.500000000,0.500000000,0.0,5.76,0.300000000,39.56,138,142,21,Sunday,3,138,LaGuardia Airport,Queens
2,2018-06-09 10:05:06,2018-06-09 10:35:32,5,9.73,1,N,1,32.0,0E-9,0.500000000,7.71,5.76,0.300000000,46.27,138,43,10,Saturday,6,138,LaGuardia Airport,Queens
2,2018-03-22 11:00:37,2018-03-22 11:27:30,2,9.2,1,N,2,29.0,0E-9,0.500000000,0.0,0.0,0.300000000,29.8,138,17,11,Thursday,3,138,LaGuardia Airport,Queens
2,2018-12-11 14:17:40,2018-12-11 15:00:34,1,12.22,1,N,1,40.5,0E-9,0.500000000,9.41,5.76,0.300000000,56.47,138,164,14,Tuesday,12,138,LaGuardia Airport,Queens
1,2018-07-12 20:08:24,2018-07-12 20:35:04,1,7.6,1,N,1,25.5,0.500000000,0.500000000,8.1,5.76,0.300000000,40.66,138,151,20,Thursday,7,138,LaGuardia Airport,Queens
1,2018-07-19 09:01:44,2018-07-19 09:54:27,1,14.3,1,N,1,48.0,0E-9,0.500000000,12.0,5.76,0.300000000,66.56,138,161,9,Thursday,7,138,LaGuardia Airport,Queens
2,2018-02-27 21:12:51,2018-02-27 21:28:30,6,7.62,1,N,1,22.0,0.500000000,0.500000000,7.26,5.76,0.300000000,36.32,138,262,21,Tuesday,2,138,LaGuardia Airport,Queens
1,2018-10-18 23:12:38,2018-10-18 23:41:15,2,10.5,1,N,1,32.5,0.500000000,0.500000000,7.9,5.76,0.300000000,47.46,138,48,23,Thursday,10,138,LaGuardia Airport,Queens
2,2018-03-12 13:46:47,2018-03-12 14:16:46,1,8.9,1,N,1,31.0,0E-9,0.500000000,7.51,5.76,0.300000000,45.07,138,161,13,Monday,3,138,LaGuardia Airport,Queens
2,2018-01-10 15:53:36,2018-01-10 16:34:14,1,8.52,1,N,1,30.5,0E-9,0.500000000,6.0,0.0,0.300000000,37.3,138,236,15,Wednesday,1,138,LaGuardia Airport,Queens
2,2018-08-03 11:10:42,2018-08-03 11:41:23,2,10.11,1,N,1,31.5,0E-9,0.500000000,7.61,5.76,0.300000000,45.67,138,79,11,Friday,8,138,LaGuardia Airport,Queens
1,2018-07-20 16:49:56,2018-07-20 17:20:45,1,8.5,1,N,1,27.0,1.000000000,0.500000000,6.9,5.76,0.300000000,41.46,138,263,16,Friday,7,138,LaGuardia Airport,Queens
2,2018-10-30 21:01:46,2018-10-30 21:27:18,1,11.54,1,N,1,33.5,0.500000000,0.500000000,8.11,5.76,0.300000000,48.67,138,170,21,Tuesday,10,138,LaGuardia Airport,Queens
2,2018-03-11 15:41:22,2018-03-11 16:09:33,5,11.37,1,N,1,33.0,0E-9,0.500000000,6.0,5.76,0.300000000,45.56,138,137,15,Sunday,3,138,LaGuardia Airport,Queens
1,2018-06-30 19:22:09,2018-06-30 19:48:50,2,11.1,1,N,1,34.0,0E-9,0.500000000,10.0,5.76,0.300000000,50.56,138,163,19,Saturday,6,138,LaGuardia Airport,Queens
1,2018-01-12 10:45:09,2018-01-12 11:34:07,2,9.3,1,N,1,37.0,0E-9,0.500000000,8.7,5.76,0.300000000,52.26,138,230,10,Friday,1,138,LaGuardia Airport,Queens
1,2018-03-13 20:16:34,2018-03-13 20:37:24,1,9.1,1,N,1,27.5,0.500000000,0.500000000,6.9,5.76,0.300000000,41.46,138,230,20,Tuesday,3,138,LaGuardia Airport,Queens
2,2018-10-23 00:00:00,2018-10-23 10:03:29,1,11.86,1,N,1,44.0,0.300000000,0.500000000,10.17,5.76,0.300000000,61.03,138,161,0,Tuesday,10,138,LaGuardia Airport,Queens
1,2018-06-11 19:49:34,2018-06-11 20:22:39,1,15.3,1,N,1,43.5,1.000000000,0.500000000,4.0,0.0,0.300000000,49.3,138,89,19,Monday,6,138,LaGuardia Airport,Queens
2,2018-07-09 19:35:37,2018-07-09 19:52:17,3,8.93,1,N,1,25.5,1.000000000,0.500000000,6.61,5.76,0.300000000,39.67,138,164,19,Monday,7,138,LaGuardia Airport,Queens
2,2018-09-06 20:30:01,2018-09-06 20:46:38,5,8.91,1,N,1,25.5,0.500000000,0.500000000,6.51,5.76,0.300000000,39.07,138,137,20,Thursday,9,138,LaGuardia Airport,Queens
2,2018-10-07 19:11:35,2018-10-07 19:51:02,2,12.01,1,N,1,38.0,0E-9,0.500000000,7.76,0.0,0.300000000,46.56,138,125,19,Sunday,10,138,LaGuardia Airport,Queens
1,2018-10-21 20:08:16,2018-10-21 20:39:40,1,10.9,1,N,1,34.0,0.500000000,0.500000000,8.2,5.76,0.300000000,49.26,138,143,20,Sunday,10,138,LaGuardia Airport,Queens
2,2018-01-10 19:27:04,2018-01-10 19:54:46,1,13.83,1,N,1,38.5,1.000000000,0.500000000,9.21,5.76,0.300000000,55.27,138,209,19,Wednesday,1,138,LaGuardia Airport,Queens
2,2018-12-03 14:08:42,2018-12-03 14:43:41,5,10.46,1,N,1,34.0,0E-9,0.500000000,10.0,5.76,0.300000000,50.56,138,142,14,Monday,12,138,LaGuardia Airport,Queens
1,2018-09-09 12:52:06,2018-09-09 13:07:10,1,8.0,1,N,1,22.5,0E-9,0.500000000,5.8,5.76,0.300000000,34.86,138,170,12,Sunday,9,138,LaGuardia Airport,Queens
2,2018-08-26 23:36:44,2018-08-26 23:51:07,1,8.72,1,N,1,24.5,0.500000000,0.500000000,6.31,5.76,0.300000000,37.87,138,170,23,Sunday,8,138,LaGuardia Airport,Queens
2,2018-11-11 21:41:35,2018-11-11 22:06:42,1,9.23,1,N,1,29.0,0.500000000,0.500000000,7.21,5.76,0.300000000,43.27,138,48,21,Sunday,11,138,LaGuardia Airport,Queens
2,2018-07-10 19:07:14,2018-07-10 19:32:22,1,10.82,1,N,1,32.0,1.000000000,0.500000000,7.91,5.76,0.300000000,47.47,138,163,19,Tuesday,7,138,LaGuardia Airport,Queens
2,2018-03-31 14:54:15,2018-03-31 15:23:48,1,11.79,1,N,1,33.5,0E-9,0.500000000,8.58,0.0,0.300000000,42.88,138,132,14,Saturday,3,138,LaGuardia Airport,Queens
2,2018-01-12 11:23:32,2018-01-12 11:58:24,1,8.64,1,N,1,30.0,0E-9,0.500000000,6.16,0.0,0.300000000,36.96,138,233,11,Friday,1,138,LaGuardia Airport,Queens
1,2018-09-08 10:30:09,2018-09-08 10:56:16,1,11.4,1,N,1,33.0,0E-9,0.500000000,6.75,0.0,0.300000000,40.55,138,52,10,Saturday,9,138,LaGuardia Airport,Queens
1,2018-04-08 21:33:53,2018-04-08 21:59:14,1,9.3,1,N,1,28.5,0.500000000,0.500000000,7.1,5.76,0.300000000,42.66,138,233,21,Sunday,4,138,LaGuardia Airport,Queens
1,2018-12-05 23:04:02,2018-12-05 23:27:23,1,11.8,1,N,1,33.5,0.500000000,0.500000000,3.48,0.0,0.300000000,38.28,138,25,23,Wednesday,12,138,LaGuardia Airport,Queens
2,2018-04-29 20:57:56,2018-04-29 21:16:47,1,7.56,1,N,1,22.5,0.500000000,0.500000000,4.76,0.0,0.300000000,28.56,138,255,20,Sunday,4,138,LaGuardia Airport,Queens
2,2018-07-25 08:14:49,2018-07-25 09:25:07,1,12.03,1,N,1,47.0,0E-9,0.500000000,10.71,5.76,0.300000000,64.27,138,234,8,Wednesday,7,138,LaGuardia Airport,Queens
2,2018-03-12 21:58:58,2018-03-12 22:26:57,1,17.94,4,N,1,64.0,0.500000000,0.500000000,13.06,0.0,0.300000000,78.36,138,265,21,Monday,3,138,LaGuardia Airport,Queens
1,2018-03-30 17:14:16,2018-03-30 18:09:43,1,14.7,1,N,1,49.5,1.000000000,0.500000000,11.4,5.76,0.300000000,68.46,138,114,17,Friday,3,138,LaGuardia Airport,Queens
1,2018-08-13 13:47:53,2018-08-13 14:22:22,2,11.5,1,N,1,35.0,0E-9,0.500000000,10.0,5.76,0.300000000,51.56,138,230,13,Monday,8,138,LaGuardia Airport,Queens
1,2018-11-12 08:53:14,2018-11-12 09:21:35,1,11.1,1,N,1,33.0,0E-9,0.500000000,7.9,5.76,0.300000000,47.46,138,170,8,Monday,11,138,LaGuardia Airport,Queens
2,2018-04-29 15:59:21,2018-04-29 16:30:50,1,9.4,1,N,1,29.0,0E-9,0.500000000,5.33,5.76,0.300000000,40.89,138,141,15,Sunday,4,138,LaGuardia Airport,Queens
2,2018-03-15 13:02:04,2018-03-15 13:35:18,1,8.51,1,N,1,27.5,0E-9,0.500000000,6.81,5.76,0.300000000,40.87,138,100,13,Thursday,3,138,LaGuardia Airport,Queens
2,2018-02-01 17:44:17,2018-02-01 18:11:21,1,8.98,1,N,1,27.5,1.000000000,0.500000000,7.01,5.76,0.300000000,42.07,138,140,17,Thursday,2,138,LaGuardia Airport,Queens
2,2018-07-13 15:57:00,2018-07-13 16:49:24,1,9.58,1,N,1,35.5,1.000000000,0.500000000,8.61,5.76,0.300000000,51.67,138,163,15,Friday,7,138,LaGuardia Airport,Queens
2,2018-03-01 22:17:22,2018-03-01 22:46:25,6,10.45,1,N,1,31.0,0.500000000,0.500000000,7.61,5.76,0.300000000,45.67,138,163,22,Thursday,3,138,LaGuardia Airport,Queens
2,2018-06-20 11:30:14,2018-06-20 12:16:30,5,8.87,1,N,1,36.5,0E-9,0.500000000,12.92,5.76,0.300000000,55.98,138,161,11,Wednesday,6,138,LaGuardia Airport,Queens
2,2018-07-24 17:35:34,2018-07-24 18:09:28,1,9.18,1,N,1,32.0,1.000000000,0.500000000,7.91,5.76,0.300000000,47.47,138,100,17,Tuesday,7,138,LaGuardia Airport,Queens
2,2018-04-21 15:21:29,2018-04-21 15:57:39,1,19.08,5,N,1,112.0,0E-9,0.500000000,22.56,0.0,0.300000000,135.36,138,265,15,Saturday,4,138,LaGuardia Airport,Queens
2,2018-08-28 19:48:15,2018-08-28 20:16:18,1,9.62,1,N,1,31.5,1.000000000,0.500000000,7.0,5.76,0.300000000,46.06,138,68,19,Tuesday,8,138,LaGuardia Airport,Queens
2,2018-11-26 19:49:14,2018-11-26 20:04:57,1,7.33,1,N,1,22.0,1.000000000,0.500000000,5.95,0.0,0.300000000,29.75,138,223,19,Monday,11,138,LaGuardia Airport,Queens
1,2018-07-24 23:14:46,2018-07-24 23:35:41,1,10.2,1,N,1,30.0,0.500000000,0.500000000,7.4,5.76,0.300000000,44.46,138,233,23,Tuesday,7,138,LaGuardia Airport,Queens
2,2018-07-14 19:37:31,2018-07-14 20:05:25,5,9.25,1,N,1,28.5,0E-9,0.500000000,7.32,0.0,0.300000000,36.62,138,79,19,Saturday,7,138,LaGuardia Airport,Queens
2,2018-04-30 13:38:58,2018-04-30 14:18:45,5,9.81,1,N,1,35.5,0E-9,0.500000000,10.52,5.76,0.300000000,52.58,138,100,13,Monday,4,138,LaGuardia Airport,Queens
2,2018-07-14 00:14:32,2018-07-14 00:30:12,2,9.1,1,N,1,25.5,0.500000000,0.500000000,6.51,5.76,0.300000000,39.07,138,140,0,Saturday,7,138,LaGuardia Airport,Queens
1,2018-12-06 10:40:03,2018-12-06 11:52:11,1,11.1,1,N,1,49.0,0E-9,0.500000000,8.0,5.76,0.300000000,63.56,138,48,10,Thursday,12,138,LaGuardia Airport,Queens
1,2018-06-14 19:58:06,2018-06-14 20:28:37,1,9.5,1,N,1,32.0,0.500000000,0.500000000,7.81,5.76,0.300000000,46.87,138,239,19,Thursday,6,138,LaGuardia Airport,Queens
1,2018-03-24 15:25:15,2018-03-24 16:37:59,2,9.2,1,N,1,49.0,0E-9,0.500000000,11.1,5.76,0.300000000,66.66,138,164,15,Saturday,3,138,LaGuardia Airport,Queens
1,2018-10-24 22:15:48,2018-10-24 22:50:53,1,25.9,1,N,1,69.0,0.500000000,0.500000000,10.0,0.0,0.300000000,80.3,138,14,22,Wednesday,10,138,LaGuardia Airport,Queens
1,2018-10-01 11:03:57,2018-10-01 11:22:52,1,6.9,1,N,1,22.5,0E-9,0.500000000,6.0,5.76,0.300000000,35.06,138,41,11,Monday,10,138,LaGuardia Airport,Queens
1,2018-12-30 16:03:44,2018-12-30 16:22:33,0,8.8,1,N,1,25.5,0E-9,0.500000000,8.02,5.76,0.300000000,40.08,138,140,16,Sunday,12,138,LaGuardia Airport,Queens
2,2018-06-13 16:00:25,2018-06-13 16:55:05,2,10.49,1,N,1,41.0,1.000000000,0.500000000,9.71,5.76,0.300000000,58.27,138,43,16,Wednesday,6,138,LaGuardia Airport,Queens
2,2018-08-16 08:17:00,2018-08-16 09:17:55,1,14.78,1,N,1,48.0,0E-9,0.500000000,10.91,5.76,0.300000000,65.47,138,125,8,Thursday,8,138,LaGuardia Airport,Queens
1,2018-01-03 17:37:26,2018-01-03 18:13:06,1,10.7,1,N,1,33.0,1.000000000,0.500000000,4.0,5.76,0.300000000,44.56,138,229,17,Wednesday,1,138,LaGuardia Airport,Queens
2,2018-03-14 22:02:35,2018-03-14 22:21:43,2,9.18,1,N,1,26.0,0.500000000,0.500000000,6.61,5.76,0.300000000,39.67,138,141,22,Wednesday,3,138,LaGuardia Airport,Queens
2,2018-06-22 08:41:49,2018-06-22 09:22:18,2,9.83,1,N,1,35.5,0E-9,0.500000000,7.5,5.76,0.300000000,49.56,138,186,8,Friday,6,138,LaGuardia Airport,Queens
1,2018-11-18 10:47:23,2018-11-18 11:13:04,3,9.9,1,N,1,30.5,0E-9,0.500000000,10.7,11.52,0.300000000,53.52,138,142,10,Sunday,11,138,LaGuardia Airport,Queens
2,2018-08-09 12:52:01,2018-08-09 13:35:27,1,9.25,1,N,1,34.5,0E-9,0.500000000,8.21,5.76,0.300000000,49.27,138,100,12,Thursday,8,138,LaGuardia Airport,Queens
2,2018-03-27 20:35:17,2018-03-27 20:55:38,1,10.0,1,N,1,29.0,0.500000000,0.500000000,8.0,5.76,0.300000000,44.06,138,162,20,Tuesday,3,138,LaGuardia Airport,Queens
1,2018-04-01 17:13:26,2018-04-01 17:54:35,2,10.0,1,N,1,35.0,0E-9,0.500000000,8.31,5.76,0.300000000,49.87,138,143,17,Sunday,4,138,LaGuardia Airport,Queens
2,2018-06-14 09:59:24,2018-06-14 10:45:12,2,12.42,1,N,1,42.0,0E-9,0.500000000,9.71,5.76,0.300000000,58.27,138,170,9,Thursday,6,138,LaGuardia Airport,Queens
2,2018-06-22 10:44:07,2018-06-22 11:18:10,1,8.5,1,N,1,30.0,0E-9,0.500000000,7.31,5.76,0.300000000,43.87,138,237,10,Friday,6,138,LaGuardia Airport,Queens
2,2018-11-16 08:38:06,2018-11-16 09:25:42,1,12.18,1,N,1,40.0,0E-9,0.500000000,9.31,5.76,0.300000000,55.87,138,107,8,Friday,11,138,LaGuardia Airport,Queens
1,2018-03-16 22:09:18,2018-03-16 22:38:09,1,8.8,1,N,1,29.5,0.500000000,0.500000000,6.15,0.0,0.300000000,36.95,138,142,22,Friday,3,138,LaGuardia Airport,Queens
1,2018-01-15 16:12:04,2018-01-15 16:39:10,1,6.9,1,N,1,23.5,0E-9,0.500000000,6.0,5.76,0.300000000,36.06,138,41,16,Monday,1,138,LaGuardia Airport,Queens
1,2018-03-04 15:53:16,2018-03-04 16:27:57,4,7.7,1,N,1,28.0,0E-9,0.500000000,5.75,0.0,0.300000000,34.55,138,230,15,Sunday,3,138,LaGuardia Airport,Queens
2,2018-03-25 17:31:01,2018-03-25 17:50:17,4,7.64,1,N,1,22.5,0E-9,0.500000000,5.81,5.76,0.300000000,34.87,138,262,17,Sunday,3,138,LaGuardia Airport,Queens
2,2018-03-16 17:42:17,2018-03-16 18:48:00,2,11.55,1,N,1,44.0,1.000000000,0.500000000,11.45,0.0,0.300000000,57.25,138,87,17,Friday,3,138,LaGuardia Airport,Queens
1,2018-09-23 16:52:07,2018-09-23 17:18:32,1,9.0,1,N,1,26.0,0E-9,0.500000000,6.51,5.76,0.300000000,39.07,138,237,16,Sunday,9,138,LaGuardia Airport,Queens
2,2018-11-27 20:59:11,2018-11-27 21:33:50,1,11.24,1,N,1,37.0,0.500000000,0.500000000,11.02,5.76,0.300000000,55.08,138,163,20,Tuesday,11,138,LaGuardia Airport,Queens
2,2018-02-26 17:57:47,2018-02-26 18:48:03,1,12.06,1,N,1,43.5,1.000000000,0.500000000,9.06,0.0,0.300000000,54.36,138,181,17,Monday,2,138,LaGuardia Airport,Queens
2,2018-09-24 11:30:47,2018-09-24 12:10:47,1,16.27,1,N,1,49.0,0E-9,0.500000000,11.11,5.76,0.300000000,66.67,138,100,11,Monday,9,138,LaGuardia Airport,Queens
2,2018-08-20 11:11:31,2018-08-20 11:36:28,1,8.93,1,N,1,28.0,0E-9,0.500000000,6.91,5.76,0.300000000,41.47,138,162,11,Monday,8,138,LaGuardia Airport,Queens
2,2018-02-25 10:38:24,2018-02-25 11:07:24,2,12.2,1,N,1,35.0,0E-9,0.500000000,10.39,5.76,0.300000000,51.95,138,234,10,Sunday,2,138,LaGuardia Airport,Queens
2,2018-02-06 20:31:04,2018-02-06 20:46:54,5,8.1,1,N,1,24.0,0.500000000,0.500000000,4.0,5.76,0.300000000,35.06,138,263,20,Tuesday,2,138,LaGuardia Airport,Queens
1,2018-01-17 16:40:10,2018-01-17 17:09:28,3,8.6,1,N,1,29.5,1.000000000,0.500000000,7.4,5.76,0.300000000,44.46,138,161,16,Wednesday,1,138,LaGuardia Airport,Queens
1,2018-02-27 08:36:48,2018-02-27 09:57:42,1,12.1,1,N,1,55.5,0E-9,0.500000000,8.44,0.0,0.300000000,64.74,138,163,8,Tuesday,2,138,LaGuardia Airport,Queens
1,2018-09-13 18:50:06,2018-09-13 19:25:29,3,9.0,1,N,1,31.5,1.000000000,0.500000000,7.8,5.76,0.300000000,46.86,138,186,18,Thursday,9,138,LaGuardia Airport,Queens
2,2018-05-02 22:01:09,2018-05-02 22:21:44,1,8.6,1,N,1,25.5,0.500000000,0.500000000,5.36,0.0,0.300000000,32.16,138,256,22,Wednesday,5,138,LaGuardia Airport,Queens
2,2018-11-18 22:06:18,2018-11-18 22:29:02,1,10.96,1,N,1,31.5,0.500000000,0.500000000,6.5,5.76,0.300000000,45.06,138,230,22,Sunday,11,138,LaGuardia Airport,Queens
1,2018-07-07 19:04:52,2018-07-07 19:50:11,2,20.1,1,N,1,55.0,0E-9,0.500000000,12.0,0.0,0.300000000,67.8,138,149,19,Saturday,7,138,LaGuardia Airport,Queens
2,2018-01-30 16:13:06,2018-01-30 16:42:22,1,10.28,1,N,1,30.0,1.000000000,0.500000000,7.51,5.76,0.300000000,45.07,138,233,16,Tuesday,1,138,LaGuardia Airport,Queens
1,2018-01-10 16:29:17,2018-01-10 17:11:08,1,8.4,1,N,1,32.0,1.000000000,0.500000000,7.9,5.76,0.300000000,47.46,138,141,16,Wednesday,1,138,LaGuardia Airport,Queens
2,2018-04-23 08:57:12,2018-04-23 10:07:00,1,12.07,1,N,2,48.0,0E-9,0.500000000,0.0,5.54,0.300000000,54.34,138,230,8,Monday,4,138,LaGuardia Airport,Queens
2,2018-11-03 23:24:48,2018-11-03 23:58:53,2,22.96,1,N,2,60.5,0.500000000,0.500000000,0.0,0.0,0.300000000,61.8,138,55,23,Saturday,11,138,LaGuardia Airport,Queens
2,2018-03-12 17:54:51,2018-03-12 18:24:54,5,10.41,1,N,1,32.0,1.000000000,0.500000000,4.8,5.76,0.300000000,44.36,138,243,17,Monday,3,138,LaGuardia Airport,Queens
1,2018-12-25 17:40:40,2018-12-25 18:02:18,1,8.8,1,N,1,26.5,0E-9,0.500000000,5.45,0.0,0.300000000,32.75,138,263,17,Tuesday,12,138,LaGuardia Airport,Queens
1,2018-09-27 09:07:35,2018-09-27 10:07:10,1,11.2,1,N,1,43.0,0E-9,0.500000000,8.75,0.0,0.300000000,52.55,138,249,9,Thursday,9,138,LaGuardia Airport,Queens
1,2018-01-31 20:52:53,2018-01-31 21:24:21,1,14.9,1,N,1,40.5,0.500000000,0.500000000,6.0,0.0,0.300000000,47.8,138,257,20,Wednesday,1,138,LaGuardia Airport,Queens
2,2018-08-02 08:39:25,2018-08-02 09:30:58,1,16.63,1,N,1,51.0,0E-9,0.500000000,11.51,5.76,0.300000000,69.07,138,13,8,Thursday,8,138,LaGuardia Airport,Queens
2,2018-01-23 20:59:28,2018-01-23 21:26:43,1,12.25,1,N,1,35.5,0.500000000,0.500000000,7.0,0.0,0.300000000,43.8,138,181,20,Tuesday,1,138,LaGuardia Airport,Queens
1,2018-04-17 18:56:22,2018-04-17 19:30:16,2,10.0,1,N,1,33.0,1.000000000,0.500000000,8.1,5.76,0.300000000,48.66,138,162,18,Tuesday,4,138,LaGuardia Airport,Queens
1,2018-01-30 12:18:12,2018-01-30 12:33:04,1,8.4,1,N,1,24.0,0E-9,0.500000000,6.1,5.76,0.300000000,36.66,138,262,12,Tuesday,1,138,LaGuardia Airport,Queens
2,2018-07-10 10:39:38,2018-07-10 11:13:55,1,13.63,1,N,1,38.5,0E-9,0.500000000,11.26,5.76,0.300000000,56.32,138,148,10,Tuesday,7,138,LaGuardia Airport,Queens
2,2018-03-22 10:00:45,2018-03-22 10:25:30,2,8.66,1,N,1,27.0,0E-9,0.500000000,6.71,5.76,0.300000000,40.27,138,161,10,Thursday,3,138,LaGuardia Airport,Queens
2,2018-07-12 22:47:08,2018-07-12 23:18:39,1,8.32,1,N,1,29.0,0.500000000,0.500000000,7.58,0.0,0.300000000,37.88,138,233,22,Thursday,7,138,LaGuardia Airport,Queens
1,2018-05-17 18:13:23,2018-05-17 18:57:53,1,9.1,1,N,1,35.0,1.000000000,0.500000000,8.0,5.76,0.300000000,50.56,138,162,18,Thursday,5,138,LaGuardia Airport,Queens
1,2018-03-19 10:17:05,2018-03-19 11:00:55,1,11.0,1,N,1,38.0,0E-9,0.500000000,8.91,5.76,0.300000000,53.47,138,162,10,Monday,3,138,LaGuardia Airport,Queens
2,2018-05-31 08:57:54,2018-05-31 09:42:29,5,9.51,1,N,1,33.0,0E-9,0.500000000,4.0,5.76,0.300000000,43.56,138,238,8,Thursday,5,138,LaGuardia Airport,Queens
2,2018-03-22 16:04:17,2018-03-22 16:52:30,1,12.75,1,N,1,43.0,1.000000000,0.500000000,12.64,5.76,0.300000000,63.2,138,239,16,Thursday,3,138,LaGuardia Airport,Queens
2,2018-01-24 23:36:31,2018-01-24 23:55:56,1,9.33,1,N,1,27.0,0.500000000,0.500000000,6.81,5.76,0.300000000,40.87,138,243,23,Wednesday,1,138,LaGuardia Airport,Queens
2,2018-03-15 11:52:56,2018-03-15 12:36:40,1,12.01,1,N,1,41.0,0E-9,0.500000000,9.51,5.76,0.300000000,57.07,138,164,11,Thursday,3,138,LaGuardia Airport,Queens
2,2018-03-31 13:50:17,2018-03-31 14:23:04,2,8.65,1,N,1,29.5,0E-9,0.500000000,9.09,0.0,0.300000000,39.39,138,137,13,Saturday,3,138,LaGuardia Airport,Queens
1,2018-05-19 14:11:32,2018-05-19 14:31:22,1,8.4,1,N,1,24.0,0E-9,0.500000000,6.1,5.76,0.300000000,36.66,138,263,14,Saturday,5,138,LaGuardia Airport,Queens
2,2018-02-28 14:55:54,2018-02-28 15:37:04,1,11.8,1,N,1,38.0,0E-9,0.500000000,8.91,5.76,0.300000000,53.47,138,127,14,Wednesday,2,138,LaGuardia Airport,Queens
2,2018-08-26 10:11:41,2018-08-26 10:32:44,1,11.75,1,N,1,33.0,0E-9,0.500000000,7.91,5.76,0.300000000,47.47,138,164,10,Sunday,8,138,LaGuardia Airport,Queens
1,2018-03-06 15:44:08,2018-03-06 16:27:13,1,6.0,1,N,1,27.5,0E-9,0.500000000,3.0,0.0,0.300000000,31.3,138,95,15,Tuesday,3,138,LaGuardia Airport,Queens
1,2018-11-12 20:20:30,2018-11-12 20:46:56,1,8.9,1,N,1,28.0,0.500000000,0.500000000,7.0,5.76,0.300000000,42.06,138,238,20,Monday,11,138,LaGuardia Airport,Queens
2,2018-10-09 09:27:39,2018-10-09 10:19:59,1,11.6,1,N,1,42.0,0E-9,0.500000000,9.71,5.76,0.300000000,58.27,138,161,9,Tuesday,10,138,LaGuardia Airport,Queens
2,2018-12-06 21:07:11,2018-12-06 21:34:57,1,12.41,1,N,1,35.0,0.500000000,0.500000000,9.08,0.0,0.300000000,45.38,138,106,21,Thursday,12,138,LaGuardia Airport,Queens
2,2018-08-07 00:05:25,2018-08-07 00:39:07,1,11.23,1,N,1,36.0,0.500000000,0.500000000,8.61,5.76,0.300000000,51.67,138,158,0,Tuesday,8,138,LaGuardia Airport,Queens
1,2018-07-23 17:56:46,2018-07-23 18:28:44,1,9.6,1,N,1,32.5,1.000000000,0.500000000,10.0,5.76,0.300000000,50.06,138,246,17,Monday,7,138,LaGuardia Airport,Queens
2,2018-03-15 20:31:15,2018-03-15 20:48:58,1,8.57,1,N,1,25.0,0.500000000,0.500000000,6.41,5.76,0.300000000,38.47,138,262,20,Thursday,3,138,LaGuardia Airport,Queens
1,2018-08-26 18:06:28,2018-08-26 18:35:35,1,11.0,1,N,1,33.5,0E-9,0.500000000,6.86,0.0,0.300000000,41.16,138,25,18,Sunday,8,138,LaGuardia Airport,Queens
2,2018-07-17 09:19:42,2018-07-17 09:55:10,1,8.6,1,N,1,30.0,0E-9,0.500000000,9.14,5.76,0.300000000,45.7,138,170,9,Tuesday,7,138,LaGuardia Airport,Queens
2,2018-10-10 14:09:49,2018-10-10 14:48:23,1,8.13,1,N,1,31.5,0E-9,0.500000000,9.69,0.0,0.300000000,41.99,138,162,14,Wednesday,10,138,LaGuardia Airport,Queens
1,2018-09-20 17:35:45,2018-09-20 19:00:11,1,16.0,1,N,1,59.5,1.000000000,0.500000000,15.3,0.0,0.300000000,76.6,138,89,17,Thursday,9,138,LaGuardia Airport,Queens
2,2018-08-06 23:50:25,2018-08-07 00:17:16,1,12.31,1,N,1,36.0,0.500000000,0.500000000,8.61,5.76,0.300000000,51.67,138,186,23,Monday,8,138,LaGuardia Airport,Queens
2,2018-03-23 22:57:46,2018-03-23 23:26:09,1,10.23,1,N,1,32.5,0.500000000,0.500000000,4.0,0.0,0.300000000,37.8,138,25,22,Friday,3,138,LaGuardia Airport,Queens
2,2018-04-11 11:01:55,2018-04-11 11:37:30,1,11.17,1,N,1,34.5,0E-9,0.500000000,5.5,5.76,0.300000000,46.56,138,161,11,Wednesday,4,138,LaGuardia Airport,Queens
2,2018-07-01 15:41:52,2018-07-01 15:59:27,1,7.99,1,N,1,24.0,0E-9,0.500000000,6.11,5.76,0.300000000,36.67,138,42,15,Sunday,7,138,LaGuardia Airport,Queens
1,2018-08-05 22:29:51,2018-08-05 22:58:22,2,9.5,1,N,1,29.5,0.500000000,0.500000000,7.3,5.76,0.300000000,43.86,138,68,22,Sunday,8,138,LaGuardia Airport,Queens
2,2018-01-17 12:35:53,2018-01-17 13:02:53,6,10.14,1,N,1,32.5,0E-9,0.500000000,7.81,5.76,0.300000000,46.87,138,161,12,Wednesday,1,138,LaGuardia Airport,Queens
2,2018-03-03 13:23:39,2018-03-03 13:55:48,1,11.2,1,N,1,34.0,0E-9,0.500000000,8.7,0.0,0.300000000,43.5,138,61,13,Saturday,3,138,LaGuardia Airport,Queens
2,2018-09-10 17:11:30,2018-09-10 17:34:59,1,9.16,1,N,1,28.0,1.000000000,0.500000000,7.11,5.76,0.300000000,42.67,138,162,17,Monday,9,138,LaGuardia Airport,Queens
1,2018-02-24 07:25:50,2018-02-24 07:49:22,3,8.4,1,N,1,27.0,0E-9,0.500000000,6.7,5.76,0.300000000,40.26,138,166,7,Saturday,2,138,LaGuardia Airport,Queens
2,2018-11-15 11:33:46,2018-11-15 12:12:51,1,13.98,1,N,1,42.5,0E-9,0.500000000,12.26,5.76,0.300000000,61.32,138,211,11,Thursday,11,138,LaGuardia Airport,Queens
1,2018-06-02 16:11:21,2018-06-02 17:01:56,0,13.8,1,N,1,43.0,0E-9,0.500000000,15.0,5.76,0.300000000,64.56,138,79,16,Saturday,6,138,LaGuardia Airport,Queens
1,2018-02-06 09:05:41,2018-02-06 09:34:29,1,7.8,1,N,1,26.5,0E-9,0.500000000,8.25,5.76,0.300000000,41.31,138,233,9,Tuesday,2,138,LaGuardia Airport,Queens
2,2018-08-09 20:56:01,2018-08-09 21:23:45,1,9.87,1,N,1,30.0,0.500000000,0.500000000,7.41,5.76,0.300000000,44.47,138,237,20,Thursday,8,138,LaGuardia Airport,Queens
2,2018-06-05 14:05:50,2018-06-05 14:59:12,5,10.92,1,N,1,40.0,0E-9,0.500000000,9.31,5.76,0.300000000,55.87,138,230,14,Tuesday,6,138,LaGuardia Airport,Queens
2,2018-08-31 14:33:45,2018-08-31 15:12:26,2,12.65,1,N,1,39.0,0E-9,0.500000000,9.11,5.76,0.300000000,54.67,138,68,14,Friday,8,138,LaGuardia Airport,Queens
1,2018-01-08 14:56:47,2018-01-08 15:32:31,1,9.6,1,N,1,34.5,0E-9,0.500000000,10.25,5.76,0.300000000,51.31,138,186,14,Monday,1,138,LaGuardia Airport,Queens
1,2018-08-19 19:06:30,2018-08-19 19:27:29,1,6.9,1,N,1,22.0,0E-9,0.500000000,4.55,0.0,0.300000000,27.35,138,237,19,Sunday,8,138,LaGuardia Airport,Queens
2,2018-08-20 09:01:52,2018-08-20 09:44:33,1,9.93,1,N,1,35.5,0E-9,0.500000000,7.26,0.0,0.300000000,43.56,138,79,9,Monday,8,138,LaGuardia Airport,Queens
2,2018-05-25 15:37:18,2018-05-25 16:45:47,1,10.17,1,N,1,45.0,0E-9,0.500000000,13.74,0.0,0.300000000,59.54,138,72,15,Friday,5,138,LaGuardia Airport,Queens
2,2018-02-27 09:43:46,2018-02-27 10:33:20,1,8.05,1,N,1,33.0,0E-9,0.500000000,7.91,5.76,0.300000000,47.47,138,164,9,Tuesday,2,138,LaGuardia Airport,Queens
1,2018-06-26 10:18:24,2018-06-26 10:50:27,1,8.0,1,N,1,27.0,0E-9,0.500000000,6.7,5.76,0.300000000,40.26,138,233,10,Tuesday,6,138,LaGuardia Airport,Queens
1,2018-03-25 14:18:57,2018-03-25 15:00:34,4,9.8,1,N,1,34.0,0E-9,0.500000000,6.08,5.76,0.300000000,46.64,138,239,14,Sunday,3,138,LaGuardia Airport,Queens
2,2018-03-25 15:23:04,2018-03-25 16:16:00,1,8.52,1,N,1,38.0,0E-9,0.500000000,11.14,5.76,0.300000000,55.7,138,263,15,Sunday,3,138,LaGuardia Airport,Queens
2,2018-08-17 12:03:14,2018-08-17 12:44:40,2,10.52,1,N,1,35.0,0E-9,0.500000000,8.31,5.76,0.300000000,49.87,138,48,12,Friday,8,138,LaGuardia Airport,Queens
1,2018-04-03 07:34:24,2018-04-03 08:05:41,1,8.0,1,N,1,27.5,0E-9,0.500000000,8.5,5.76,0.300000000,42.56,138,170,7,Tuesday,4,138,LaGuardia Airport,Queens
1,2018-04-15 10:41:32,2018-04-15 11:12:48,1,13.3,1,N,1,39.5,0E-9,0.500000000,9.21,5.76,0.300000000,55.27,138,113,10,Sunday,4,138,LaGuardia Airport,Queens
1,2018-01-28 22:18:42,2018-01-28 22:41:26,1,10.0,1,N,1,29.5,0.500000000,0.500000000,5.44,5.76,0.300000000,42.0,138,234,22,Sunday,1,138,LaGuardia Airport,Queens
1,2018-10-17 14:42:08,2018-10-17 15:24:51,2,10.1,1,N,1,37.0,0E-9,0.500000000,8.7,5.76,0.300000000,52.26,138,237,14,Wednesday,10,138,LaGuardia Airport,Queens
1,2018-05-22 21:00:15,2018-05-22 21:31:58,1,14.4,1,N,1,42.0,0.500000000,0.500000000,8.65,0.0,0.300000000,51.95,138,13,21,Tuesday,5,138,LaGuardia Airport,Queens
1,2018-10-16 19:55:22,2018-10-16 20:21:11,1,10.9,1,N,1,31.5,1.000000000,0.500000000,7.8,5.76,0.300000000,46.86,138,137,19,Tuesday,10,138,LaGuardia Airport,Queens
2,2018-01-09 14:37:39,2018-01-09 15:09:31,2,9.69,1,N,1,32.0,0E-9,0.500000000,9.64,5.76,0.300000000,48.2,138,163,14,Tuesday,1,138,LaGuardia Airport,Queens
2,2018-03-08 17:11:55,2018-03-08 17:41:36,5,8.15,1,N,1,28.5,1.000000000,0.500000000,5.41,5.76,0.300000000,41.47,138,24,17,Thursday,3,138,LaGuardia Airport,Queens
2,2018-10-18 11:30:40,2018-10-18 12:02:23,2,6.82,1,N,1,26.5,0E-9,0.500000000,0.0,0.0,0.300000000,27.3,160,82,11,Thursday,10,160,Middle Village,Queens
1,2018-03-28 19:51:28,2018-03-28 20:12:57,1,8.9,1,N,1,27.0,1.000000000,0.500000000,6.9,5.76,0.300000000,41.46,138,236,19,Wednesday,3,138,LaGuardia Airport,Queens
1,2018-03-08 00:00:56,2018-03-08 00:18:48,1,8.3,1,N,1,25.0,0.500000000,0.500000000,5.25,0.0,0.300000000,31.55,138,162,0,Thursday,3,138,LaGuardia Airport,Queens
1,2018-06-09 14:28:42,2018-06-09 14:57:44,2,8.2,1,N,2,28.0,0E-9,0.500000000,0.0,5.76,0.300000000,34.56,138,263,14,Saturday,6,138,LaGuardia Airport,Queens
1,2018-05-02 12:13:09,2018-05-02 12:45:22,2,9.2,1,N,1,32.0,0E-9,0.500000000,7.75,5.96,0.300000000,46.51,138,161,12,Wednesday,5,138,LaGuardia Airport,Queens
2,2018-05-02 17:53:51,2018-05-02 18:36:43,1,9.78,1,N,1,37.0,1.000000000,0.500000000,8.91,5.76,0.300000000,53.47,138,186,17,Wednesday,5,138,LaGuardia Airport,Queens
2,2018-01-10 11:58:37,2018-01-10 12:36:35,2,11.79,1,N,1,38.0,0E-9,0.500000000,0.0,0.0,0.300000000,38.8,138,231,11,Wednesday,1,138,LaGuardia Airport,Queens
2,2018-09-23 16:58:03,2018-09-23 17:41:38,5,12.74,1,N,1,38.5,0E-9,0.500000000,11.26,5.76,0.300000000,56.32,138,90,16,Sunday,9,138,LaGuardia Airport,Queens
2,2018-08-10 14:49:13,2018-08-10 15:25:09,1,9.04,1,N,2,30.5,0E-9,0.500000000,0.0,5.76,0.300000000,37.06,138,164,14,Friday,8,138,LaGuardia Airport,Queens
2,2018-10-16 18:19:58,2018-10-16 18:59:39,2,9.26,1,N,1,32.5,1.000000000,0.500000000,8.01,5.76,0.300000000,48.07,138,238,18,Tuesday,10,138,LaGuardia Airport,Queens
2,2018-08-03 02:38:47,2018-08-03 02:39:37,1,0.18,1,N,2,2.5,0.500000000,0.500000000,0.0,0.0,0.300000000,3.8,146,145,2,Friday,8,146,Long Island City/Queens Plaza,Queens
2,2018-10-05 14:35:46,2018-10-05 15:20:36,2,15.63,4,N,1,48.5,0E-9,0.500000000,13.76,5.76,0.300000000,68.82,138,265,14,Friday,10,138,LaGuardia Airport,Queens
2,2018-08-21 11:35:09,2018-08-21 11:59:19,5,8.69,1,N,1,27.5,0E-9,0.500000000,5.66,0.0,0.300000000,33.96,138,161,11,Tuesday,8,138,LaGuardia Airport,Queens
1,2018-10-16 10:22:20,2018-10-16 11:05:34,1,8.2,1,N,1,32.5,0E-9,0.500000000,7.8,5.76,0.300000000,46.86,138,162,10,Tuesday,10,138,LaGuardia Airport,Queens
1,2018-03-06 07:23:46,2018-03-06 07:50:51,1,11.2,1,N,1,32.5,0E-9,0.500000000,11.7,5.76,0.300000000,50.76,138,233,7,Tuesday,3,138,LaGuardia Airport,Queens
1,2018-03-19 11:27:04,2018-03-19 12:11:24,2,15.0,1,N,2,46.5,0E-9,0.500000000,0.0,5.76,0.300000000,53.06,138,125,11,Monday,3,138,LaGuardia Airport,Queens
2,2018-06-20 08:08:04,2018-06-20 08:48:49,1,7.66,1,N,1,27.5,0E-9,0.500000000,0.0,5.76,0.300000000,34.06,138,262,8,Wednesday,6,138,LaGuardia Airport,Queens
2,2018-05-09 14:01:18,2018-05-09 14:32:10,1,9.3,1,N,2,31.0,0E-9,0.500000000,0.0,5.76,0.300000000,37.56,138,162,14,Wednesday,5,138,LaGuardia Airport,Queens
2,2018-04-11 20:30:00,2018-04-11 20:54:07,1,10.52,1,N,2,31.0,0.500000000,0.500000000,0.0,0.0,0.300000000,32.3,138,17,20,Wednesday,4,138,LaGuardia Airport,Queens
2,2018-10-16 21:49:30,2018-10-16 22:24:02,2,16.39,1,N,1,46.0,0.500000000,0.500000000,10.61,5.76,0.300000000,63.67,138,231,21,Tuesday,10,138,LaGuardia Airport,Queens
1,2018-06-18 14:29:15,2018-06-18 14:57:40,1,7.2,1,N,1,25.5,0E-9,0.500000000,5.25,0.0,0.300000000,31.55,138,256,14,Monday,6,138,LaGuardia Airport,Queens
1,2018-02-02 22:47:02,2018-02-02 23:07:17,1,10.0,1,N,1,29.0,0.500000000,0.500000000,0.0,0.0,0.300000000,30.3,138,131,22,Friday,2,138,LaGuardia Airport,Queens
1,2018-05-18 00:08:51,2018-05-18 00:31:40,1,14.7,1,N,2,40.5,0.500000000,0.500000000,0.0,0.0,0.300000000,41.8,138,133,0,Friday,5,138,LaGuardia Airport,Queens
1,2018-01-10 19:43:16,2018-01-10 20:10:48,1,6.3,1,N,2,23.5,1.000000000,0.500000000,0.0,0.0,0.300000000,25.3,193,232,19,Wednesday,1,193,Queensbridge/Ravenswood,Queens
2,2018-09-10 19:25:04,2018-09-10 19:33:48,1,2.4,5,N,2,62.0,0E-9,0E-9,0.0,5.76,0.300000000,68.06,145,230,19,Monday,9,145,Long Island City/Hunters Point,Queens
2,2018-03-23 21:17:09,2018-03-23 21:40:06,1,10.54,1,N,2,31.0,0.500000000,0.500000000,0.0,5.76,0.300000000,38.06,138,185,21,Friday,3,138,LaGuardia Airport,Queens
2,2018-06-30 11:55:44,2018-06-30 12:15:09,1,8.98,1,N,1,26.5,0E-9,0.500000000,5.46,0.0,0.300000000,32.76,138,148,11,Saturday,6,138,LaGuardia Airport,Queens
2,2018-09-28 11:30:53,2018-09-28 12:28:37,1,8.1,1,N,2,36.5,0E-9,0.500000000,0.0,0.0,0.300000000,37.3,138,48,11,Friday,9,138,LaGuardia Airport,Queens
2,2018-05-30 13:25:47,2018-05-30 14:05:46,1,12.49,1,N,2,40.0,0E-9,0.500000000,0.0,5.76,0.300000000,46.56,138,107,13,Wednesday,5,138,LaGuardia Airport,Queens
2,2018-03-01 15:54:46,2018-03-01 16:36:04,2,9.63,1,N,2,34.5,0E-9,0.500000000,0.0,0.0,0.300000000,35.3,138,162,15,Thursday,3,138,LaGuardia Airport,Queens
2,2018-01-13 11:36:44,2018-01-13 12:02:53,2,10.66,1,N,2,31.5,0E-9,0.500000000,0.0,5.76,0.300000000,38.06,138,230,11,Saturday,1,138,LaGuardia Airport,Queens
2,2018-12-05 17:55:30,2018-12-05 18:57:28,1,24.5,1,N,2,68.5,1.000000000,0.500000000,0.0,0.0,0.300000000,70.3,138,21,17,Wednesday,12,138,LaGuardia Airport,Queens
1,2018-09-30 16:01:05,2018-09-30 16:32:36,3,9.0,1,N,2,29.0,0E-9,0.500000000,0.0,5.76,0.300000000,35.56,138,161,16,Sunday,9,138,LaGuardia Airport,Queens
2,2018-09-30 21:20:38,2018-09-30 21:40:43,1,9.08,1,N,2,26.5,0.500000000,0.500000000,0.0,5.76,0.300000000,33.56,138,230,21,Sunday,9,138,LaGuardia Airport,Queens
2,2018-05-11 20:43:04,2018-05-11 21:08:38,1,9.8,1,N,2,30.5,0.500000000,0.500000000,0.0,5.76,0.300000000,37.56,138,238,20,Friday,5,138,LaGuardia Airport,Queens
2,2018-01-14 21:42:37,2018-01-14 22:01:36,1,9.21,1,N,1,26.5,0.500000000,0.500000000,0.0,5.76,0.300000000,33.56,138,170,21,Sunday,1,138,LaGuardia Airport,Queens
2,2018-08-16 00:03:03,2018-08-16 00:26:07,3,11.0,1,N,2,31.0,0.500000000,0.500000000,0.0,5.76,0.300000000,38.06,138,163,0,Thursday,8,138,LaGuardia Airport,Queens
2,2018-03-03 17:12:36,2018-03-03 18:19:54,1,8.9,1,N,2,46.5,0E-9,0.500000000,0.0,5.76,0.300000000,53.06,138,170,17,Saturday,3,138,LaGuardia Airport,Queens
2,2018-07-26 20:20:53,2018-07-26 21:07:51,1,11.5,1,N,2,40.5,0.500000000,0.500000000,0.0,0.0,0.300000000,41.8,138,35,20,Thursday,7,138,LaGuardia Airport,Queens
1,2018-10-13 15:25:37,2018-10-13 15:55:31,1,11.0,1,N,2,33.0,0E-9,0.500000000,0.0,5.76,0.300000000,39.56,138,142,15,Saturday,10,138,LaGuardia Airport,Queens
1,2018-02-22 13:30:59,2018-02-22 13:53:11,1,8.1,1,N,1,25.0,0E-9,0.500000000,4.73,5.76,0.300000000,36.29,138,236,13,Thursday,2,138,LaGuardia Airport,Queens
1,2018-11-24 16:25:13,2018-11-24 16:47:09,1,7.3,1,N,1,23.0,0E-9,0.500000000,5.9,5.76,0.300000000,35.46,138,41,16,Saturday,11,138,LaGuardia Airport,Queens
1,2018-12-07 07:01:02,2018-12-07 07:18:23,1,12.0,1,N,2,32.5,0E-9,0.500000000,0.0,0.0,0.300000000,33.3,138,132,7,Friday,12,138,LaGuardia Airport,Queens
2,2018-05-06 14:44:14,2018-05-06 15:14:41,1,9.0,1,N,2,28.5,0E-9,0.500000000,0.0,5.76,0.300000000,35.06,138,262,14,Sunday,5,138,LaGuardia Airport,Queens
1,2018-06-23 10:53:54,2018-06-23 11:11:45,1,10.4,1,N,2,28.5,0E-9,0.500000000,0.0,5.76,0.300000000,35.06,138,233,10,Saturday,6,138,LaGuardia Airport,Queens
1,2018-11-26 13:34:20,2018-11-26 14:09:44,1,10.2,1,N,1,34.0,0E-9,0.500000000,8.1,5.76,0.300000000,48.66,138,170,13,Monday,11,138,LaGuardia Airport,Queens
2,2018-06-06 08:21:08,2018-06-06 09:10:42,1,13.47,1,N,2,44.0,0E-9,0.500000000,0.0,5.76,0.300000000,50.56,138,249,8,Wednesday,6,138,LaGuardia Airport,Queens
1,2018-04-04 14:48:36,2018-04-04 15:14:48,1,9.5,1,N,2,28.5,0E-9,0.500000000,0.0,5.76,0.300000000,35.06,138,243,14,Wednesday,4,138,LaGuardia Airport,Queens
2,2018-06-05 12:34:24,2018-06-05 13:19:50,1,12.47,1,N,2,43.0,0E-9,0.500000000,0.0,5.76,0.300000000,49.56,138,230,12,Tuesday,6,138,LaGuardia Airport,Queens
2,2018-10-06 10:19:46,2018-10-06 10:37:21,1,9.17,1,N,2,25.5,0E-9,0.500000000,0.0,5.76,0.300000000,32.06,138,107,10,Saturday,10,138,LaGuardia Airport,Queens
1,2018-08-03 16:20:06,2018-08-03 17:04:11,1,8.5,1,N,1,31.0,1.000000000,0.500000000,5.0,0.0,0.300000000,37.8,138,258,16,Friday,8,138,LaGuardia Airport,Queens
2,2018-04-02 23:59:24,2018-04-03 00:19:07,1,10.0,1,N,1,29.0,0.500000000,0.500000000,9.02,5.76,0.300000000,45.08,138,186,23,Monday,4,138,LaGuardia Airport,Queens
1,2018-05-13 21:44:02,2018-05-13 22:15:30,1,15.4,1,N,1,41.5,0.500000000,0.500000000,12.1,5.76,0.300000000,60.66,138,13,21,Sunday,5,138,LaGuardia Airport,Queens
2,2018-09-22 06:52:34,2018-09-22 07:12:41,1,8.02,1,N,1,25.0,0E-9,0.500000000,6.31,5.76,0.300000000,37.87,138,166,6,Saturday,9,138,LaGuardia Airport,Queens
1,2018-03-25 12:45:30,2018-03-25 13:17:48,1,7.6,1,N,1,28.0,0E-9,0.500000000,2.0,0.0,0.300000000,30.8,138,161,12,Sunday,3,138,LaGuardia Airport,Queens
1,2018-06-27 18:38:48,2018-06-27 19:10:41,2,7.9,1,N,1,28.5,1.000000000,0.500000000,5.0,0.0,0.300000000,35.3,138,162,18,Wednesday,6,138,LaGuardia Airport,Queens
1,2018-07-13 15:11:58,2018-07-13 16:15:19,2,12.3,1,N,1,47.0,0E-9,0.500000000,5.0,5.76,0.300000000,58.56,138,113,15,Friday,7,138,LaGuardia Airport,Queens
1,2018-11-29 09:20:45,2018-11-29 10:08:39,1,12.7,1,N,1,42.0,0E-9,0.500000000,9.7,5.76,0.300000000,58.26,138,234,9,Thursday,11,138,LaGuardia Airport,Queens
1,2018-07-22 20:02:46,2018-07-22 20:25:19,1,12.1,2,N,1,52.0,0E-9,0.500000000,10.55,0.0,0.300000000,63.35,138,132,20,Sunday,7,138,LaGuardia Airport,Queens
1,2018-02-26 17:02:58,2018-02-26 17:33:02,2,8.5,1,N,1,29.5,1.000000000,0.500000000,3.44,5.76,0.300000000,40.5,138,151,17,Monday,2,138,LaGuardia Airport,Queens
2,2018-05-03 11:25:27,2018-05-03 12:01:27,6,13.24,1,N,1,40.5,0E-9,0.500000000,8.26,0.0,0.300000000,49.56,138,17,11,Thursday,5,138,LaGuardia Airport,Queens
1,2018-03-05 12:19:10,2018-03-05 12:37:50,1,7.9,1,Y,1,24.5,0E-9,0.500000000,6.2,5.76,0.300000000,37.26,138,233,12,Monday,3,138,LaGuardia Airport,Queens
2,2018-07-30 08:21:43,2018-07-30 09:10:50,1,12.34,1,N,1,41.5,0E-9,0.500000000,9.61,5.76,0.300000000,57.67,138,100,8,Monday,7,138,LaGuardia Airport,Queens
2,2018-11-09 11:56:42,2018-11-09 12:31:14,1,9.93,1,N,2,33.0,0E-9,0.500000000,0.0,5.76,0.300000000,39.56,138,163,11,Friday,11,138,LaGuardia Airport,Queens
2,2018-02-18 21:16:59,2018-02-18 21:37:36,1,11.51,1,N,1,32.0,0.500000000,0.500000000,9.76,5.76,0.300000000,48.82,138,224,21,Sunday,2,138,LaGuardia Airport,Queens
2,2018-07-18 19:04:35,2018-07-18 19:49:28,1,11.7,1,N,1,40.5,1.000000000,0.500000000,4.0,0.0,0.300000000,46.3,138,249,19,Wednesday,7,138,LaGuardia Airport,Queens
2,2018-03-18 22:36:10,2018-03-18 22:53:52,6,7.2,1,N,1,22.5,0.500000000,0.500000000,4.76,0.0,0.300000000,28.56,138,145,22,Sunday,3,138,LaGuardia Airport,Queens
2,2018-09-06 09:45:29,2018-09-06 10:50:16,1,10.58,1,N,1,45.5,0E-9,0.500000000,10.41,5.76,0.300000000,62.47,138,211,9,Thursday,9,138,LaGuardia Airport,Queens
2,2018-04-17 20:31:13,2018-04-17 21:00:07,1,12.43,1,N,1,36.5,0.500000000,0.500000000,7.56,0.0,0.300000000,45.36,138,249,20,Tuesday,4,138,LaGuardia Airport,Queens
2,2018-03-12 18:45:46,2018-03-12 19:17:02,1,16.95,1,N,1,46.5,1.000000000,0.500000000,9.73,5.76,0.300000000,63.79,138,231,18,Monday,3,138,LaGuardia Airport,Queens
1,2018-03-30 15:19:19,2018-03-30 15:20:29,1,1.5,1,N,2,3.0,0E-9,0.500000000,0.0,0.0,0.300000000,3.8,145,145,15,Friday,3,145,Long Island City/Hunters Point,Queens
2,2018-12-21 15:28:41,2018-12-21 15:57:01,1,8.63,1,N,1,27.0,0E-9,0.500000000,6.71,5.76,0.300000000,40.27,138,170,15,Friday,12,138,LaGuardia Airport,Queens
1,2018-04-18 13:53:05,2018-04-18 14:25:21,1,8.3,1,N,1,28.5,0E-9,0.500000000,7.3,0.0,0.300000000,36.6,138,162,13,Wednesday,4,138,LaGuardia Airport,Queens
2,2018-09-17 15:15:47,2018-09-17 15:47:33,1,9.08,1,N,1,30.5,0E-9,0.500000000,7.41,5.76,0.300000000,44.47,138,186,15,Monday,9,138,LaGuardia Airport,Queens
1,2018-09-06 13:37:52,2018-09-06 14:19:45,1,11.3,1,N,1,39.0,0E-9,0.500000000,8.0,5.76,0.300000000,53.56,138,230,13,Thursday,9,138,LaGuardia Airport,Queens
1,2018-05-07 17:39:02,2018-05-07 18:20:51,1,9.4,1,N,1,33.5,1.000000000,0.500000000,8.8,0.0,0.300000000,44.1,138,114,17,Monday,5,138,LaGuardia Airport,Queens
1,2018-07-10 17:30:50,2018-07-10 17:52:16,1,8.0,1,N,1,25.0,1.000000000,0.500000000,6.0,5.76,0.300000000,38.56,138,262,17,Tuesday,7,138,LaGuardia Airport,Queens
1,2018-09-06 19:37:17,2018-09-06 20:11:20,1,9.6,1,N,1,30.5,1.000000000,0.500000000,9.65,0.0,0.300000000,41.95,138,66,19,Thursday,9,138,LaGuardia Airport,Queens
1,2018-12-14 08:55:26,2018-12-14 09:38:55,0,8.5,1,N,1,33.0,0E-9,0.500000000,7.9,5.76,0.300000000,47.46,138,164,8,Friday,12,138,LaGuardia Airport,Queens
1,2018-01-20 23:44:33,2018-01-21 00:11:02,1,11.9,1,N,1,34.0,0.500000000,0.500000000,8.2,5.76,0.300000000,49.26,138,143,23,Saturday,1,138,LaGuardia Airport,Queens
1,2018-07-08 18:29:12,2018-07-08 18:50:59,1,6.6,1,N,1,22.0,0E-9,0.500000000,5.7,0.0,0.300000000,28.5,138,264,18,Sunday,7,138,LaGuardia Airport,Queens
1,2018-03-19 10:00:08,2018-03-19 10:48:29,1,8.7,1,N,1,35.0,0E-9,0.500000000,7.0,5.76,0.300000000,48.56,138,186,10,Monday,3,138,LaGuardia Airport,Queens
2,2018-09-26 23:05:06,2018-09-26 23:29:51,1,9.02,1,N,1,28.0,0.500000000,0.500000000,7.01,5.76,0.300000000,42.07,138,48,23,Wednesday,9,138,LaGuardia Airport,Queens
2,2018-12-26 09:18:56,2018-12-26 09:49:43,1,9.79,1,N,1,32.5,0E-9,0.500000000,8.84,5.76,0.300000000,47.9,138,230,9,Wednesday,12,138,LaGuardia Airport,Queens
2,2018-06-20 16:59:29,2018-06-20 17:32:35,1,8.89,1,N,1,30.0,1.000000000,0.500000000,7.51,5.76,0.300000000,45.07,138,234,16,Wednesday,6,138,LaGuardia Airport,Queens
1,2018-12-03 18:38:31,2018-12-03 19:18:10,1,8.9,1,N,1,34.0,1.000000000,0.500000000,7.0,5.76,0.300000000,48.56,138,230,18,Monday,12,138,LaGuardia Airport,Queens
2,2018-06-12 07:27:40,2018-06-12 08:13:34,1,16.88,1,N,1,50.5,0E-9,0.500000000,14.26,5.76,0.300000000,71.32,138,231,7,Tuesday,6,138,LaGuardia Airport,Queens
2,2018-07-13 12:26:06,2018-07-13 12:58:18,2,9.86,1,N,1,32.0,0E-9,0.500000000,7.71,5.76,0.300000000,46.27,138,164,12,Friday,7,138,LaGuardia Airport,Queens
1,2018-04-20 16:24:57,2018-04-20 17:27:14,1,10.4,1,N,1,43.5,1.000000000,0.500000000,9.06,0.0,0.300000000,54.36,138,181,16,Friday,4,138,LaGuardia Airport,Queens
2,2018-02-28 16:27:34,2018-02-28 17:19:35,2,12.48,1,N,1,43.5,1.000000000,0.500000000,10.21,5.76,0.300000000,61.27,138,231,16,Wednesday,2,138,LaGuardia Airport,Queens
1,2018-03-24 18:30:13,2018-03-24 19:17:51,3,11.8,1,N,1,40.0,0E-9,0.500000000,9.3,5.76,0.300000000,55.86,138,170,18,Saturday,3,138,LaGuardia Airport,Queens
2,2018-02-21 10:07:02,2018-02-21 10:33:03,2,8.86,1,N,1,28.0,0E-9,0.500000000,6.91,5.76,0.300000000,41.47,138,107,10,Wednesday,2,138,LaGuardia Airport,Queens
2,2018-01-24 22:57:36,2018-01-24 23:19:30,1,10.22,1,N,1,30.0,0.500000000,0.500000000,7.41,5.76,0.300000000,44.47,138,142,22,Wednesday,1,138,LaGuardia Airport,Queens
1,2018-01-24 16:30:24,2018-01-24 17:01:39,1,8.8,1,N,1,29.5,1.000000000,0.500000000,7.4,5.76,0.300000000,44.46,138,186,16,Wednesday,1,138,LaGuardia Airport,Queens
2,2018-07-12 08:32:47,2018-07-12 09:29:05,1,13.52,1,N,1,45.0,0E-9,0.500000000,10.31,5.76,0.300000000,61.87,138,125,8,Thursday,7,138,LaGuardia Airport,Queens
1,2018-05-30 10:30:41,2018-05-30 11:15:08,1,9.6,1,N,1,36.0,0E-9,0.500000000,8.5,5.76,0.300000000,51.06,138,234,10,Wednesday,5,138,LaGuardia Airport,Queens
1,2018-08-03 19:32:10,2018-08-03 19:52:27,2,8.5,1,N,1,25.0,1.000000000,0.500000000,4.0,5.76,0.300000000,36.56,138,208,19,Friday,8,138,LaGuardia Airport,Queens
1,2018-07-02 17:46:36,2018-07-02 18:12:14,1,11.3,1,N,1,33.0,1.000000000,0.500000000,8.1,5.76,0.300000000,48.66,138,142,17,Monday,7,138,LaGuardia Airport,Queens
1,2018-12-18 21:56:21,2018-12-18 22:33:05,1,9.4,1,N,1,33.5,0.500000000,0.500000000,6.95,0.0,0.300000000,41.75,138,50,21,Tuesday,12,138,LaGuardia Airport,Queens
1,2018-04-11 19:12:51,2018-04-11 19:34:00,1,8.9,1,N,1,26.5,1.000000000,0.500000000,6.81,5.76,0.300000000,40.87,138,236,19,Wednesday,4,138,LaGuardia Airport,Queens
1,2018-01-25 21:26:38,2018-01-25 21:50:17,1,9.0,1,N,1,27.5,0.500000000,0.500000000,5.44,5.76,0.300000000,40.0,138,107,21,Thursday,1,138,LaGuardia Airport,Queens
1,2018-08-14 17:48:08,2018-08-14 18:58:08,1,12.3,1,N,1,49.5,1.000000000,0.500000000,15.0,0.0,0.300000000,66.3,138,181,17,Tuesday,8,138,LaGuardia Airport,Queens
2,2018-07-26 10:55:30,2018-07-26 11:19:00,1,7.37,1,N,1,24.0,0E-9,0.500000000,4.96,0.0,0.300000000,29.76,138,130,10,Thursday,7,138,LaGuardia Airport,Queens
1,2018-12-07 15:11:29,2018-12-07 16:24:15,2,10.4,1,N,1,48.0,0E-9,0.500000000,12.15,0.0,0.300000000,60.95,138,100,15,Friday,12,138,LaGuardia Airport,Queens
1,2018-11-14 09:26:30,2018-11-14 10:10:16,1,8.5,1,N,1,33.5,0E-9,0.500000000,8.0,5.76,0.300000000,48.06,138,164,9,Wednesday,11,138,LaGuardia Airport,Queens
2,2018-04-12 23:50:04,2018-04-13 00:09:48,1,9.56,1,N,1,28.5,0.500000000,0.500000000,5.96,0.0,0.300000000,35.76,138,232,23,Thursday,4,138,LaGuardia Airport,Queens
1,2018-10-10 18:17:04,2018-10-10 18:59:57,1,11.1,1,N,1,34.0,1.000000000,0.500000000,7.15,0.0,0.300000000,42.95,138,33,18,Wednesday,10,138,LaGuardia Airport,Queens
1,2018-04-01 15:17:51,2018-04-01 15:44:58,1,9.4,1,N,1,29.5,0E-9,0.500000000,6.05,0.0,0.300000000,36.35,138,79,15,Sunday,4,138,LaGuardia Airport,Queens
1,2018-08-07 11:20:26,2018-08-07 12:02:25,1,9.5,1,N,1,35.0,0E-9,0.500000000,7.15,0.0,0.300000000,42.95,138,144,11,Tuesday,8,138,LaGuardia Airport,Queens
2,2018-12-16 23:00:16,2018-12-16 23:22:18,1,9.9,1,N,1,29.0,0.500000000,0.500000000,7.21,5.76,0.300000000,43.27,138,239,23,Sunday,12,138,LaGuardia Airport,Queens
2,2018-06-01 09:29:26,2018-06-01 10:26:45,1,10.61,1,N,1,41.0,0E-9,0.500000000,10.45,0.0,0.300000000,52.25,138,107,9,Friday,6,138,LaGuardia Airport,Queens
2,2018-02-22 15:17:37,2018-02-22 16:01:56,2,10.11,1,N,1,37.0,0E-9,0.500000000,7.56,0.0,0.300000000,45.36,138,211,15,Thursday,2,138,LaGuardia Airport,Queens
2,2018-12-07 10:24:34,2018-12-07 11:09:46,1,8.38,1,N,1,35.5,0E-9,0.500000000,10.52,5.76,0.300000000,52.58,138,161,10,Friday,12,138,LaGuardia Airport,Queens
2,2018-11-25 20:42:31,2018-11-25 21:07:22,1,11.44,1,N,1,33.5,0.500000000,0.500000000,8.11,5.76,0.300000000,48.67,138,209,20,Sunday,11,138,LaGuardia Airport,Queens
1,2018-07-16 07:41:26,2018-07-16 08:11:05,1,11.3,1,N,1,33.0,0E-9,0.500000000,9.85,5.76,0.300000000,49.41,138,233,7,Monday,7,138,LaGuardia Airport,Queens
2,2018-03-15 00:02:50,2018-03-15 00:28:33,1,15.73,1,N,1,43.0,0.500000000,0.500000000,10.01,5.76,0.300000000,60.07,138,261,0,Thursday,3,138,LaGuardia Airport,Queens
2,2018-09-09 21:51:07,2018-09-09 22:21:53,2,10.37,1,N,1,33.0,0.500000000,0.500000000,6.86,0.0,0.300000000,41.16,138,189,21,Sunday,9,138,LaGuardia Airport,Queens
1,2018-03-23 12:14:56,2018-03-23 12:44:50,0,10.0,1,N,1,31.0,0E-9,0.500000000,7.5,5.76,0.300000000,45.06,138,162,12,Friday,3,138,LaGuardia Airport,Queens
1,2018-01-16 10:25:00,2018-01-16 11:03:35,1,9.7,1,N,1,32.5,0E-9,0.500000000,5.86,5.76,0.300000000,44.92,138,239,10,Tuesday,1,138,LaGuardia Airport,Queens
2,2018-01-03 16:27:28,2018-01-03 16:59:58,3,7.67,1,N,1,26.5,1.000000000,0.500000000,5.66,0.0,0.300000000,33.96,138,256,16,Wednesday,1,138,LaGuardia Airport,Queens
1,2018-03-23 19:46:31,2018-03-23 20:12:58,2,9.8,1,N,1,31.0,1.000000000,0.500000000,7.7,5.76,0.300000000,46.26,138,229,19,Friday,3,138,LaGuardia Airport,Queens
2,2018-04-30 15:41:13,2018-04-30 16:28:06,2,10.62,1,N,1,37.0,0E-9,0.500000000,10.89,5.76,0.300000000,54.45,138,79,15,Monday,4,138,LaGuardia Airport,Queens
2,2018-03-04 12:06:36,2018-03-04 12:28:50,1,10.31,1,N,1,29.0,0E-9,0.500000000,4.0,5.76,0.300000000,39.56,138,233,12,Sunday,3,138,LaGuardia Airport,Queens
2,2018-04-13 15:35:08,2018-04-13 16:05:55,1,8.03,1,N,1,26.5,0E-9,0.500000000,6.61,5.76,0.300000000,39.67,138,233,15,Friday,4,138,LaGuardia Airport,Queens
1,2018-05-12 13:03:19,2018-05-12 13:34:52,1,10.1,1,N,1,30.5,0E-9,0.500000000,7.4,5.76,0.300000000,44.46,138,161,13,Saturday,5,138,LaGuardia Airport,Queens
2,2018-04-15 20:44:36,2018-04-15 21:07:11,1,7.93,1,N,1,25.0,0.500000000,0.500000000,4.0,0.0,0.300000000,30.3,138,229,20,Sunday,4,138,LaGuardia Airport,Queens
1,2018-10-25 19:35:48,2018-10-25 20:22:45,1,6.8,1,N,1,32.0,1.000000000,0.500000000,10.14,0.0,0.300000000,43.94,138,142,19,Thursday,10,138,LaGuardia Airport,Queens
2,2018-04-30 11:38:38,2018-04-30 12:24:37,1,13.63,1,N,1,43.5,0E-9,0.500000000,10.01,5.76,0.300000000,60.07,138,48,11,Monday,4,138,LaGuardia Airport,Queens
2,2018-05-11 19:44:54,2018-05-11 20:18:26,1,8.5,1,N,1,29.0,1.000000000,0.500000000,9.14,5.76,0.300000000,45.7,138,151,19,Friday,5,138,LaGuardia Airport,Queens
1,2018-08-07 11:48:18,2018-08-07 12:26:02,1,8.6,1,N,1,33.0,0E-9,0.500000000,7.9,5.76,0.300000000,47.46,138,161,11,Tuesday,8,138,LaGuardia Airport,Queens
2,2018-11-07 15:48:27,2018-11-07 15:53:23,1,12.17,1,N,1,45.5,1.000000000,0.500000000,10.61,5.76,0.300000000,63.67,138,48,15,Wednesday,11,138,LaGuardia Airport,Queens
2,2018-08-31 17:37:28,2018-08-31 18:21:10,1,9.9,1,N,1,34.0,1.000000000,0.500000000,8.31,5.76,0.300000000,49.87,138,239,17,Friday,8,138,LaGuardia Airport,Queens
2,2018-01-07 17:36:03,2018-01-07 17:50:11,1,7.91,1,N,1,22.5,0E-9,0.500000000,5.81,5.76,0.300000000,34.87,138,170,17,Sunday,1,138,LaGuardia Airport,Queens
2,2018-02-06 13:47:42,2018-02-06 14:32:41,1,10.86,1,N,1,38.5,0E-9,0.500000000,9.01,5.76,0.300000000,54.07,138,230,13,Tuesday,2,138,LaGuardia Airport,Queens
2,2018-11-07 18:44:36,2018-11-07 19:39:12,2,15.53,1,N,1,47.0,1.000000000,0.500000000,10.91,5.76,0.300000000,65.47,138,13,18,Wednesday,11,138,LaGuardia Airport,Queens
2,2018-03-18 21:50:45,2018-03-18 22:22:09,1,15.2,1,N,1,43.5,0.500000000,0.500000000,10.11,5.76,0.300000000,60.67,138,249,21,Sunday,3,138,LaGuardia Airport,Queens
2,2018-06-24 19:38:16,2018-06-24 20:15:01,2,10.52,1,N,1,34.5,0E-9,0.500000000,8.21,5.76,0.300000000,49.27,138,143,19,Sunday,6,138,LaGuardia Airport,Queens
2,2018-10-04 21:38:17,2018-10-04 21:57:03,1,8.32,1,N,1,25.0,0.500000000,0.500000000,6.41,5.76,0.300000000,38.47,138,263,21,Thursday,10,138,LaGuardia Airport,Queens
2,2018-08-09 01:37:36,2018-08-09 01:56:40,2,9.33,1,N,1,27.0,0.500000000,0.500000000,8.52,5.76,0.300000000,42.58,138,230,1,Thursday,8,138,LaGuardia Airport,Queens
1,2018-03-26 08:51:23,2018-03-26 09:42:26,2,11.0,1,N,1,38.5,0E-9,0.500000000,7.85,0.0,0.300000000,47.15,138,25,8,Monday,3,138,LaGuardia Airport,Queens
1,2018-12-10 19:50:23,2018-12-10 20:21:12,1,9.1,1,N,1,31.5,0.500000000,0.500000000,8.15,0.0,0.300000000,40.95,138,163,19,Monday,12,138,LaGuardia Airport,Queens
2,2018-09-24 11:51:32,2018-09-24 12:29:02,1,9.7,1,N,1,35.5,0E-9,0.500000000,8.41,5.76,0.300000000,50.47,138,170,11,Monday,9,138,LaGuardia Airport,Queens
2,2018-12-09 15:18:38,2018-12-09 16:02:02,1,12.16,1,N,1,41.0,0E-9,0.500000000,8.0,5.76,0.300000000,55.56,138,162,15,Sunday,12,138,LaGuardia Airport,Queens
1,2018-10-12 13:09:35,2018-10-12 13:57:44,1,13.5,1,N,1,45.0,0E-9,0.500000000,10.3,5.76,0.300000000,61.86,138,246,13,Friday,10,138,LaGuardia Airport,Queens
2,2018-11-06 08:51:55,2018-11-06 09:35:41,3,12.32,1,N,1,38.0,0E-9,0.500000000,8.91,5.76,0.300000000,53.47,138,234,8,Tuesday,11,138,LaGuardia Airport,Queens
2,2018-10-15 18:30:41,2018-10-15 18:54:01,1,10.21,1,N,1,30.0,1.000000000,0.500000000,9.39,5.76,0.300000000,46.95,138,162,18,Monday,10,138,LaGuardia Airport,Queens
2,2018-06-04 20:54:19,2018-06-04 21:22:03,5,11.55,1,N,1,34.0,0.500000000,0.500000000,10.26,5.76,0.300000000,51.32,138,230,20,Monday,6,138,LaGuardia Airport,Queens
2,2018-05-14 16:04:25,2018-05-14 16:54:53,2,11.32,1,N,1,41.0,1.000000000,0.500000000,8.56,0.0,0.300000000,51.36,138,114,16,Monday,5,138,LaGuardia Airport,Queens
2,2018-05-02 11:25:08,2018-05-02 12:04:05,1,8.5,1,N,1,32.0,0E-9,0.500000000,7.71,5.76,0.300000000,46.27,138,100,11,Wednesday,5,138,LaGuardia Airport,Queens
1,2018-06-06 09:13:10,2018-06-06 09:58:28,1,9.3,1,N,1,34.5,0E-9,0.500000000,8.2,5.76,0.300000000,49.26,138,161,9,Wednesday,6,138,LaGuardia Airport,Queens
1,2018-08-22 14:33:39,2018-08-22 14:57:21,1,9.8,1,N,1,28.5,0E-9,0.500000000,10.5,5.76,0.300000000,45.56,138,229,14,Wednesday,8,138,LaGuardia Airport,Queens
2,2018-10-17 20:20:44,2018-10-17 20:39:58,1,8.27,1,N,1,25.0,0.500000000,0.500000000,2.63,0.0,0.300000000,28.93,138,256,20,Wednesday,10,138,LaGuardia Airport,Queens
2,2018-11-18 16:50:06,2018-11-18 17:11:19,5,8.5,1,N,1,26.0,0E-9,0.500000000,6.51,5.76,0.300000000,39.07,138,233,16,Sunday,11,138,LaGuardia Airport,Queens
2,2018-02-08 13:20:54,2018-02-08 14:01:42,1,10.34,1,N,1,35.5,0E-9,0.500000000,10.52,5.76,0.300000000,52.58,138,230,13,Thursday,2,138,LaGuardia Airport,Queens
2,2018-03-04 10:30:48,2018-03-04 11:00:04,1,10.96,1,N,1,33.5,0E-9,0.500000000,8.01,5.76,0.300000000,48.07,138,142,10,Sunday,3,138,LaGuardia Airport,Queens
2,2018-03-27 11:11:23,2018-03-27 13:24:33,2,10.95,1,N,1,77.0,0E-9,0.500000000,20.89,5.76,0.300000000,104.45,138,48,11,Tuesday,3,138,LaGuardia Airport,Queens
1,2018-10-04 22:32:34,2018-10-04 22:59:54,1,13.7,1,N,1,39.5,0.500000000,0.500000000,9.3,5.76,0.300000000,55.86,138,114,22,Thursday,10,138,LaGuardia Airport,Queens
1,2018-01-18 17:07:17,2018-01-18 17:41:47,1,12.1,1,N,1,36.5,1.000000000,0.500000000,8.8,5.76,0.300000000,52.86,138,79,17,Thursday,1,138,LaGuardia Airport,Queens
2,2018-03-05 09:01:10,2018-03-05 10:07:37,1,8.62,1,N,1,45.0,0E-9,0.500000000,9.16,0.0,0.300000000,54.96,138,80,9,Monday,3,138,LaGuardia Airport,Queens
1,2018-02-27 18:35:00,2018-02-27 19:03:50,1,9.2,1,N,1,30.5,1.000000000,0.500000000,7.6,5.76,0.300000000,45.66,138,107,18,Tuesday,2,138,LaGuardia Airport,Queens
2,2018-03-07 10:54:55,2018-03-07 11:20:26,1,15.32,1,N,1,42.0,0E-9,0.500000000,12.14,5.76,0.300000000,60.7,138,87,10,Wednesday,3,138,LaGuardia Airport,Queens
1,2018-01-12 10:49:54,2018-01-12 11:26:35,1,12.1,1,N,2,36.5,0E-9,0.500000000,0.0,5.76,0.300000000,43.06,138,107,10,Friday,1,138,LaGuardia Airport,Queens
2,2018-01-24 13:14:03,2018-01-24 13:59:08,2,9.67,1,N,2,37.5,0E-9,0.500000000,0.0,5.76,0.300000000,44.06,138,163,13,Wednesday,1,138,LaGuardia Airport,Queens
1,2018-11-09 19:00:51,2018-11-09 19:34:24,1,12.2,1,N,1,35.5,1.000000000,0.500000000,7.45,0.0,0.300000000,44.75,138,40,19,Friday,11,138,LaGuardia Airport,Queens
1,2018-11-09 19:01:28,2018-11-09 19:42:20,1,7.8,1,N,1,30.5,1.000000000,0.500000000,7.6,5.76,0.300000000,45.66,138,233,19,Friday,11,138,LaGuardia Airport,Queens
2,2018-05-30 14:51:41,2018-05-30 15:43:12,5,14.89,2,N,1,52.0,0E-9,0.500000000,5.0,5.76,0.300000000,63.56,145,132,14,Wednesday,5,145,Long Island City/Hunters Point,Queens
1,2018-11-26 23:22:22,2018-11-26 23:58:09,2,18.6,1,N,1,52.0,0.500000000,0.500000000,5.0,0.0,0.300000000,58.3,138,14,23,Monday,11,138,LaGuardia Airport,Queens
1,2018-05-18 12:38:58,2018-05-18 13:24:21,1,9.2,1,N,1,38.0,0E-9,0.500000000,8.9,5.76,0.300000000,53.46,138,100,12,Friday,5,138,LaGuardia Airport,Queens
1,2018-05-07 17:05:21,2018-05-07 17:49:32,1,9.3,1,N,1,34.0,1.000000000,0.500000000,10.35,5.76,0.300000000,51.91,138,164,17,Monday,5,138,LaGuardia Airport,Queens
2,2018-01-01 12:47:47,2018-01-01 13:15:17,2,12.97,1,N,1,37.5,0E-9,0.500000000,8.81,5.76,0.300000000,52.87,138,87,12,Monday,1,138,LaGuardia Airport,Queens
1,2018-06-11 07:59:34,2018-06-11 08:51:08,1,10.2,1,N,1,35.5,0E-9,0.500000000,8.4,5.76,0.300000000,50.46,138,229,7,Monday,6,138,LaGuardia Airport,Queens
1,2018-10-12 01:28:20,2018-10-12 01:44:56,1,8.2,1,N,1,23.5,0.500000000,0.500000000,0.0,0.0,0.300000000,24.8,138,202,1,Friday,10,138,LaGuardia Airport,Queens
2,2018-06-28 16:58:37,2018-06-28 17:31:28,3,8.25,1,N,1,27.5,1.000000000,0.500000000,8.79,0.0,0.300000000,38.09,138,97,16,Thursday,6,138,LaGuardia Airport,Queens
1,2018-06-18 18:30:04,2018-06-18 19:20:26,3,10.7,1,N,1,37.5,1.000000000,0.500000000,6.0,0.0,0.300000000,45.3,138,17,18,Monday,6,138,LaGuardia Airport,Queens
1,2018-10-29 21:12:28,2018-10-29 21:34:40,1,10.8,1,N,1,31.5,0.500000000,0.500000000,7.7,5.76,0.300000000,46.26,138,230,21,Monday,10,138,LaGuardia Airport,Queens
2,2018-09-16 17:40:01,2018-09-16 17:57:43,1,8.42,1,N,1,24.0,0E-9,0.500000000,6.11,5.76,0.300000000,36.67,138,137,17,Sunday,9,138,LaGuardia Airport,Queens
2,2018-11-09 18:35:16,2018-11-09 19:16:43,2,11.25,1,N,1,35.0,1.000000000,0.500000000,7.0,0.0,0.300000000,43.8,138,25,18,Friday,11,138,LaGuardia Airport,Queens
2,2018-01-12 15:15:21,2018-01-12 16:17:39,2,11.66,1,N,1,44.0,0E-9,0.500000000,15.17,5.76,0.300000000,65.73,138,230,15,Friday,1,138,LaGuardia Airport,Queens
1,2018-05-28 11:33:51,2018-05-28 11:51:45,1,10.8,1,N,1,30.5,0E-9,0.500000000,7.4,5.76,0.300000000,44.46,138,47,11,Monday,5,138,LaGuardia Airport,Queens
1,2018-05-29 00:10:29,2018-05-29 00:28:31,2,9.1,1,N,1,26.5,0.500000000,0.500000000,6.7,5.76,0.300000000,40.26,138,236,0,Tuesday,5,138,LaGuardia Airport,Queens
2,2018-10-23 12:21:18,2018-10-23 12:58:44,1,9.87,1,N,1,34.5,0E-9,0.500000000,12.32,5.76,0.300000000,53.38,138,249,12,Tuesday,10,138,LaGuardia Airport,Queens
2,2018-02-13 15:41:11,2018-02-13 16:11:15,1,9.11,1,N,1,30.5,0E-9,0.500000000,9.26,5.76,0.300000000,46.32,138,230,15,Tuesday,2,138,LaGuardia Airport,Queens
2,2018-07-15 19:52:54,2018-07-15 20:16:15,1,9.4,1,N,1,28.0,0E-9,0.500000000,8.64,5.76,0.300000000,43.2,138,68,19,Sunday,7,138,LaGuardia Airport,Queens
1,2018-02-28 12:37:17,2018-02-28 13:15:07,3,10.0,1,N,1,33.5,0E-9,0.500000000,10.0,5.76,0.300000000,50.06,138,163,12,Wednesday,2,138,LaGuardia Airport,Queens
2,2018-02-21 12:35:24,2018-02-21 12:58:40,4,9.23,1,N,1,28.0,0E-9,0.500000000,5.76,0.0,0.300000000,34.56,138,49,12,Wednesday,2,138,LaGuardia Airport,Queens
1,2018-07-15 17:32:25,2018-07-15 17:59:09,1,8.9,1,N,1,27.5,0E-9,0.500000000,6.8,5.76,0.300000000,40.86,138,90,17,Sunday,7,138,LaGuardia Airport,Queens
1,2018-01-01 08:48:37,2018-01-01 09:09:12,2,10.7,1,N,1,30.5,0E-9,0.500000000,3.71,5.76,0.300000000,40.77,138,142,8,Monday,1,138,LaGuardia Airport,Queens
2,2018-09-17 10:08:58,2018-09-17 11:04:15,1,10.24,1,N,1,39.5,0E-9,0.500000000,9.21,5.76,0.300000000,55.27,138,237,10,Monday,9,138,LaGuardia Airport,Queens
2,2018-02-04 12:44:59,2018-02-04 13:13:13,1,10.1,1,N,1,31.5,0E-9,0.500000000,5.0,5.76,0.300000000,43.06,138,230,12,Sunday,2,138,LaGuardia Airport,Queens
1,2018-02-25 19:01:34,2018-02-25 19:42:29,1,15.8,1,N,1,46.5,0E-9,0.500000000,5.0,0.0,0.300000000,52.3,138,89,19,Sunday,2,138,LaGuardia Airport,Queens
2,2018-02-05 17:22:59,2018-02-05 17:55:03,1,9.21,1,N,1,31.0,1.000000000,0.500000000,7.0,5.76,0.300000000,45.56,138,161,17,Monday,2,138,LaGuardia Airport,Queens
2,2018-10-24 11:04:51,2018-10-24 12:10:07,2,11.73,1,N,1,48.0,0E-9,0.500000000,9.0,5.76,0.300000000,63.56,138,163,11,Wednesday,10,138,LaGuardia Airport,Queens
2,2018-08-26 18:18:22,2018-08-26 18:50:46,2,11.33,1,N,1,34.5,0E-9,0.500000000,8.21,5.76,0.300000000,49.27,138,142,18,Sunday,8,138,LaGuardia Airport,Queens
2,2018-10-23 13:46:46,2018-10-23 14:13:25,1,8.85,1,N,1,29.0,0E-9,0.500000000,8.89,5.76,0.300000000,44.45,138,164,13,Tuesday,10,138,LaGuardia Airport,Queens
2,2018-05-19 17:37:42,2018-05-19 17:58:41,1,6.54,1,N,1,22.0,0E-9,0.500000000,3.57,5.76,0.300000000,32.13,138,41,17,Saturday,5,138,LaGuardia Airport,Queens
1,2018-11-27 13:18:50,2018-11-27 13:43:47,0,8.4,1,N,1,27.5,0E-9,0.500000000,8.45,0.0,0.300000000,36.75,138,37,13,Tuesday,11,138,LaGuardia Airport,Queens
1,2018-04-12 10:59:32,2018-04-12 11:18:48,1,10.6,1,N,1,30.0,0E-9,0.500000000,7.7,0.0,0.300000000,38.5,138,216,10,Thursday,4,138,LaGuardia Airport,Queens
1,2018-08-15 18:17:13,2018-08-15 18:42:38,1,10.1,1,N,1,30.5,1.000000000,0.500000000,7.6,5.76,0.300000000,45.66,138,230,18,Wednesday,8,138,LaGuardia Airport,Queens
2,2018-02-14 23:46:23,2018-02-15 00:15:38,1,7.8,1,N,1,27.0,0.500000000,0.500000000,7.08,0.0,0.300000000,35.38,138,142,23,Wednesday,2,138,LaGuardia Airport,Queens
2,2018-03-15 23:36:35,2018-03-15 23:57:54,1,8.97,1,N,1,27.0,0.500000000,0.500000000,6.81,5.76,0.300000000,40.87,138,238,23,Thursday,3,138,LaGuardia Airport,Queens
1,2018-05-23 18:30:50,2018-05-23 19:03:04,3,8.2,1,N,1,30.0,1.000000000,0.500000000,8.0,5.76,0.300000000,45.56,138,233,18,Wednesday,5,138,LaGuardia Airport,Queens
2,2018-03-19 08:47:29,2018-03-19 09:37:11,1,10.21,1,N,1,35.5,0E-9,0.500000000,8.41,5.76,0.300000000,50.47,138,161,8,Monday,3,138,LaGuardia Airport,Queens
2,2018-03-23 22:55:14,2018-03-23 23:23:37,3,14.14,1,N,1,39.5,0.500000000,0.500000000,8.16,0.0,0.300000000,48.96,138,181,22,Friday,3,138,LaGuardia Airport,Queens
2,2018-12-07 11:27:54,2018-12-07 12:09:50,1,10.72,1,N,1,38.0,0E-9,0.500000000,8.91,5.76,0.300000000,53.47,138,230,11,Friday,12,138,LaGuardia Airport,Queens
2,2018-12-31 17:44:16,2018-12-31 18:13:31,2,9.53,1,N,1,29.0,1.000000000,0.500000000,6.16,0.0,0.300000000,36.96,138,49,17,Monday,12,138,LaGuardia Airport,Queens
2,2018-05-01 16:52:10,2018-05-01 17:23:06,1,10.6,1,N,1,32.5,1.000000000,0.500000000,10.02,5.76,0.300000000,50.08,138,161,16,Tuesday,5,138,LaGuardia Airport,Queens
2,2018-06-22 10:08:12,2018-06-22 10:27:03,1,8.39,1,N,1,24.5,0E-9,0.500000000,3.11,5.76,0.300000000,34.17,138,137,10,Friday,6,138,LaGuardia Airport,Queens
2,2018-08-01 12:30:43,2018-08-01 13:20:31,1,16.14,1,N,2,49.0,0E-9,0.500000000,0.0,0.0,0.300000000,49.8,138,85,12,Wednesday,8,138,LaGuardia Airport,Queens
2,2018-11-20 10:54:16,2018-11-20 11:48:48,1,10.03,1,N,1,40.0,0E-9,0.500000000,0.0,5.76,0.300000000,46.56,138,163,10,Tuesday,11,138,LaGuardia Airport,Queens
1,2018-04-04 12:56:58,2018-04-04 13:26:34,1,11.0,1,N,1,33.0,0E-9,0.500000000,9.85,5.76,0.300000000,49.41,138,162,12,Wednesday,4,138,LaGuardia Airport,Queens
1,2018-04-26 17:30:44,2018-04-26 17:31:41,1,1.1,5,N,1,55.0,0E-9,0E-9,11.05,0.0,0.300000000,66.35,138,138,17,Thursday,4,138,LaGuardia Airport,Queens
2,2018-05-22 21:49:34,2018-05-22 22:08:28,1,9.2,1,N,1,26.5,0.500000000,0.500000000,6.71,5.76,0.300000000,40.27,138,164,21,Tuesday,5,138,LaGuardia Airport,Queens
2,2018-04-16 08:40:24,2018-04-16 09:55:49,1,16.86,1,N,1,59.0,0E-9,0.500000000,13.11,5.76,0.300000000,78.67,138,13,8,Monday,4,138,LaGuardia Airport,Queens
1,2018-11-08 16:13:00,2018-11-08 16:59:41,2,7.7,1,N,1,33.5,1.000000000,0.500000000,10.0,5.76,0.300000000,51.06,138,164,16,Thursday,11,138,LaGuardia Airport,Queens
1,2018-11-07 09:28:49,2018-11-07 10:19:41,1,12.1,1,N,1,43.5,0E-9,0.500000000,10.0,5.76,0.300000000,60.06,138,161,9,Wednesday,11,138,LaGuardia Airport,Queens
2,2018-03-27 07:13:21,2018-03-27 07:46:29,1,14.94,1,N,1,42.5,0E-9,0.500000000,9.81,5.76,0.300000000,58.87,138,87,7,Tuesday,3,138,LaGuardia Airport,Queens
1,2018-10-12 21:13:24,2018-10-12 21:49:53,1,12.3,1,N,1,38.5,0.500000000,0.500000000,12.0,5.76,0.300000000,57.56,138,230,21,Friday,10,138,LaGuardia Airport,Queens
1,2018-03-29 21:07:58,2018-03-29 21:24:02,1,7.6,1,N,2,22.5,0.500000000,0.500000000,0.0,5.76,0.300000000,29.56,138,236,21,Thursday,3,138,LaGuardia Airport,Queens
1,2018-02-26 09:38:31,2018-02-26 10:26:30,1,14.4,1,N,1,44.5,0E-9,0.500000000,7.66,5.76,0.300000000,58.72,138,88,9,Monday,2,138,LaGuardia Airport,Queens
2,2018-02-06 16:47:33,2018-02-06 17:21:48,1,8.08,1,N,1,28.5,1.000000000,0.500000000,7.21,5.76,0.300000000,43.27,138,164,16,Tuesday,2,138,LaGuardia Airport,Queens
2,2018-06-24 19:47:36,2018-06-24 20:21:48,2,13.7,1,N,1,40.0,0E-9,0.500000000,5.59,5.76,0.300000000,52.15,138,211,19,Sunday,6,138,LaGuardia Airport,Queens
1,2018-04-17 10:22:36,2018-04-17 11:21:10,1,10.4,1,N,1,40.0,0E-9,0.500000000,9.3,5.76,0.300000000,55.86,138,161,10,Tuesday,4,138,LaGuardia Airport,Queens
1,2018-01-30 20:12:28,2018-01-30 20:37:17,1,9.7,1,N,1,29.0,0.500000000,0.500000000,7.21,5.76,0.300000000,43.27,138,239,20,Tuesday,1,138,LaGuardia Airport,Queens
2,2018-04-27 15:56:01,2018-04-27 16:54:00,2,8.91,1,N,2,39.5,0E-9,0.500000000,0.0,5.76,0.300000000,46.06,138,48,15,Friday,4,138,LaGuardia Airport,Queens
2,2018-03-27 12:43:57,2018-03-27 13:33:02,6,10.25,1,N,1,39.5,0E-9,0.500000000,6.0,5.76,0.300000000,52.06,138,161,12,Tuesday,3,138,LaGuardia Airport,Queens
2,2018-03-23 22:18:45,2018-03-23 22:51:26,2,14.27,1,N,2,42.5,0.500000000,0.500000000,0.0,0.0,0.300000000,43.8,138,261,22,Friday,3,138,LaGuardia Airport,Queens
2,2018-12-13 09:49:54,2018-12-13 10:50:36,2,10.76,1,N,2,39.0,0E-9,0.500000000,0.0,5.76,0.300000000,45.56,138,43,9,Thursday,12,138,LaGuardia Airport,Queens
2,2018-04-08 13:11:19,2018-04-08 13:47:39,1,9.99,1,N,2,33.5,0E-9,0.500000000,0.0,5.76,0.300000000,40.06,138,90,13,Sunday,4,138,LaGuardia Airport,Queens
2,2018-06-13 04:40:32,2018-06-13 05:03:08,6,15.3,1,N,1,42.0,0.500000000,0.500000000,0.0,0.0,0.300000000,43.3,138,257,4,Wednesday,6,138,LaGuardia Airport,Queens
2,2018-06-30 18:45:31,2018-06-30 18:59:35,1,9.33,1,N,2,25.5,0E-9,0.500000000,0.0,5.76,0.300000000,32.06,138,229,18,Saturday,6,138,LaGuardia Airport,Queens
1,2018-01-31 14:47:32,2018-01-31 15:11:41,1,7.9,1,N,2,25.5,0E-9,0.500000000,0.0,5.76,0.300000000,32.06,138,262,14,Wednesday,1,138,LaGuardia Airport,Queens
2,2018-07-24 09:20:25,2018-07-24 09:45:24,1,10.09,1,N,2,29.5,0E-9,0.500000000,0.0,5.76,0.300000000,36.06,138,243,9,Tuesday,7,138,LaGuardia Airport,Queens
2,2018-01-16 15:23:23,2018-01-16 15:55:05,2,9.34,1,N,2,32.5,0E-9,0.500000000,0.0,5.76,0.300000000,39.06,138,164,15,Tuesday,1,138,LaGuardia Airport,Queens
2,2018-12-17 11:24:39,2018-12-17 11:49:03,6,7.8,1,N,2,25.0,0E-9,0.500000000,0.0,0.0,0.300000000,25.8,138,198,11,Monday,12,138,LaGuardia Airport,Queens
1,2018-09-18 10:04:17,2018-09-18 10:44:45,1,15.2,1,N,2,43.0,0E-9,0.500000000,0.0,5.76,0.300000000,49.56,138,261,10,Tuesday,9,138,LaGuardia Airport,Queens
2,2018-11-18 19:33:56,2018-11-18 19:53:49,3,8.84,1,N,1,26.5,0E-9,0.500000000,0.0,5.76,0.300000000,33.06,138,230,19,Sunday,11,138,LaGuardia Airport,Queens
2,2018-08-07 00:21:46,2018-08-07 01:30:28,4,15.76,5,N,2,0.01,0E-9,0E-9,0.0,5.76,0.300000000,6.07,173,78,0,Tuesday,8,173,North Corona,Queens
2,2018-06-23 11:09:19,2018-06-23 11:38:35,1,10.45,1,N,2,32.5,0E-9,0.500000000,0.0,5.76,0.300000000,39.06,138,163,11,Saturday,6,138,LaGuardia Airport,Queens
2,2018-07-05 19:40:22,2018-07-05 20:06:42,1,10.56,1,N,2,32.0,1.000000000,0.500000000,0.0,5.76,0.300000000,39.56,138,142,19,Thursday,7,138,LaGuardia Airport,Queens
2,2018-10-12 20:47:22,2018-10-12 21:19:30,1,11.44,1,N,1,35.0,0.500000000,0.500000000,0.0,5.76,0.300000000,42.06,138,48,20,Friday,10,138,LaGuardia Airport,Queens
1,2018-02-18 00:57:07,2018-02-18 01:14:20,1,8.3,1,N,1,24.5,0.500000000,0.500000000,3.0,5.76,0.300000000,34.56,138,60,0,Sunday,2,138,LaGuardia Airport,Queens
2,2018-12-20 17:08:00,2018-12-20 18:47:49,1,9.19,1,N,2,59.5,1.000000000,0.500000000,0.0,0.0,0.300000000,61.3,138,100,17,Thursday,12,138,LaGuardia Airport,Queens
2,2018-04-17 13:33:37,2018-04-17 14:00:55,1,9.62,1,N,2,28.0,0E-9,0.500000000,0.0,0.0,0.300000000,28.8,138,65,13,Tuesday,4,138,LaGuardia Airport,Queens
2,2018-03-25 08:48:54,2018-03-25 09:04:16,1,9.13,1,N,1,26.0,0E-9,0.500000000,2.5,5.76,0.300000000,35.06,138,237,8,Sunday,3,138,LaGuardia Airport,Queens
2,2018-06-22 21:39:53,2018-06-22 22:10:32,1,9.8,1,N,1,32.0,0.500000000,0.500000000,6.66,0.0,0.300000000,39.96,138,141,21,Friday,6,138,LaGuardia Airport,Queens
2,2018-01-19 13:19:42,2018-01-19 13:39:43,6,10.1,1,N,1,28.5,0E-9,0.500000000,5.0,5.76,0.300000000,40.06,138,162,13,Friday,1,138,LaGuardia Airport,Queens
1,2018-08-09 21:45:36,2018-08-09 22:14:43,1,12.1,1,N,1,36.0,0.500000000,0.500000000,8.6,5.76,0.300000000,51.66,138,151,21,Thursday,8,138,LaGuardia Airport,Queens
2,2018-02-26 12:35:40,2018-02-26 12:53:22,1,8.56,1,N,1,25.5,0E-9,0.500000000,5.0,5.76,0.300000000,37.06,138,263,12,Monday,2,138,LaGuardia Airport,Queens
1,2018-07-08 23:48:14,2018-07-09 00:15:27,2,9.9,1,N,1,30.5,0.500000000,0.500000000,5.0,0.0,0.300000000,36.8,138,48,23,Sunday,7,138,LaGuardia Airport,Queens
1,2018-04-09 16:37:38,2018-04-09 17:05:06,1,9.0,1,N,1,28.5,1.000000000,0.500000000,5.0,5.76,0.300000000,41.06,138,107,16,Monday,4,138,LaGuardia Airport,Queens
1,2018-07-27 14:24:40,2018-07-27 14:58:33,1,10.3,1,N,1,32.0,0E-9,0.500000000,5.0,5.76,0.300000000,43.56,138,237,14,Friday,7,138,LaGuardia Airport,Queens
2,2018-10-15 17:53:46,2018-10-15 18:23:12,1,10.52,1,N,1,33.0,1.000000000,0.500000000,10.14,5.76,0.300000000,50.7,138,162,17,Monday,10,138,LaGuardia Airport,Queens
2,2018-10-18 16:01:37,2018-10-18 16:41:24,1,9.13,2,N,1,52.0,4.500000000,0.500000000,6.94,5.76,0.300000000,70.0,196,132,16,Thursday,10,196,Rego Park,Queens
1,2018-01-09 08:33:55,2018-01-09 09:21:00,1,9.9,1,N,1,32.5,0E-9,0.500000000,6.94,5.76,0.300000000,46.0,138,140,8,Tuesday,1,138,LaGuardia Airport,Queens
1,2018-09-03 21:32:57,2018-09-03 22:00:20,1,10.0,1,N,1,30.0,0.500000000,0.500000000,3.5,0.0,0.300000000,34.8,138,66,21,Monday,9,138,LaGuardia Airport,Queens
2,2018-10-07 21:29:10,2018-10-07 21:50:51,2,9.02,1,N,2,26.5,0.500000000,0.500000000,0.0,0.0,0.300000000,27.8,138,49,21,Sunday,10,138,LaGuardia Airport,Queens
1,2018-10-19 13:44:46,2018-10-19 13:45:24,1,4.2,1,N,2,2.5,0E-9,0.500000000,0.0,0.0,0.300000000,3.3,145,145,13,Friday,10,145,Long Island City/Hunters Point,Queens
2,2018-12-13 10:18:18,2018-12-13 10:56:50,1,9.39,1,N,1,31.5,0E-9,0.500000000,0.0,0.0,0.300000000,32.3,138,97,10,Thursday,12,138,LaGuardia Airport,Queens
2,2018-03-08 22:18:40,2018-03-08 22:42:52,4,8.85,1,N,1,28.5,0.500000000,0.500000000,0.0,0.0,0.300000000,29.8,138,148,22,Thursday,3,138,LaGuardia Airport,Queens
2,2018-01-09 12:32:16,2018-01-09 12:49:12,5,11.6,1,N,1,32.0,0E-9,0.500000000,6.56,0.0,0.300000000,39.36,138,132,12,Tuesday,1,138,LaGuardia Airport,Queens
2,2018-04-08 11:01:18,2018-04-08 11:25:02,1,11.37,1,N,2,32.5,0E-9,0.500000000,0.0,5.76,0.300000000,39.06,138,161,11,Sunday,4,138,LaGuardia Airport,Queens
1,2018-11-01 21:27:57,2018-11-01 21:59:51,1,10.7,1,N,2,34.0,0.500000000,0.500000000,0.0,0.0,0.300000000,35.3,138,113,21,Thursday,11,138,LaGuardia Airport,Queens
1,2018-11-07 17:24:53,2018-11-07 17:41:40,2,6.0,2,N,1,52.0,4.500000000,0.500000000,12.6,5.76,0.300000000,75.66,134,132,17,Wednesday,11,134,Kew Gardens,Queens
1,2018-03-14 21:03:48,2018-03-14 21:24:33,1,10.3,1,N,1,29.5,0.500000000,0.500000000,0.0,5.76,0.300000000,36.56,138,229,21,Wednesday,3,138,LaGuardia Airport,Queens
2,2018-01-14 13:09:58,2018-01-14 13:44:01,2,12.49,1,N,2,37.0,0E-9,0.500000000,0.0,5.76,0.300000000,43.56,138,186,13,Sunday,1,138,LaGuardia Airport,Queens
2,2018-04-24 21:02:45,2018-04-24 21:20:53,1,8.18,1,N,2,24.0,0.500000000,0.500000000,0.0,5.76,0.300000000,31.06,138,140,21,Tuesday,4,138,LaGuardia Airport,Queens
1,2018-04-20 14:39:49,2018-04-20 15:39:36,1,10.6,1,N,2,42.0,0E-9,0.500000000,0.0,5.76,0.300000000,48.56,138,43,14,Friday,4,138,LaGuardia Airport,Queens
2,2018-01-23 17:35:06,2018-01-23 18:12:24,1,15.7,1,N,2,43.5,1.000000000,0.500000000,0.0,5.54,0.300000000,50.84,138,261,17,Tuesday,1,138,LaGuardia Airport,Queens
1,2018-05-12 09:33:01,2018-05-12 09:59:28,1,12.4,1,N,2,35.5,0E-9,0.500000000,0.0,0.0,0.300000000,36.3,138,72,9,Saturday,5,138,LaGuardia Airport,Queens
2,2018-07-11 21:33:42,2018-07-11 22:02:56,1,9.65,1,N,2,30.5,0.500000000,0.500000000,0.0,5.76,0.300000000,37.56,138,230,21,Wednesday,7,138,LaGuardia Airport,Queens
2,2018-08-07 19:15:00,2018-08-07 19:36:43,1,9.73,1,N,1,28.0,1.000000000,0.500000000,0.0,5.76,0.300000000,35.56,138,237,19,Tuesday,8,138,LaGuardia Airport,Queens
1,2018-11-03 13:11:02,2018-11-03 13:45:02,1,10.2,1,N,4,34.5,0E-9,0.500000000,0.0,5.76,0.300000000,41.06,138,230,13,Saturday,11,138,LaGuardia Airport,Queens
2,2018-12-28 13:17:15,2018-12-28 13:55:49,1,9.02,1,N,1,33.0,0E-9,0.500000000,7.91,5.76,0.300000000,47.47,138,230,13,Friday,12,138,LaGuardia Airport,Queens
1,2018-12-06 14:51:23,2018-12-06 15:37:45,0,11.2,1,N,2,37.5,0E-9,0.500000000,0.0,11.52,0.300000000,49.82,138,116,14,Thursday,12,138,LaGuardia Airport,Queens
1,2018-10-12 19:50:15,2018-10-12 20:23:47,1,8.6,1,N,2,30.0,1.000000000,0.500000000,0.0,5.76,0.300000000,37.56,138,113,19,Friday,10,138,LaGuardia Airport,Queens
2,2018-10-04 23:41:16,2018-10-05 00:02:30,1,12.56,1,N,2,34.5,0.500000000,0.500000000,0.0,5.76,0.300000000,41.56,138,232,23,Thursday,10,138,LaGuardia Airport,Queens
1,2018-05-31 17:55:43,2018-05-31 18:57:10,2,10.5,1,N,1,43.5,1.000000000,0.500000000,10.0,5.76,0.300000000,61.06,138,4,17,Thursday,5,138,LaGuardia Airport,Queens
2,2018-03-01 21:19:52,2018-03-01 21:42:39,1,8.71,1,N,1,26.5,0.500000000,0.500000000,7.0,5.76,0.300000000,40.56,138,170,21,Thursday,3,138,LaGuardia Airport,Queens
1,2018-06-27 12:16:19,2018-06-27 12:53:19,1,11.4,1,N,2,36.5,0E-9,0.500000000,0.0,5.76,0.300000000,43.06,138,238,12,Wednesday,6,138,LaGuardia Airport,Queens
1,2018-03-02 11:10:13,2018-03-02 11:38:49,2,9.8,1,N,2,31.0,0E-9,0.500000000,0.0,5.76,0.300000000,37.56,138,163,11,Friday,3,138,LaGuardia Airport,Queens
2,2018-10-11 10:28:37,2018-10-11 11:11:55,2,10.1,1,N,2,35.0,0E-9,0.500000000,0.0,5.76,0.300000000,41.56,138,141,10,Thursday,10,138,LaGuardia Airport,Queens
2,2018-06-12 21:04:06,2018-06-12 21:33:47,1,10.81,1,N,1,33.0,0.500000000,0.500000000,8.01,5.76,0.300000000,48.07,138,142,21,Tuesday,6,138,LaGuardia Airport,Queens
2,2018-11-17 11:48:42,2018-11-17 12:27:43,2,14.86,1,N,2,45.5,0E-9,0.500000000,0.0,0.0,0.300000000,46.3,138,62,11,Saturday,11,138,LaGuardia Airport,Queens
2,2018-12-04 10:05:41,2018-12-04 10:43:23,1,8.89,1,N,1,31.0,0E-9,0.500000000,3.0,5.76,0.300000000,40.56,138,137,10,Tuesday,12,138,LaGuardia Airport,Queens
2,2018-03-24 22:46:24,2018-03-24 23:00:41,1,9.46,1,N,2,26.5,0.500000000,0.500000000,0.0,5.76,0.300000000,33.56,138,58,22,Saturday,3,138,LaGuardia Airport,Queens
2,2018-07-29 20:03:37,2018-07-29 20:19:15,1,7.75,1,N,2,22.5,0.500000000,0.500000000,0.0,5.76,0.300000000,29.56,138,170,20,Sunday,7,138,LaGuardia Airport,Queens
1,2018-02-25 16:54:54,2018-02-25 16:54:55,0,2.5,1,N,3,2.5,0E-9,0.500000000,0.0,0.0,0.300000000,3.3,138,138,16,Sunday,2,138,LaGuardia Airport,Queens
2,2018-06-25 09:05:48,2018-06-25 10:02:24,2,12.89,1,N,2,45.0,0E-9,0.500000000,0.0,5.76,0.300000000,51.56,138,48,9,Monday,6,138,LaGuardia Airport,Queens
2,2018-04-11 13:02:03,2018-04-11 13:27:42,3,8.78,1,N,1,29.0,0E-9,0.500000000,5.0,5.76,0.300000000,40.56,138,162,13,Wednesday,4,138,LaGuardia Airport,Queens
2,2018-03-14 12:03:19,2018-03-14 12:53:48,1,11.74,1,N,1,41.0,0E-9,0.500000000,5.0,5.76,0.300000000,52.56,138,48,12,Wednesday,3,138,LaGuardia Airport,Queens
2,2018-03-23 18:05:11,2018-03-23 19:11:50,1,13.13,1,N,1,49.0,1.000000000,0.500000000,5.0,0.0,0.300000000,55.8,138,61,18,Friday,3,138,LaGuardia Airport,Queens
2,2018-01-07 09:59:54,2018-01-07 10:23:47,1,12.29,1,N,2,35.0,0E-9,0.500000000,0.0,0.0,0.300000000,35.8,138,40,9,Sunday,1,138,LaGuardia Airport,Queens
1,2018-01-10 11:32:15,2018-01-10 12:16:39,1,9.4,1,N,1,36.5,0E-9,0.500000000,2.0,5.76,0.300000000,45.06,138,164,11,Wednesday,1,138,LaGuardia Airport,Queens
2,2018-02-08 14:22:40,2018-02-08 15:36:37,1,13.5,1,N,2,51.0,0E-9,0.500000000,0.0,0.0,0.300000000,51.8,138,106,14,Thursday,2,138,LaGuardia Airport,Queens
1,2018-06-02 13:38:49,2018-06-02 14:10:39,6,13.9,1,N,1,38.5,0E-9,0.500000000,7.85,0.0,0.300000000,47.15,138,257,13,Saturday,6,138,LaGuardia Airport,Queens
1,2018-10-26 16:28:04,2018-10-26 17:11:00,1,10.1,1,N,1,32.0,1.000000000,0.500000000,5.0,5.76,0.300000000,44.56,138,162,16,Friday,10,138,LaGuardia Airport,Queens
1,2018-12-31 13:54:59,2018-12-31 14:18:56,1,8.1,1,Y,1,26.5,0E-9,0.500000000,2.0,5.76,0.300000000,35.06,138,262,13,Monday,12,138,LaGuardia Airport,Queens
1,2018-05-01 15:10:20,2018-05-01 15:49:16,1,9.5,1,N,1,33.0,0E-9,0.500000000,1.0,0.0,0.300000000,34.8,138,258,15,Tuesday,5,138,LaGuardia Airport,Queens
1,2018-10-06 09:37:12,2018-10-06 10:00:45,1,10.0,1,N,2,31.0,0E-9,0.500000000,0.0,5.76,0.300000000,37.56,138,162,9,Saturday,10,138,LaGuardia Airport,Queens
2,2018-03-19 12:20:40,2018-03-19 12:41:53,1,7.58,1,N,1,25.0,0E-9,0.500000000,5.0,5.76,0.300000000,36.56,138,170,12,Monday,3,138,LaGuardia Airport,Queens
2,2018-01-15 13:43:51,2018-01-15 14:16:17,1,12.23,1,N,1,36.0,0E-9,0.500000000,5.0,5.76,0.300000000,47.56,138,137,13,Monday,1,138,LaGuardia Airport,Queens
1,2018-12-12 12:24:53,2018-12-12 13:25:17,4,10.2,1,Y,2,44.0,0E-9,0.500000000,0.0,5.76,0.300000000,50.56,138,230,12,Wednesday,12,138,LaGuardia Airport,Queens
1,2018-06-07 22:20:07,2018-06-07 22:38:39,1,7.8,1,N,1,23.5,0.500000000,0.500000000,4.95,0.0,0.300000000,29.75,138,145,22,Thursday,6,138,LaGuardia Airport,Queens
2,2018-06-19 11:49:32,2018-06-19 12:09:22,2,2.16,2,N,1,52.0,0E-9,0.500000000,14.58,5.54,0.300000000,72.92,145,164,11,Tuesday,6,145,Long Island City/Hunters Point,Queens
2,2018-09-05 10:44:25,2018-09-05 11:29:32,2,10.86,1,N,1,34.5,0E-9,0.500000000,7.06,0.0,0.300000000,42.36,138,66,10,Wednesday,9,138,LaGuardia Airport,Queens
2,2018-07-31 17:37:04,2018-07-31 18:08:59,1,9.34,1,N,1,31.0,1.000000000,0.500000000,5.78,5.76,0.300000000,44.34,138,186,17,Tuesday,7,138,LaGuardia Airport,Queens
1,2018-06-29 15:44:08,2018-06-29 16:38:21,1,8.4,1,N,1,36.0,0E-9,0.500000000,8.0,5.76,0.300000000,50.56,138,107,15,Friday,6,138,LaGuardia Airport,Queens
2,2018-08-03 10:39:12,2018-08-03 11:15:40,1,13.7,1,N,2,40.5,0E-9,0.500000000,0.0,5.54,0.300000000,46.84,138,158,10,Friday,8,138,LaGuardia Airport,Queens
1,2018-12-23 18:40:34,2018-12-23 19:09:10,1,9.9,1,N,1,31.5,0E-9,0.500000000,6.45,0.0,0.300000000,38.75,138,87,18,Sunday,12,138,LaGuardia Airport,Queens
2,2018-04-18 23:44:15,2018-04-19 00:05:25,1,8.48,1,N,1,26.0,0.500000000,0.500000000,6.61,5.76,0.300000000,39.67,138,166,23,Wednesday,4,138,LaGuardia Airport,Queens
2,2018-04-19 13:59:37,2018-04-19 14:35:35,2,9.43,1,N,1,31.5,0E-9,0.500000000,7.61,5.76,0.300000000,45.67,138,43,13,Thursday,4,138,LaGuardia Airport,Queens
1,2018-09-06 09:32:56,2018-09-06 10:32:55,1,8.6,1,N,1,41.0,0E-9,0.500000000,9.5,5.76,0.300000000,57.06,138,162,9,Thursday,9,138,LaGuardia Airport,Queens
1,2018-03-19 13:49:04,2018-03-19 14:29:04,1,12.2,1,N,1,39.0,0E-9,0.500000000,8.0,5.76,0.300000000,53.56,138,50,13,Monday,3,138,LaGuardia Airport,Queens
2,2018-04-08 15:15:14,2018-04-08 16:11:03,6,9.57,1,N,1,39.5,0E-9,0.500000000,5.5,0.0,0.300000000,45.8,138,164,15,Sunday,4,138,LaGuardia Airport,Queens
2,2018-12-14 19:23:27,2018-12-14 20:08:40,2,16.01,1,N,1,45.5,1.000000000,0.500000000,13.26,5.76,0.300000000,66.32,138,261,19,Friday,12,138,LaGuardia Airport,Queens
1,2018-01-23 23:16:20,2018-01-23 23:35:58,1,9.3,1,N,1,27.0,0.500000000,0.500000000,4.0,5.76,0.300000000,38.06,138,113,23,Tuesday,1,138,LaGuardia Airport,Queens
2,2018-07-02 15:08:58,2018-07-02 15:36:34,2,7.25,1,N,2,24.0,0E-9,0.500000000,0.0,0.0,0.300000000,24.8,138,28,15,Monday,7,138,LaGuardia Airport,Queens
2,2018-07-10 09:13:13,2018-07-10 09:56:10,2,11.79,1,N,1,41.0,0E-9,0.500000000,9.51,5.76,0.300000000,57.07,138,229,9,Tuesday,7,138,LaGuardia Airport,Queens
2,2018-12-14 14:52:52,2018-12-14 15:42:26,1,11.53,1,N,1,42.0,0E-9,0.500000000,9.71,5.76,0.300000000,58.27,138,243,14,Friday,12,138,LaGuardia Airport,Queens
2,2018-04-08 16:48:57,2018-04-08 17:48:22,5,24.64,4,N,1,103.5,0E-9,0.500000000,22.36,7.51,0.300000000,134.17,138,265,16,Sunday,4,138,LaGuardia Airport,Queens
2,2018-02-08 23:49:18,2018-02-09 00:09:47,2,12.23,1,N,1,34.0,0.500000000,0.500000000,8.82,0.0,0.300000000,44.12,138,40,23,Thursday,2,138,LaGuardia Airport,Queens
2,2018-03-19 18:22:14,2018-03-19 18:47:08,1,8.3,1,N,1,26.0,1.000000000,0.500000000,5.03,5.76,0.300000000,38.59,138,236,18,Monday,3,138,LaGuardia Airport,Queens
1,2018-11-08 11:05:19,2018-11-08 11:57:00,1,11.2,1,N,1,40.5,0E-9,0.500000000,9.4,5.76,0.300000000,56.46,138,50,11,Thursday,11,138,LaGuardia Airport,Queens
1,2018-11-11 21:49:35,2018-11-11 22:06:27,1,8.0,1,N,1,23.5,0.500000000,0.500000000,6.1,5.76,0.300000000,36.66,138,262,21,Sunday,11,138,LaGuardia Airport,Queens
1,2018-02-13 21:03:03,2018-02-13 21:24:42,1,8.8,1,N,1,26.5,0.500000000,0.500000000,4.0,5.76,0.300000000,37.56,138,161,21,Tuesday,2,138,LaGuardia Airport,Queens
2,2018-11-08 17:38:38,2018-11-08 18:45:47,1,9.62,1,N,1,42.0,1.000000000,0.500000000,13.14,0.0,0.300000000,56.94,138,33,17,Thursday,11,138,LaGuardia Airport,Queens
1,2018-03-09 19:00:56,2018-03-09 19:29:58,1,8.2,1,N,1,26.0,1.000000000,0.500000000,5.55,0.0,0.300000000,33.35,138,256,19,Friday,3,138,LaGuardia Airport,Queens
1,2018-01-30 22:06:18,2018-01-30 22:27:36,1,10.0,1,N,1,28.5,0.500000000,0.500000000,7.1,5.76,0.300000000,42.66,138,100,22,Tuesday,1,138,LaGuardia Airport,Queens
1,2018-06-29 14:36:50,2018-06-29 15:16:12,3,11.5,1,N,1,37.0,0E-9,0.500000000,8.0,5.76,0.300000000,51.56,138,107,14,Friday,6,138,LaGuardia Airport,Queens
2,2018-03-22 08:48:58,2018-03-22 09:20:08,1,10.92,1,N,1,32.5,0E-9,0.500000000,6.66,0.0,0.300000000,39.96,138,66,8,Thursday,3,138,LaGuardia Airport,Queens
2,2018-01-13 13:44:12,2018-01-13 14:16:37,5,10.59,1,N,1,33.0,0E-9,0.500000000,7.91,5.76,0.300000000,47.47,138,163,13,Saturday,1,138,LaGuardia Airport,Queens
2,2018-12-28 22:33:41,2018-12-28 23:03:53,1,12.87,1,N,1,37.5,0.500000000,0.500000000,4.0,0.0,0.300000000,42.8,138,87,22,Friday,12,138,LaGuardia Airport,Queens
1,2018-03-23 13:20:20,2018-03-23 13:59:07,1,11.3,1,N,1,37.0,0E-9,0.500000000,6.0,5.76,0.300000000,49.56,138,100,13,Friday,3,138,LaGuardia Airport,Queens
1,2018-11-29 15:38:44,2018-11-29 16:13:09,1,8.0,1,N,2,28.0,0E-9,0.500000000,0.0,0.0,0.300000000,28.8,138,215,15,Thursday,11,138,LaGuardia Airport,Queens
2,2018-08-14 11:09:07,2018-08-14 11:51:57,1,10.28,1,N,1,36.0,0E-9,0.500000000,8.51,5.76,0.300000000,51.07,138,161,11,Tuesday,8,138,LaGuardia Airport,Queens
2,2018-09-15 19:38:47,2018-09-15 20:04:47,1,10.32,1,N,1,31.5,0E-9,0.500000000,7.61,5.76,0.300000000,45.67,138,43,19,Saturday,9,138,LaGuardia Airport,Queens
2,2018-09-28 16:23:15,2018-09-28 16:53:12,1,8.57,1,N,1,26.0,1.000000000,0.500000000,6.71,5.76,0.300000000,40.27,138,263,16,Friday,9,138,LaGuardia Airport,Queens
1,2018-04-22 21:59:00,2018-04-22 22:17:33,1,7.7,1,N,1,23.0,0.500000000,0.500000000,6.0,5.76,0.300000000,36.06,138,263,21,Sunday,4,138,LaGuardia Airport,Queens
1,2018-12-26 16:59:18,2018-12-26 17:24:51,2,9.4,1,N,1,27.5,1.000000000,0.500000000,7.0,5.76,0.300000000,42.06,138,141,16,Wednesday,12,138,LaGuardia Airport,Queens
2,2018-04-28 15:19:03,2018-04-28 15:45:02,4,8.98,1,N,1,27.0,0E-9,0.500000000,6.71,5.76,0.300000000,40.27,138,141,15,Saturday,4,138,LaGuardia Airport,Queens
1,2018-07-11 18:41:39,2018-07-11 19:15:43,1,16.1,1,N,1,44.0,1.000000000,0.500000000,13.7,0.0,0.300000000,59.5,138,14,18,Wednesday,7,138,LaGuardia Airport,Queens
2,2018-01-03 16:13:41,2018-01-03 16:46:05,2,11.9,1,N,1,35.5,1.000000000,0.500000000,8.61,5.76,0.300000000,51.67,138,230,16,Wednesday,1,138,LaGuardia Airport,Queens
1,2018-06-13 10:22:33,2018-06-13 11:00:37,1,15.5,1,N,1,45.5,0E-9,0.500000000,10.4,5.76,0.300000000,62.46,138,88,10,Wednesday,6,138,LaGuardia Airport,Queens
2,2018-06-13 08:33:33,2018-06-13 09:12:31,1,9.85,1,N,1,30.5,0E-9,0.500000000,7.41,5.76,0.300000000,44.47,138,140,8,Wednesday,6,138,LaGuardia Airport,Queens
2,2018-10-08 23:31:19,2018-10-08 23:57:12,1,10.8,1,N,1,32.5,0.500000000,0.500000000,7.91,5.76,0.300000000,47.47,138,170,23,Monday,10,138,LaGuardia Airport,Queens
1,2018-02-03 08:46:38,2018-02-03 09:14:14,2,9.3,1,N,1,31.0,0E-9,0.500000000,7.5,5.76,0.300000000,45.06,138,100,8,Saturday,2,138,LaGuardia Airport,Queens
1,2018-07-15 15:22:51,2018-07-15 15:48:13,0,8.5,1,N,1,27.5,0E-9,0.500000000,10.0,5.76,0.300000000,44.06,138,170,15,Sunday,7,138,LaGuardia Airport,Queens
2,2018-04-26 16:56:28,2018-04-26 18:25:24,1,30.81,5,N,1,150.0,0E-9,0.500000000,30.16,0.0,0.300000000,180.96,138,265,16,Thursday,4,138,LaGuardia Airport,Queens
2,2018-03-26 11:44:16,2018-03-26 12:23:04,1,13.57,1,N,1,42.5,0E-9,0.500000000,9.81,5.76,0.300000000,58.87,138,87,11,Monday,3,138,LaGuardia Airport,Queens
1,2018-10-02 11:10:36,2018-10-02 11:47:26,1,7.0,1,N,1,29.5,0E-9,0.500000000,6.05,0.0,0.300000000,36.35,138,161,11,Tuesday,10,138,LaGuardia Airport,Queens
1,2018-03-26 09:19:26,2018-03-26 09:59:16,1,9.1,1,N,1,31.5,0E-9,0.500000000,4.0,5.76,0.300000000,42.06,138,243,9,Monday,3,138,LaGuardia Airport,Queens
2,2018-10-12 10:14:34,2018-10-12 11:14:00,1,10.48,1,N,1,41.0,0E-9,0.500000000,11.89,5.76,0.300000000,59.45,138,239,10,Friday,10,138,LaGuardia Airport,Queens
1,2018-11-05 23:50:51,2018-11-06 00:09:13,1,8.9,1,N,1,26.5,0.500000000,0.500000000,6.95,0.0,0.300000000,34.75,138,144,23,Monday,11,138,LaGuardia Airport,Queens
1,2018-06-16 14:26:27,2018-06-16 14:53:40,1,9.0,1,N,1,28.0,0E-9,0.500000000,7.2,0.0,0.300000000,36.0,138,97,14,Saturday,6,138,LaGuardia Airport,Queens
2,2018-02-16 13:11:21,2018-02-16 13:50:50,1,12.16,1,N,1,40.0,0E-9,0.500000000,9.31,5.76,0.300000000,55.87,138,68,13,Friday,2,138,LaGuardia Airport,Queens
2,2018-07-16 21:16:02,2018-07-16 21:39:43,1,11.04,1,N,1,32.5,0.500000000,0.500000000,7.91,5.76,0.300000000,47.47,138,164,21,Monday,7,138,LaGuardia Airport,Queens
1,2018-05-04 12:51:50,2018-05-04 13:32:24,1,9.5,1,N,1,34.5,0E-9,0.500000000,7.0,5.76,0.300000000,48.06,138,100,12,Friday,5,138,LaGuardia Airport,Queens
2,2018-02-26 23:52:59,2018-02-27 00:09:38,1,8.58,1,N,1,25.0,0.500000000,0.500000000,6.41,5.76,0.300000000,38.47,138,162,23,Monday,2,138,LaGuardia Airport,Queens
2,2018-08-09 06:17:52,2018-08-09 06:49:52,1,12.35,1,N,1,37.5,0E-9,0.500000000,7.66,0.0,0.300000000,45.96,138,132,6,Thursday,8,138,LaGuardia Airport,Queens
2,2018-03-08 15:37:11,2018-03-08 16:02:22,1,7.52,1,N,1,25.0,0E-9,0.500000000,5.16,0.0,0.300000000,30.96,138,256,15,Thursday,3,138,LaGuardia Airport,Queens
2,2018-09-25 08:22:26,2018-09-25 10:14:13,5,12.44,1,N,1,67.5,0E-9,0.500000000,14.81,5.76,0.300000000,88.87,138,230,8,Tuesday,9,138,LaGuardia Airport,Queens
2,2018-02-07 20:03:28,2018-02-07 20:25:59,2,8.44,1,N,1,26.5,0.500000000,0.500000000,10.07,5.76,0.300000000,43.63,138,100,20,Wednesday,2,138,LaGuardia Airport,Queens
1,2018-03-08 15:05:32,2018-03-08 15:49:13,1,7.2,1,N,1,31.0,0E-9,0.500000000,6.0,0.0,0.300000000,37.8,138,141,15,Thursday,3,138,LaGuardia Airport,Queens
1,2018-12-11 16:10:11,2018-12-11 16:48:26,1,7.8,1,N,1,29.5,1.000000000,0.500000000,0.0,0.0,0.300000000,31.3,138,255,16,Tuesday,12,138,LaGuardia Airport,Queens
2,2018-12-21 19:41:06,2018-12-21 20:04:25,1,5.29,1,N,1,21.5,1.000000000,0.500000000,0.0,0.0,0.300000000,23.3,138,92,19,Friday,12,138,LaGuardia Airport,Queens
1,2018-12-02 20:39:01,2018-12-02 20:56:04,2,8.5,1,N,2,24.5,0.500000000,0.500000000,0.0,5.76,0.300000000,31.56,138,233,20,Sunday,12,138,LaGuardia Airport,Queens
1,2018-05-25 19:25:32,2018-05-25 19:52:44,1,8.6,1,N,1,29.0,1.000000000,0.500000000,7.0,5.76,0.300000000,43.56,138,230,19,Friday,5,138,LaGuardia Airport,Queens
2,2018-09-24 23:20:30,2018-09-24 23:45:50,4,9.5,1,N,1,29.5,0.500000000,0.500000000,7.7,0.0,0.300000000,38.5,138,230,23,Monday,9,138,LaGuardia Airport,Queens
2,2018-08-12 11:46:31,2018-08-12 12:36:22,1,9.98,1,N,1,41.5,0E-9,0.500000000,0.0,5.76,0.300000000,48.06,138,68,11,Sunday,8,138,LaGuardia Airport,Queens
2,2018-06-28 11:04:20,2018-06-28 11:45:09,1,8.21,1,N,1,32.0,0E-9,0.500000000,7.71,5.76,0.300000000,46.27,138,161,11,Thursday,6,138,LaGuardia Airport,Queens
1,2018-02-18 18:51:01,2018-02-18 19:18:36,1,10.3,1,N,1,31.5,0E-9,0.500000000,6.46,0.0,0.300000000,38.76,138,144,18,Sunday,2,138,LaGuardia Airport,Queens
2,2018-07-30 14:03:47,2018-07-30 14:38:36,1,11.41,1,N,1,35.5,0E-9,0.500000000,8.41,5.76,0.300000000,50.47,138,143,14,Monday,7,138,LaGuardia Airport,Queens
1,2018-05-17 10:55:40,2018-05-17 11:42:40,1,9.1,1,N,1,34.5,0E-9,0.500000000,8.2,5.76,0.300000000,49.26,138,234,10,Thursday,5,138,LaGuardia Airport,Queens
1,2018-07-31 19:37:20,2018-07-31 20:11:16,1,16.7,1,N,1,46.5,1.000000000,0.500000000,6.0,0.0,0.300000000,54.3,138,265,19,Tuesday,7,138,LaGuardia Airport,Queens
2,2018-05-06 22:39:17,2018-05-06 23:01:42,1,9.8,1,N,1,29.5,0.500000000,0.500000000,9.14,5.76,0.300000000,45.7,138,186,22,Sunday,5,138,LaGuardia Airport,Queens
2,2018-07-20 19:12:58,2018-07-20 19:37:00,1,7.28,1,N,1,24.5,1.000000000,0.500000000,2.5,0.0,0.300000000,28.8,138,256,19,Friday,7,138,LaGuardia Airport,Queens
2,2018-10-31 08:11:26,2018-10-31 08:43:19,5,9.67,1,N,1,30.5,0E-9,0.500000000,7.41,5.76,0.300000000,44.47,138,151,8,Wednesday,10,138,LaGuardia Airport,Queens
2,2018-12-11 19:09:33,2018-12-11 19:47:53,4,10.98,1,N,1,35.5,1.000000000,0.500000000,10.76,5.76,0.300000000,53.82,138,163,19,Tuesday,12,138,LaGuardia Airport,Queens
1,2018-02-12 19:00:52,2018-02-12 19:27:14,3,10.4,1,N,1,31.5,1.000000000,0.500000000,7.8,5.76,0.300000000,46.86,138,163,19,Monday,2,138,LaGuardia Airport,Queens
1,2018-06-08 16:41:25,2018-06-08 17:36:21,3,8.8,1,N,1,35.5,1.000000000,0.500000000,6.46,5.76,0.300000000,49.52,138,238,16,Friday,6,138,LaGuardia Airport,Queens
1,2018-12-28 10:07:30,2018-12-28 10:43:21,1,12.2,1,N,1,35.0,0E-9,0.500000000,7.15,0.0,0.300000000,42.95,138,40,10,Friday,12,138,LaGuardia Airport,Queens
1,2018-04-11 13:20:31,2018-04-11 13:55:02,1,10.1,1,N,1,33.5,0E-9,0.500000000,10.0,5.76,0.300000000,50.06,138,113,13,Wednesday,4,138,LaGuardia Airport,Queens
2,2018-02-14 11:56:14,2018-02-14 12:20:51,1,9.02,1,N,1,28.0,0E-9,0.500000000,10.37,5.76,0.300000000,44.93,138,224,11,Wednesday,2,138,LaGuardia Airport,Queens
1,2018-02-21 17:14:17,2018-02-21 17:56:52,1,10.5,1,N,1,37.0,1.000000000,0.500000000,11.1,5.76,0.300000000,55.66,138,143,17,Wednesday,2,138,LaGuardia Airport,Queens
2,2018-05-09 17:26:58,2018-05-09 18:25:16,1,10.1,1,N,1,40.0,1.000000000,0.500000000,10.45,0.0,0.300000000,52.25,138,61,17,Wednesday,5,138,LaGuardia Airport,Queens
1,2018-12-04 19:50:31,2018-12-04 20:30:13,1,8.2,1,N,1,31.0,0.500000000,0.500000000,7.6,5.76,0.300000000,45.66,138,100,19,Tuesday,12,138,LaGuardia Airport,Queens
1,2018-01-22 22:41:37,2018-01-22 23:08:15,1,14.8,1,N,1,40.5,0.500000000,0.500000000,10.45,0.0,0.300000000,52.25,138,257,22,Monday,1,138,LaGuardia Airport,Queens
2,2018-11-22 09:48:36,2018-11-22 10:06:22,1,9.83,1,N,1,27.5,0E-9,0.500000000,6.81,5.76,0.300000000,40.87,138,141,9,Thursday,11,138,LaGuardia Airport,Queens
2,2018-11-13 11:10:54,2018-11-13 11:54:33,5,8.89,1,N,1,34.5,0E-9,0.500000000,8.21,5.76,0.300000000,49.27,138,162,11,Tuesday,11,138,LaGuardia Airport,Queens
1,2018-03-13 20:52:04,2018-03-13 21:18:11,1,12.5,1,N,1,36.0,0.500000000,0.500000000,10.75,5.76,0.300000000,53.81,138,48,20,Tuesday,3,138,LaGuardia Airport,Queens
2,2018-01-02 00:28:38,2018-01-02 00:44:07,5,9.32,1,N,1,26.5,0.500000000,0.500000000,6.71,5.76,0.300000000,40.27,138,141,0,Tuesday,1,138,LaGuardia Airport,Queens
2,2018-04-28 23:53:48,2018-04-29 00:26:55,1,8.89,1,N,1,31.5,0.500000000,0.500000000,9.64,5.76,0.300000000,48.2,138,237,23,Saturday,4,138,LaGuardia Airport,Queens
2,2018-03-01 20:47:35,2018-03-01 21:20:29,2,12.4,1,N,1,37.0,0.500000000,0.500000000,7.66,0.0,0.300000000,45.96,138,181,20,Thursday,3,138,LaGuardia Airport,Queens
1,2018-04-11 14:59:31,2018-04-11 15:41:05,1,10.1,1,N,1,34.0,0E-9,0.500000000,6.96,0.0,0.300000000,41.76,138,66,14,Wednesday,4,138,LaGuardia Airport,Queens
2,2018-03-22 19:43:23,2018-03-22 20:11:33,2,10.38,1,N,1,32.0,1.000000000,0.500000000,11.87,5.76,0.300000000,51.43,138,239,19,Thursday,3,138,LaGuardia Airport,Queens
2,2018-01-23 12:32:11,2018-01-23 13:02:09,1,9.53,1,N,1,31.0,0E-9,0.500000000,11.27,5.76,0.300000000,48.83,138,229,12,Tuesday,1,138,LaGuardia Airport,Queens
2,2018-01-23 18:16:24,2018-01-23 18:48:11,1,8.22,1,N,1,30.0,1.000000000,0.500000000,4.5,0.0,0.300000000,36.3,138,229,18,Tuesday,1,138,LaGuardia Airport,Queens
2,2018-11-01 12:42:35,2018-11-01 13:00:44,2,12.04,1,N,1,33.0,0E-9,0.500000000,6.76,0.0,0.300000000,40.56,138,132,12,Thursday,11,138,LaGuardia Airport,Queens
2,2018-04-12 21:57:28,2018-04-12 22:14:46,1,8.27,1,N,1,25.0,0.500000000,0.500000000,5.26,0.0,0.300000000,31.56,138,256,21,Thursday,4,138,LaGuardia Airport,Queens
2,2018-03-03 00:00:57,2018-03-03 00:18:52,1,9.86,1,N,1,28.0,0.500000000,0.500000000,7.01,5.76,0.300000000,42.07,138,141,0,Saturday,3,138,LaGuardia Airport,Queens
2,2018-02-01 15:03:37,2018-02-01 16:03:11,1,17.19,1,N,1,57.0,0E-9,0.500000000,12.71,5.76,0.300000000,76.27,138,231,15,Thursday,2,138,LaGuardia Airport,Queens
2,2018-10-07 21:47:57,2018-10-07 22:20:02,1,14.69,1,N,1,41.0,0.500000000,0.500000000,8.46,0.0,0.300000000,50.76,138,89,21,Sunday,10,138,LaGuardia Airport,Queens
2,2018-02-03 12:39:09,2018-02-03 13:13:45,1,9.13,1,N,1,32.5,0E-9,0.500000000,5.5,5.76,0.300000000,44.56,138,246,12,Saturday,2,138,LaGuardia Airport,Queens
1,2018-09-16 21:16:39,2018-09-16 21:39:39,1,10.9,1,N,1,31.0,0.500000000,0.500000000,7.6,5.76,0.300000000,45.66,138,230,21,Sunday,9,138,LaGuardia Airport,Queens
2,2018-02-21 08:43:48,2018-02-21 09:20:21,1,15.68,1,N,1,46.5,0E-9,0.500000000,10.61,5.76,0.300000000,63.67,138,88,8,Wednesday,2,138,LaGuardia Airport,Queens
1,2018-10-31 23:27:21,2018-10-31 23:58:05,1,14.7,1,N,1,41.5,0.500000000,0.500000000,9.7,5.76,0.300000000,58.26,138,88,23,Wednesday,10,138,LaGuardia Airport,Queens
1,2018-06-22 14:16:02,2018-06-22 14:53:58,1,10.9,1,N,1,36.0,0E-9,0.500000000,8.5,5.76,0.300000000,51.06,138,143,14,Friday,6,138,LaGuardia Airport,Queens
2,2018-05-09 11:49:54,2018-05-09 12:17:47,1,12.01,1,N,1,35.0,0E-9,0.500000000,3.5,0.0,0.300000000,39.3,138,52,11,Wednesday,5,138,LaGuardia Airport,Queens
2,2018-07-24 14:09:17,2018-07-24 14:28:08,1,7.92,1,N,1,24.0,0E-9,0.500000000,6.11,5.76,0.300000000,36.67,138,164,14,Tuesday,7,138,LaGuardia Airport,Queens
2,2018-03-24 15:33:20,2018-03-24 16:09:08,1,9.15,1,N,1,33.5,0E-9,0.500000000,8.58,0.0,0.300000000,42.88,138,148,15,Saturday,3,138,LaGuardia Airport,Queens
2,2018-04-29 22:58:59,2018-04-29 23:18:31,2,9.5,1,N,1,28.0,0.500000000,0.500000000,7.01,5.76,0.300000000,42.07,138,48,22,Sunday,4,138,LaGuardia Airport,Queens
2,2018-10-11 11:10:53,2018-10-11 11:57:33,1,8.95,1,N,1,33.5,0E-9,0.500000000,8.01,5.76,0.300000000,48.07,138,140,11,Thursday,10,138,LaGuardia Airport,Queens
1,2018-06-21 09:47:53,2018-06-21 10:42:28,1,10.4,1,N,1,39.0,0E-9,0.500000000,9.1,5.76,0.300000000,54.66,138,125,9,Thursday,6,138,LaGuardia Airport,Queens
2,2018-12-09 15:27:00,2018-12-09 15:55:34,1,9.51,1,N,1,30.0,0E-9,0.500000000,7.31,5.76,0.300000000,43.87,138,43,15,Sunday,12,138,LaGuardia Airport,Queens
1,2018-05-02 10:34:36,2018-05-02 11:22:24,1,9.7,1,N,1,35.5,0E-9,0.500000000,8.4,5.76,0.300000000,50.46,138,237,10,Wednesday,5,138,LaGuardia Airport,Queens
2,2018-05-02 17:15:35,2018-05-02 17:59:21,1,9.21,1,N,1,33.5,1.000000000,0.500000000,7.06,0.0,0.300000000,42.36,138,97,17,Wednesday,5,138,LaGuardia Airport,Queens
2,2018-08-28 10:01:34,2018-08-28 10:32:53,4,8.81,1,N,1,29.5,0E-9,0.500000000,10.82,5.76,0.300000000,46.88,138,170,10,Tuesday,8,138,LaGuardia Airport,Queens
2,2018-06-04 07:50:21,2018-06-04 08:31:15,5,8.52,1,N,1,28.0,0E-9,0.500000000,6.91,5.76,0.300000000,41.47,138,140,7,Monday,6,138,LaGuardia Airport,Queens
2,2018-11-27 13:08:28,2018-11-27 13:42:26,5,10.54,1,N,1,36.0,0E-9,0.500000000,8.51,5.76,0.300000000,51.07,138,161,13,Tuesday,11,138,LaGuardia Airport,Queens
1,2018-08-28 16:49:35,2018-08-28 17:34:15,1,15.2,1,N,1,44.5,1.000000000,0.500000000,10.4,5.76,0.300000000,62.46,138,13,16,Tuesday,8,138,LaGuardia Airport,Queens
2,2018-07-16 13:23:54,2018-07-16 13:56:14,3,10.8,1,N,1,33.5,0E-9,0.500000000,6.01,5.76,0.300000000,46.07,138,48,13,Monday,7,138,LaGuardia Airport,Queens
1,2018-06-14 09:24:58,2018-06-14 09:55:52,1,11.6,1,N,1,36.0,0E-9,0.500000000,8.5,5.76,0.300000000,51.06,138,170,9,Thursday,6,138,LaGuardia Airport,Queens
1,2018-02-23 07:50:21,2018-02-23 08:33:07,1,11.9,1,N,1,38.5,0E-9,0.500000000,9.0,5.76,0.300000000,54.06,138,209,7,Friday,2,138,LaGuardia Airport,Queens
1,2018-07-05 12:46:30,2018-07-05 13:27:01,1,9.3,1,N,1,36.0,0E-9,0.500000000,4.0,5.76,0.300000000,46.56,138,164,12,Thursday,7,138,LaGuardia Airport,Queens
2,2018-05-01 10:24:11,2018-05-01 11:09:16,1,9.99,1,N,1,37.5,0E-9,0.500000000,8.81,5.76,0.300000000,52.87,138,230,10,Tuesday,5,138,LaGuardia Airport,Queens
1,2018-09-23 20:38:51,2018-09-23 21:06:59,2,10.9,1,N,1,33.5,0.500000000,0.500000000,8.1,5.76,0.300000000,48.66,138,143,20,Sunday,9,138,LaGuardia Airport,Queens
2,2018-02-23 21:26:38,2018-02-23 21:50:14,1,9.42,1,N,1,28.5,0.500000000,0.500000000,8.89,5.76,0.300000000,44.45,138,237,21,Friday,2,138,LaGuardia Airport,Queens
2,2018-02-05 09:36:36,2018-02-05 10:12:01,6,15.51,1,N,1,44.0,0E-9,0.500000000,10.11,5.76,0.300000000,60.67,138,87,9,Monday,2,138,LaGuardia Airport,Queens
2,2018-08-08 16:46:29,2018-08-08 17:18:31,1,10.25,1,N,1,31.5,1.000000000,0.500000000,7.81,5.76,0.300000000,46.87,138,143,16,Wednesday,8,138,LaGuardia Airport,Queens
2,2018-03-17 10:35:21,2018-03-17 11:13:16,1,10.55,1,N,1,35.5,0E-9,0.500000000,8.0,5.76,0.300000000,50.06,138,142,10,Saturday,3,138,LaGuardia Airport,Queens
2,2018-11-19 20:29:07,2018-11-19 21:00:18,1,10.88,1,N,1,34.0,0.500000000,0.500000000,0.0,5.76,0.300000000,41.06,138,163,20,Monday,11,138,LaGuardia Airport,Queens
2,2018-04-18 21:51:44,2018-04-18 22:21:38,1,9.8,1,N,2,32.0,0.500000000,0.500000000,0.0,5.76,0.300000000,39.06,138,230,21,Wednesday,4,138,LaGuardia Airport,Queens
1,2018-03-10 17:16:27,2018-03-10 17:42:08,1,8.1,1,N,2,26.0,0E-9,0.500000000,0.0,5.76,0.300000000,32.56,138,24,17,Saturday,3,138,LaGuardia Airport,Queens
2,2018-05-22 20:10:35,2018-05-22 20:33:37,5,10.92,1,N,1,32.0,0.500000000,0.500000000,6.66,0.0,0.300000000,39.96,138,25,20,Tuesday,5,138,LaGuardia Airport,Queens
2,2018-04-15 23:48:28,2018-04-16 00:09:56,2,8.75,1,N,1,27.0,0.500000000,0.500000000,5.66,0.0,0.300000000,33.96,138,163,23,Sunday,4,138,LaGuardia Airport,Queens
2,2018-02-05 23:50:24,2018-02-06 00:12:55,3,10.84,1,N,1,32.5,0.500000000,0.500000000,7.91,5.76,0.300000000,47.47,138,163,23,Monday,2,138,LaGuardia Airport,Queens
2,2018-08-18 20:05:29,2018-08-18 20:38:30,1,10.19,1,N,1,32.5,0.500000000,0.500000000,6.76,0.0,0.300000000,40.56,138,114,20,Saturday,8,138,LaGuardia Airport,Queens
2,2018-12-27 08:50:59,2018-12-27 09:07:53,2,8.9,1,N,2,25.5,0E-9,0.500000000,0.0,5.76,0.300000000,32.06,138,138,8,Thursday,12,138,LaGuardia Airport,Queens
1,2018-12-15 15:19:28,2018-12-15 16:01:11,2,7.7,1,N,2,31.0,0E-9,0.500000000,0.0,0.0,0.300000000,31.8,138,163,15,Saturday,12,138,LaGuardia Airport,Queens
2,2018-12-11 16:21:16,2018-12-11 16:58:56,1,11.56,1,N,1,34.5,1.000000000,0.500000000,10.52,5.76,0.300000000,52.58,138,170,16,Tuesday,12,138,LaGuardia Airport,Queens
2,2018-10-28 19:17:29,2018-10-28 19:45:15,1,9.64,1,N,1,30.0,0E-9,0.500000000,10.97,5.76,0.300000000,47.53,138,162,19,Sunday,10,138,LaGuardia Airport,Queens
1,2018-03-09 18:41:16,2018-03-09 19:28:28,1,9.2,1,N,1,34.0,1.000000000,0.500000000,4.0,5.76,0.300000000,45.56,138,43,18,Friday,3,138,LaGuardia Airport,Queens
1,2018-03-11 20:51:46,2018-03-11 21:28:50,2,14.0,1,N,1,42.5,0.500000000,0.500000000,8.0,5.76,0.300000000,57.56,138,68,20,Sunday,3,138,LaGuardia Airport,Queens
2,2018-03-10 19:16:59,2018-03-10 19:44:17,1,12.11,1,N,2,34.0,0E-9,0.500000000,0.0,0.0,0.300000000,34.8,138,132,19,Saturday,3,138,LaGuardia Airport,Queens
2,2018-12-13 22:17:21,2018-12-13 22:33:57,5,7.93,1,N,1,23.5,0.500000000,0.500000000,9.17,5.76,0.300000000,39.73,138,263,22,Thursday,12,138,LaGuardia Airport,Queens
1,2018-01-20 00:08:36,2018-01-20 00:40:20,1,17.3,1,N,1,48.5,0.500000000,0.500000000,9.95,0.0,0.300000000,59.75,138,165,0,Saturday,1,138,LaGuardia Airport,Queens
2,2018-04-27 22:27:55,2018-04-27 22:52:30,1,11.57,1,N,1,32.5,0.500000000,0.500000000,6.76,0.0,0.300000000,40.56,138,25,22,Friday,4,138,LaGuardia Airport,Queens
2,2018-03-12 11:59:57,2018-03-12 12:31:14,1,10.86,1,N,1,35.0,0E-9,0.500000000,8.31,5.76,0.300000000,49.87,138,127,11,Monday,3,138,LaGuardia Airport,Queens
2,2018-04-21 11:00:24,2018-04-21 11:34:24,1,9.65,1,N,1,32.5,0E-9,0.500000000,5.86,5.76,0.300000000,44.92,138,151,11,Saturday,4,138,LaGuardia Airport,Queens
1,2018-01-10 11:11:39,2018-01-10 11:35:51,2,7.9,1,N,1,25.5,0E-9,0.500000000,6.4,5.76,0.300000000,38.46,138,170,11,Wednesday,1,138,LaGuardia Airport,Queens
2,2018-03-31 10:37:15,2018-03-31 11:09:17,1,12.55,1,N,1,38.0,0E-9,0.500000000,11.14,5.76,0.300000000,55.7,138,164,10,Saturday,3,138,LaGuardia Airport,Queens
1,2018-08-13 13:21:53,2018-08-13 14:04:02,1,10.4,1,N,1,37.5,0E-9,0.500000000,6.61,5.76,0.300000000,50.67,138,125,13,Monday,8,138,LaGuardia Airport,Queens
1,2018-04-18 12:31:52,2018-04-18 13:10:30,1,8.7,1,N,1,32.5,0E-9,0.500000000,7.8,5.76,0.300000000,46.86,138,230,12,Wednesday,4,138,LaGuardia Airport,Queens
1,2018-01-21 20:28:12,2018-01-21 20:50:01,1,9.2,1,N,1,28.0,0.500000000,0.500000000,7.0,5.76,0.300000000,42.06,138,162,20,Sunday,1,138,LaGuardia Airport,Queens
1,2018-02-18 22:43:47,2018-02-18 22:58:54,2,13.0,1,N,1,35.5,0.500000000,0.500000000,8.5,5.76,0.300000000,51.06,138,233,22,Sunday,2,138,LaGuardia Airport,Queens
2,2018-09-27 12:58:40,2018-09-27 13:44:16,1,10.03,1,N,1,37.5,0E-9,0.500000000,8.81,5.76,0.300000000,52.87,138,113,12,Thursday,9,138,LaGuardia Airport,Queens
2,2018-12-25 17:17:41,2018-12-25 17:39:45,1,9.24,1,N,1,27.5,0E-9,0.500000000,6.81,5.76,0.300000000,40.87,138,238,17,Tuesday,12,138,LaGuardia Airport,Queens
2,2018-07-10 16:30:30,2018-07-10 16:58:06,1,10.35,1,N,1,31.5,1.000000000,0.500000000,7.81,5.76,0.300000000,46.87,138,243,16,Tuesday,7,138,LaGuardia Airport,Queens
2,2018-01-11 18:12:50,2018-01-11 18:41:20,1,7.94,1,N,1,25.5,1.000000000,0.500000000,6.61,5.76,0.300000000,39.67,138,170,18,Thursday,1,138,LaGuardia Airport,Queens
1,2018-07-11 21:42:19,2018-07-11 22:01:50,1,7.0,1,N,1,22.5,0.500000000,0.500000000,7.35,5.76,0.300000000,36.91,138,41,21,Wednesday,7,138,LaGuardia Airport,Queens
2,2018-04-11 21:16:18,2018-04-11 21:33:45,1,7.9,1,N,1,24.0,0.500000000,0.500000000,6.21,5.76,0.300000000,37.27,138,42,21,Wednesday,4,138,LaGuardia Airport,Queens
2,2018-09-30 09:23:41,2018-09-30 09:40:23,2,12.4,1,N,1,34.0,0E-9,0.500000000,6.96,0.0,0.300000000,41.76,138,132,9,Sunday,9,138,LaGuardia Airport,Queens
1,2018-09-18 21:12:55,2018-09-18 21:33:42,1,10.1,1,N,1,29.5,0.500000000,0.500000000,6.15,0.0,0.300000000,36.95,138,79,21,Tuesday,9,138,LaGuardia Airport,Queens
2,2018-12-29 16:22:40,2018-12-29 16:51:41,1,9.61,1,N,1,29.5,0E-9,0.500000000,7.21,5.76,0.300000000,43.27,138,113,16,Saturday,12,138,LaGuardia Airport,Queens
2,2018-06-12 21:48:17,2018-06-12 22:08:03,1,8.73,1,N,1,25.5,0.500000000,0.500000000,6.51,5.76,0.300000000,39.07,138,107,21,Tuesday,6,138,LaGuardia Airport,Queens
2,2018-03-12 18:45:36,2018-03-12 19:05:05,1,8.71,1,N,1,26.0,1.000000000,0.500000000,6.71,5.76,0.300000000,40.27,138,262,18,Monday,3,138,LaGuardia Airport,Queens
2,2018-12-29 13:59:13,2018-12-29 14:35:41,3,11.31,1,N,1,37.0,0E-9,0.500000000,8.71,5.76,0.300000000,52.27,138,142,13,Saturday,12,138,LaGuardia Airport,Queens
2,2018-05-31 13:49:26,2018-05-31 14:48:22,1,12.39,1,N,1,44.0,0E-9,0.500000000,8.96,0.0,0.300000000,53.76,138,87,13,Thursday,5,138,LaGuardia Airport,Queens
2,2018-10-08 18:14:52,2018-10-08 18:34:15,4,8.4,1,N,1,25.0,0E-9,0.500000000,6.31,5.76,0.300000000,37.87,138,164,18,Monday,10,138,LaGuardia Airport,Queens
2,2018-06-19 07:56:09,2018-06-19 08:40:41,1,12.08,1,N,1,38.0,0E-9,0.500000000,11.14,5.76,0.300000000,55.7,138,162,7,Tuesday,6,138,LaGuardia Airport,Queens
2,2018-07-15 17:00:37,2018-07-15 17:34:28,1,7.54,1,N,1,28.0,0E-9,0.500000000,4.32,0.0,0.300000000,33.12,138,163,17,Sunday,7,138,LaGuardia Airport,Queens
2,2018-08-07 13:18:22,2018-08-07 13:58:01,1,9.65,1,N,1,35.5,0E-9,0.500000000,8.41,5.76,0.300000000,50.47,138,230,13,Tuesday,8,138,LaGuardia Airport,Queens
1,2018-11-01 14:50:29,2018-11-01 15:37:32,1,10.2,1,N,1,38.5,0E-9,0.500000000,9.0,5.76,0.300000000,54.06,138,50,14,Thursday,11,138,LaGuardia Airport,Queens
1,2018-10-09 08:22:42,2018-10-09 09:22:36,1,11.8,1,N,1,44.5,0E-9,0.500000000,10.2,5.76,0.300000000,61.26,138,170,8,Tuesday,10,138,LaGuardia Airport,Queens
2,2018-03-15 18:42:50,2018-03-16 17:55:49,1,9.84,1,N,1,31.0,1.000000000,0.500000000,7.71,5.76,0.300000000,46.27,138,79,18,Thursday,3,138,LaGuardia Airport,Queens
2,2018-03-13 10:16:55,2018-03-13 11:01:17,1,10.81,1,N,1,38.0,0E-9,0.500000000,8.91,5.76,0.300000000,53.47,138,230,10,Tuesday,3,138,LaGuardia Airport,Queens
2,2018-02-01 20:31:42,2018-02-01 21:02:55,5,15.06,1,N,1,43.5,0.500000000,0.500000000,10.11,5.76,0.300000000,60.67,138,87,20,Thursday,2,138,LaGuardia Airport,Queens
2,2018-02-21 07:42:08,2018-02-21 08:15:01,5,10.16,1,N,1,31.0,0E-9,0.500000000,5.63,5.76,0.300000000,43.19,138,162,7,Wednesday,2,138,LaGuardia Airport,Queens
2,2018-06-20 11:46:24,2018-06-20 12:20:30,1,11.42,1,N,1,37.5,0E-9,0.500000000,8.81,5.76,0.300000000,52.87,138,233,11,Wednesday,6,138,LaGuardia Airport,Queens
2,2018-11-15 22:03:35,2018-11-15 22:34:19,1,12.83,1,N,1,36.5,0.500000000,0.500000000,9.45,0.0,0.300000000,47.25,138,261,22,Thursday,11,138,LaGuardia Airport,Queens
2,2018-11-13 10:05:39,2018-11-13 10:57:02,1,9.85,1,N,1,35.5,0E-9,0.500000000,8.41,5.76,0.300000000,50.47,138,161,10,Tuesday,11,138,LaGuardia Airport,Queens
2,2018-12-07 09:54:42,2018-12-07 10:29:38,1,10.38,1,N,1,33.5,0E-9,0.500000000,8.01,5.76,0.300000000,48.07,138,163,9,Friday,12,138,LaGuardia Airport,Queens
2,2018-01-13 21:09:30,2018-01-13 21:37:13,2,11.58,1,N,1,35.0,0.500000000,0.500000000,8.41,5.76,0.300000000,50.47,138,100,21,Saturday,1,138,LaGuardia Airport,Queens
2,2018-01-15 18:59:33,2018-01-15 19:30:55,1,12.85,1,N,1,38.0,0E-9,0.500000000,8.91,5.76,0.300000000,53.47,138,68,18,Monday,1,138,LaGuardia Airport,Queens
2,2018-05-22 10:35:05,2018-05-22 11:30:49,1,38.07,5,N,1,150.0,0E-9,0.500000000,46.97,5.76,0.300000000,203.53,138,265,10,Tuesday,5,138,LaGuardia Airport,Queens
2,2018-01-28 18:01:02,2018-01-28 18:38:44,2,15.07,1,N,1,43.5,0E-9,0.500000000,8.86,0.0,0.300000000,53.16,138,228,18,Sunday,1,138,LaGuardia Airport,Queens
1,2018-04-22 21:19:38,2018-04-22 21:46:06,1,13.5,1,N,1,38.0,0.500000000,0.500000000,11.25,5.76,0.300000000,56.31,138,113,21,Sunday,4,138,LaGuardia Airport,Queens
1,2018-10-24 12:51:36,2018-10-24 13:30:24,1,10.1,1,N,1,35.0,0E-9,0.500000000,10.0,5.76,0.300000000,51.56,138,142,12,Wednesday,10,138,LaGuardia Airport,Queens
2,2018-08-27 21:33:24,2018-08-27 21:55:28,1,8.64,1,N,1,26.5,0.500000000,0.500000000,6.71,5.76,0.300000000,40.27,138,238,21,Monday,8,138,LaGuardia Airport,Queens
1,2018-02-22 20:31:09,2018-02-22 20:50:07,1,7.8,1,N,1,24.5,0.500000000,0.500000000,7.85,5.76,0.300000000,39.41,138,263,20,Thursday,2,138,LaGuardia Airport,Queens
2,2018-09-17 22:57:06,2018-09-17 23:22:01,1,11.55,1,N,1,34.0,0.500000000,0.500000000,8.21,5.76,0.300000000,49.27,138,230,22,Monday,9,138,LaGuardia Airport,Queens
2,2018-03-17 17:08:18,2018-03-17 17:33:20,3,9.16,1,N,1,28.0,0E-9,0.500000000,6.91,5.76,0.300000000,41.47,138,236,17,Saturday,3,138,LaGuardia Airport,Queens
2,2018-08-06 19:12:32,2018-08-06 19:44:28,5,12.13,1,N,1,36.5,1.000000000,0.500000000,8.81,5.76,0.300000000,52.87,138,48,19,Monday,8,138,LaGuardia Airport,Queens
1,2018-05-24 12:01:05,2018-05-24 12:52:22,3,10.9,1,N,1,42.0,0E-9,0.500000000,9.7,5.76,0.300000000,58.26,138,161,12,Thursday,5,138,LaGuardia Airport,Queens
2,2018-03-27 19:43:06,2018-03-27 20:12:08,2,10.12,1,N,1,32.5,1.000000000,0.500000000,8.01,5.76,0.300000000,48.07,138,90,19,Tuesday,3,138,LaGuardia Airport,Queens
1,2018-01-18 14:25:55,2018-01-18 14:45:02,1,6.7,1,N,1,22.0,0E-9,0.500000000,4.55,0.0,0.300000000,27.35,138,112,14,Thursday,1,138,LaGuardia Airport,Queens
2,2018-03-08 09:37:38,2018-03-08 10:19:26,2,13.96,1,N,1,43.0,0E-9,0.500000000,12.39,5.76,0.300000000,61.95,138,79,9,Thursday,3,138,LaGuardia Airport,Queens
2,2018-03-27 16:06:17,2018-03-27 16:52:07,1,10.79,1,N,1,36.5,1.000000000,0.500000000,13.22,5.76,0.300000000,57.28,138,162,16,Tuesday,3,138,LaGuardia Airport,Queens
2,2018-11-30 18:25:23,2018-11-30 18:48:18,5,7.79,1,N,1,24.0,1.000000000,0.500000000,7.0,5.76,0.300000000,38.56,138,263,18,Friday,11,138,LaGuardia Airport,Queens
1,2018-10-26 23:55:31,2018-10-27 00:13:51,1,7.8,1,N,1,23.5,0.500000000,0.500000000,4.95,0.0,0.300000000,29.75,138,112,23,Friday,10,138,LaGuardia Airport,Queens
2,2018-04-15 15:51:32,2018-04-15 16:25:21,1,10.29,1,N,1,31.5,0E-9,0.500000000,7.61,5.76,0.300000000,45.67,138,142,15,Sunday,4,138,LaGuardia Airport,Queens
2,2018-06-15 20:48:28,2018-06-15 21:06:02,3,8.98,1,N,1,25.5,0.500000000,0.500000000,6.51,5.76,0.300000000,39.07,138,236,20,Friday,6,138,LaGuardia Airport,Queens
1,2018-03-04 11:42:49,2018-03-04 12:10:21,2,11.3,1,N,1,33.0,0E-9,0.500000000,7.91,5.76,0.300000000,47.47,138,164,11,Sunday,3,138,LaGuardia Airport,Queens
1,2018-05-24 10:45:46,2018-05-24 11:25:30,2,10.6,1,N,1,32.5,0E-9,0.500000000,7.81,5.76,0.300000000,46.87,138,161,10,Thursday,5,138,LaGuardia Airport,Queens
2,2018-03-06 14:53:09,2018-03-06 15:45:17,1,11.84,1,N,1,42.5,0E-9,0.500000000,9.81,5.76,0.300000000,58.87,138,230,14,Tuesday,3,138,LaGuardia Airport,Queens
2,2018-03-07 06:10:49,2018-03-07 06:43:46,1,18.04,1,N,1,49.5,0E-9,0.500000000,10.06,0.0,0.300000000,60.36,138,133,6,Wednesday,3,138,LaGuardia Airport,Queens
2,2018-10-03 10:58:57,2018-10-03 11:40:35,1,10.52,1,N,1,36.0,0E-9,0.500000000,7.36,0.0,0.300000000,44.16,138,211,10,Wednesday,10,138,LaGuardia Airport,Queens
2,2018-04-15 14:00:53,2018-04-15 14:52:32,2,11.68,1,N,1,42.5,0E-9,0.500000000,8.66,0.0,0.300000000,51.96,138,231,14,Sunday,4,138,LaGuardia Airport,Queens
2,2018-03-05 17:13:31,2018-03-05 17:45:20,2,15.59,1,N,1,42.5,1.000000000,0.500000000,10.01,5.76,0.300000000,60.07,138,13,17,Monday,3,138,LaGuardia Airport,Queens
2,2018-10-15 09:59:38,2018-10-15 10:54:58,1,13.56,1,N,1,47.0,0E-9,0.500000000,10.71,5.76,0.300000000,64.27,138,48,9,Monday,10,138,LaGuardia Airport,Queens
2,2018-12-09 12:44:22,2018-12-09 13:20:21,1,11.59,1,N,1,36.5,0E-9,0.500000000,10.76,5.76,0.300000000,53.82,138,230,12,Sunday,12,138,LaGuardia Airport,Queens
2,2018-08-20 13:31:05,2018-08-20 14:14:52,1,10.7,1,N,1,38.5,0E-9,0.500000000,9.01,5.76,0.300000000,54.07,138,163,13,Monday,8,138,LaGuardia Airport,Queens
1,2018-07-30 06:03:06,2018-07-30 06:35:05,1,13.9,1,N,2,41.0,0E-9,0.500000000,0.0,0.0,0.300000000,41.8,138,61,6,Monday,7,138,LaGuardia Airport,Queens
2,2018-03-03 15:02:24,2018-03-03 15:36:01,1,11.63,1,N,1,34.5,0E-9,0.500000000,6.16,5.76,0.300000000,47.22,138,163,15,Saturday,3,138,LaGuardia Airport,Queens
1,2018-04-05 12:17:42,2018-04-05 12:50:10,1,11.6,1,N,1,36.5,0E-9,0.500000000,8.6,5.76,0.300000000,51.66,138,161,12,Thursday,4,138,LaGuardia Airport,Queens
1,2018-09-23 15:54:15,2018-09-23 16:40:14,1,10.5,1,N,1,37.0,0E-9,0.500000000,8.7,5.76,0.300000000,52.26,138,249,15,Sunday,9,138,LaGuardia Airport,Queens
2,2018-04-04 22:29:08,2018-04-04 22:55:14,1,9.72,1,N,1,30.5,0.500000000,0.500000000,7.51,5.76,0.300000000,45.07,138,161,22,Wednesday,4,138,LaGuardia Airport,Queens
1,2018-04-17 11:50:41,2018-04-17 12:20:25,1,8.2,1,N,1,28.0,0E-9,0.500000000,7.5,5.76,0.300000000,42.06,138,164,11,Tuesday,4,138,LaGuardia Airport,Queens
2,2018-02-25 23:29:19,2018-02-25 23:49:20,5,11.12,1,N,1,32.0,0.500000000,0.500000000,7.81,5.76,0.300000000,46.87,138,164,23,Sunday,2,138,LaGuardia Airport,Queens
1,2018-02-07 11:00:26,2018-02-07 11:23:32,1,7.8,1,N,1,24.5,0E-9,0.500000000,5.05,0.0,0.300000000,30.35,138,80,11,Wednesday,2,138,LaGuardia Airport,Queens
2,2018-08-22 08:27:59,2018-08-22 09:45:59,2,33.88,1,N,1,94.5,0E-9,0.500000000,19.06,0.0,0.300000000,114.36,138,198,8,Wednesday,8,138,LaGuardia Airport,Queens
2,2018-09-24 11:43:11,2018-09-24 12:07:10,1,8.17,1,N,1,27.5,0E-9,0.500000000,8.52,5.76,0.300000000,42.58,138,170,11,Monday,9,138,LaGuardia Airport,Queens
2,2018-05-24 18:58:54,2018-05-24 19:26:08,3,6.2,1,N,1,22.5,1.000000000,0.500000000,4.86,0.0,0.300000000,29.16,138,255,18,Thursday,5,138,LaGuardia Airport,Queens
2,2018-07-10 13:30:41,2018-07-10 13:55:16,2,8.71,1,N,2,28.0,0E-9,0.500000000,0.0,5.76,0.300000000,34.56,138,164,13,Tuesday,7,138,LaGuardia Airport,Queens
2,2018-11-08 19:25:13,2018-11-08 19:46:41,6,7.18,1,N,1,23.0,1.000000000,0.500000000,6.11,5.76,0.300000000,36.67,138,170,19,Thursday,11,138,LaGuardia Airport,Queens
2,2018-03-06 15:23:37,2018-03-06 16:09:11,1,9.13,1,N,1,34.5,0E-9,0.500000000,8.21,5.76,0.300000000,49.27,138,90,15,Tuesday,3,138,LaGuardia Airport,Queens
1,2018-01-19 14:01:18,2018-01-19 14:32:14,1,10.8,1,N,1,32.5,0E-9,0.500000000,6.0,5.76,0.300000000,45.06,138,229,14,Friday,1,138,LaGuardia Airport,Queens
2,2018-03-08 13:59:06,2018-03-08 14:19:01,3,8.18,1,N,1,25.5,0E-9,0.500000000,5.26,0.0,0.300000000,31.56,138,255,13,Thursday,3,138,LaGuardia Airport,Queens
2,2018-03-19 11:34:21,2018-03-19 12:14:57,1,15.05,1,N,1,46.0,0E-9,0.500000000,2.5,0.0,0.300000000,49.3,138,114,11,Monday,3,138,LaGuardia Airport,Queens
2,2018-08-10 15:41:05,2018-08-10 16:19:45,2,9.8,1,N,1,30.5,0E-9,0.500000000,11.12,5.76,0.300000000,48.18,138,161,15,Friday,8,138,LaGuardia Airport,Queens
2,2018-05-17 21:17:11,2018-05-17 21:42:13,1,11.02,1,N,1,33.0,0.500000000,0.500000000,8.01,5.76,0.300000000,48.07,138,163,21,Thursday,5,138,LaGuardia Airport,Queens
2,2018-05-17 17:35:09,2018-05-17 18:27:44,1,11.06,1,N,1,41.5,1.000000000,0.500000000,8.66,0.0,0.300000000,51.96,138,211,17,Thursday,5,138,LaGuardia Airport,Queens
2,2018-03-20 16:13:23,2018-03-20 17:30:19,2,13.23,1,N,1,54.0,1.000000000,0.500000000,11.16,0.0,0.300000000,66.96,138,164,16,Tuesday,3,138,LaGuardia Airport,Queens
1,2018-03-30 09:11:12,2018-03-30 09:45:31,1,11.9,1,N,1,37.5,0E-9,0.500000000,0.0,5.76,0.300000000,44.06,138,164,9,Friday,3,138,LaGuardia Airport,Queens
2,2018-06-30 11:18:29,2018-06-30 11:47:15,1,12.39,1,N,1,35.5,0E-9,0.500000000,8.41,5.76,0.300000000,50.47,138,113,11,Saturday,6,138,LaGuardia Airport,Queens
2,2018-06-08 10:28:08,2018-06-08 11:05:30,3,8.83,1,N,1,32.5,0E-9,0.500000000,7.81,5.76,0.300000000,46.87,138,263,10,Friday,6,138,LaGuardia Airport,Queens
2,2018-08-10 15:39:48,2018-08-10 16:15:54,2,8.88,1,N,1,29.5,0E-9,0.500000000,5.41,5.76,0.300000000,41.47,138,107,15,Friday,8,138,LaGuardia Airport,Queens
2,2018-03-12 15:36:20,2018-03-12 16:01:45,2,8.42,1,N,1,26.5,0E-9,0.500000000,6.61,5.76,0.300000000,39.67,138,100,15,Monday,3,138,LaGuardia Airport,Queens
1,2018-03-09 22:44:36,2018-03-09 23:13:38,1,8.7,1,N,1,29.0,0.500000000,0.500000000,10.0,5.76,0.300000000,46.06,138,137,22,Friday,3,138,LaGuardia Airport,Queens
2,2018-04-18 18:28:32,2018-04-18 19:12:21,1,8.83,1,N,1,34.0,1.000000000,0.500000000,8.95,0.0,0.300000000,44.75,138,163,18,Wednesday,4,138,LaGuardia Airport,Queens
1,2018-11-21 15:38:45,2018-11-21 16:18:05,1,8.6,1,N,1,31.0,0E-9,0.500000000,7.5,5.76,0.300000000,45.06,138,233,15,Wednesday,11,138,LaGuardia Airport,Queens
2,2018-08-12 15:32:33,2018-08-12 16:03:22,6,12.03,1,N,1,36.0,0E-9,0.500000000,8.51,5.76,0.300000000,51.07,138,107,15,Sunday,8,138,LaGuardia Airport,Queens
1,2018-03-22 19:15:44,2018-03-22 19:37:17,1,7.9,1,N,1,25.0,1.000000000,0.500000000,8.1,5.76,0.300000000,40.66,138,166,19,Thursday,3,138,LaGuardia Airport,Queens
1,2018-11-02 11:03:11,2018-11-02 11:24:24,1,8.4,1,N,1,25.5,0E-9,0.500000000,9.6,5.76,0.300000000,41.66,138,262,11,Friday,11,138,LaGuardia Airport,Queens
2,2018-03-14 16:58:36,2018-03-14 17:38:34,2,9.24,1,N,1,32.5,1.000000000,0.500000000,6.86,0.0,0.300000000,41.16,146,66,16,Wednesday,3,146,Long Island City/Queens Plaza,Queens
2,2018-08-26 18:11:49,2018-08-26 18:32:20,6,7.67,1,N,1,23.0,0E-9,0.500000000,5.91,5.76,0.300000000,35.47,138,236,18,Sunday,8,138,LaGuardia Airport,Queens
2,2018-08-14 11:09:02,2018-08-14 11:44:06,1,10.06,1,N,1,32.5,0E-9,0.500000000,7.81,5.76,0.300000000,46.87,138,141,11,Tuesday,8,138,LaGuardia Airport,Queens
1,2018-05-10 16:44:06,2018-05-10 17:34:14,1,9.5,1,N,1,38.0,1.000000000,0.500000000,7.0,5.76,0.300000000,52.56,138,68,16,Thursday,5,138,LaGuardia Airport,Queens
2,2018-03-12 20:52:18,2018-03-12 21:14:41,1,11.44,1,N,1,33.0,0.500000000,0.500000000,6.86,0.0,0.300000000,41.16,138,234,20,Monday,3,138,LaGuardia Airport,Queens
1,2018-03-13 10:13:59,2018-03-13 11:10:35,1,9.7,1,N,1,42.5,0E-9,0.500000000,9.8,5.76,0.300000000,58.86,138,163,10,Tuesday,3,138,LaGuardia Airport,Queens
2,2018-07-13 20:16:09,2018-07-13 20:47:14,1,10.37,1,N,1,32.5,0.500000000,0.500000000,7.91,5.76,0.300000000,47.47,138,163,20,Friday,7,138,LaGuardia Airport,Queens
2,2018-02-19 06:36:58,2018-02-19 06:57:49,1,13.07,1,N,1,36.0,0E-9,0.500000000,7.36,0.0,0.300000000,44.16,138,181,6,Monday,2,138,LaGuardia Airport,Queens
1,2018-06-12 15:14:11,2018-06-12 15:47:38,1,10.1,1,N,1,32.0,0E-9,0.500000000,7.7,5.76,0.300000000,46.26,138,237,15,Tuesday,6,138,LaGuardia Airport,Queens
2,2018-05-29 12:09:58,2018-05-29 13:02:35,1,12.61,1,N,1,45.0,0E-9,0.500000000,10.31,5.76,0.300000000,61.87,138,161,12,Tuesday,5,138,LaGuardia Airport,Queens
1,2018-10-07 11:25:29,2018-10-07 11:53:52,2,14.8,1,N,1,40.5,0E-9,0.500000000,10.0,5.76,0.300000000,57.06,138,88,11,Sunday,10,138,LaGuardia Airport,Queens
2,2018-08-03 23:49:02,2018-08-04 00:16:15,1,8.71,1,N,1,28.0,0.500000000,0.500000000,8.76,5.76,0.300000000,43.82,138,137,23,Friday,8,138,LaGuardia Airport,Queens
2,2018-12-16 10:02:32,2018-12-16 10:36:52,1,9.17,1,N,1,32.0,0E-9,0.500000000,7.71,5.76,0.300000000,46.27,138,161,10,Sunday,12,138,LaGuardia Airport,Queens
2,2018-05-10 20:03:24,2018-05-10 20:20:25,5,8.18,1,N,1,24.5,0.500000000,0.500000000,6.31,5.76,0.300000000,37.87,138,162,20,Thursday,5,138,LaGuardia Airport,Queens
1,2018-05-07 10:03:28,2018-05-07 10:42:18,1,9.0,1,N,1,32.5,0E-9,0.500000000,11.7,5.76,0.300000000,50.76,138,170,10,Monday,5,138,LaGuardia Airport,Queens
1,2018-05-18 17:35:18,2018-05-18 18:36:05,1,11.1,1,N,1,41.5,1.000000000,0.500000000,5.94,5.76,0.300000000,55.0,138,161,17,Friday,5,138,LaGuardia Airport,Queens
1,2018-05-29 18:05:05,2018-05-29 18:56:49,1,9.6,1,N,1,39.5,1.000000000,0.500000000,6.0,5.76,0.300000000,53.06,138,107,18,Tuesday,5,138,LaGuardia Airport,Queens
2,2018-05-08 14:15:29,2018-05-08 14:57:34,1,10.59,1,N,1,36.5,0E-9,0.500000000,6.5,5.76,0.300000000,49.56,138,230,14,Tuesday,5,138,LaGuardia Airport,Queens
1,2018-12-18 15:57:25,2018-12-18 16:54:43,2,8.5,1,N,1,40.0,0E-9,0.500000000,11.6,5.76,0.300000000,58.16,138,161,15,Tuesday,12,138,LaGuardia Airport,Queens
2,2018-08-16 08:35:02,2018-08-16 09:10:22,6,12.76,1,N,1,37.5,0E-9,0.500000000,8.81,5.76,0.300000000,52.87,138,137,8,Thursday,8,138,LaGuardia Airport,Queens
1,2018-05-30 17:10:38,2018-05-30 18:08:00,2,9.8,1,N,1,42.0,1.000000000,0.500000000,9.9,5.76,0.300000000,59.46,138,186,17,Wednesday,5,138,LaGuardia Airport,Queens
2,2018-06-12 17:35:01,2018-06-12 18:36:54,1,11.27,1,N,1,43.0,1.000000000,0.500000000,10.11,5.76,0.300000000,60.67,138,163,17,Tuesday,6,138,LaGuardia Airport,Queens
2,2018-03-11 20:42:56,2018-03-11 21:06:13,1,11.62,1,N,1,33.0,0.500000000,0.500000000,8.01,5.76,0.300000000,48.07,138,170,20,Sunday,3,138,LaGuardia Airport,Queens
2,2018-06-10 20:35:22,2018-06-10 20:57:00,1,9.62,1,N,1,28.0,0.500000000,0.500000000,7.01,5.76,0.300000000,42.07,138,186,20,Sunday,6,138,LaGuardia Airport,Queens
2,2018-08-14 09:31:15,2018-08-14 10:02:03,6,10.15,1,N,1,30.0,0E-9,0.500000000,7.31,5.76,0.300000000,43.87,138,229,9,Tuesday,8,138,LaGuardia Airport,Queens
2,2018-05-11 14:52:11,2018-05-11 16:18:38,1,12.04,1,N,1,54.0,0E-9,0.500000000,12.11,5.76,0.300000000,72.67,138,244,14,Friday,5,138,LaGuardia Airport,Queens
2,2018-01-27 15:08:12,2018-01-27 15:42:26,6,10.67,1,N,1,33.5,0E-9,0.500000000,8.01,5.76,0.300000000,48.07,138,239,15,Saturday,1,138,LaGuardia Airport,Queens
1,2018-11-01 10:07:24,2018-11-01 11:05:07,1,7.1,1,N,1,37.5,0E-9,0.500000000,7.65,0.0,0.300000000,45.95,138,163,10,Thursday,11,138,LaGuardia Airport,Queens
1,2018-01-25 16:29:26,2018-01-25 17:15:39,1,10.7,1,N,1,35.5,1.000000000,0.500000000,6.46,5.76,0.300000000,49.52,138,170,16,Thursday,1,138,LaGuardia Airport,Queens
2,2018-09-11 14:29:17,2018-09-11 14:59:23,2,9.06,1,N,1,30.0,0E-9,0.500000000,0.01,5.76,0.300000000,36.57,138,161,14,Tuesday,9,138,LaGuardia Airport,Queens
2,2018-10-02 08:04:40,2018-10-02 08:56:08,1,13.19,1,N,1,43.0,0E-9,0.500000000,7.43,5.76,0.300000000,56.99,138,234,8,Tuesday,10,138,LaGuardia Airport,Queens
2,2018-02-23 16:58:28,2018-02-23 17:39:57,6,9.8,1,N,1,33.5,1.000000000,0.500000000,6.0,0.0,0.300000000,41.3,138,33,16,Friday,2,138,LaGuardia Airport,Queens
2,2018-05-10 18:59:52,2018-05-10 19:43:03,3,14.13,1,N,1,45.0,1.000000000,0.500000000,10.51,5.76,0.300000000,63.07,138,114,18,Thursday,5,138,LaGuardia Airport,Queens
1,2018-03-22 21:17:44,2018-03-22 21:47:32,0,10.3,1,N,1,32.5,0.500000000,0.500000000,7.9,5.76,0.300000000,47.46,138,79,21,Thursday,3,138,LaGuardia Airport,Queens
1,2018-09-11 21:14:42,2018-09-11 21:41:30,2,9.7,1,N,1,30.0,0.500000000,0.500000000,6.67,5.76,0.300000000,43.73,138,239,21,Tuesday,9,138,LaGuardia Airport,Queens
1,2018-08-15 12:49:53,2018-08-15 14:07:08,2,11.4,1,N,1,53.0,0E-9,0.500000000,11.9,5.76,0.300000000,71.46,138,230,12,Wednesday,8,138,LaGuardia Airport,Queens
2,2018-08-18 20:24:17,2018-08-18 20:51:48,1,8.82,1,N,1,28.0,0.500000000,0.500000000,7.01,5.76,0.300000000,42.07,138,166,20,Saturday,8,138,LaGuardia Airport,Queens
2,2018-12-18 22:46:39,2018-12-18 23:06:51,1,8.83,5,N,1,40.0,0E-9,0.500000000,6.0,5.76,0.300000000,52.56,138,116,22,Tuesday,12,138,LaGuardia Airport,Queens
2,2018-07-16 07:33:14,2018-07-16 08:05:38,5,5.65,1,N,1,24.5,0E-9,0.500000000,2.9,0.0,0.300000000,28.2,146,138,7,Monday,7,146,Long Island City/Queens Plaza,Queens
2,2018-12-20 12:08:18,2018-12-20 12:41:35,1,12.84,1,N,1,38.0,0E-9,0.500000000,9.7,0.0,0.300000000,48.5,138,228,12,Thursday,12,138,LaGuardia Airport,Queens
2,2018-03-31 20:58:26,2018-03-31 21:19:25,1,11.27,1,N,1,31.5,0.500000000,0.500000000,7.71,5.76,0.300000000,46.27,138,32,20,Saturday,3,138,LaGuardia Airport,Queens
2,2018-12-30 14:20:59,2018-12-30 14:51:18,1,10.71,1,N,1,32.5,0E-9,0.500000000,6.66,0.0,0.300000000,39.96,138,181,14,Sunday,12,138,LaGuardia Airport,Queens
2,2018-12-30 21:43:47,2018-12-30 21:59:08,6,9.36,1,N,1,26.5,0.500000000,0.500000000,6.71,5.76,0.300000000,40.27,138,140,21,Sunday,12,138,LaGuardia Airport,Queens
2,2018-03-24 15:17:05,2018-03-24 15:55:53,1,9.37,1,N,1,35.5,0E-9,0.500000000,7.26,0.0,0.300000000,43.56,138,65,15,Saturday,3,138,LaGuardia Airport,Queens
1,2018-03-17 14:56:26,2018-03-17 15:37:53,1,8.3,1,N,1,34.5,0E-9,0.500000000,8.2,5.76,0.300000000,49.26,138,170,14,Saturday,3,138,LaGuardia Airport,Queens
2,2018-04-18 00:08:12,2018-04-18 00:37:07,1,10.8,1,N,2,35.5,0.500000000,0.500000000,0.0,0.0,0.300000000,36.8,138,231,0,Wednesday,4,138,LaGuardia Airport,Queens
2,2018-02-05 23:28:02,2018-02-05 23:49:41,5,11.03,1,N,1,32.0,0.500000000,0.500000000,7.81,5.76,0.300000000,46.87,138,230,23,Monday,2,138,LaGuardia Airport,Queens
1,2018-02-25 15:24:08,2018-02-25 16:02:31,1,14.3,1,N,1,41.5,0E-9,0.500000000,12.0,5.76,0.300000000,60.06,138,209,15,Sunday,2,138,LaGuardia Airport,Queens
2,2018-04-14 20:52:31,2018-04-14 21:21:14,6,10.96,1,N,1,33.0,0.500000000,0.500000000,10.02,5.76,0.300000000,50.08,138,143,20,Saturday,4,138,LaGuardia Airport,Queens
2,2018-11-05 09:23:42,2018-11-05 10:07:21,1,7.18,1,N,1,30.5,0E-9,0.500000000,7.82,0.0,0.300000000,39.12,138,80,9,Monday,11,138,LaGuardia Airport,Queens
2,2018-06-05 16:04:00,2018-06-05 16:44:29,1,9.95,1,N,1,33.5,1.000000000,0.500000000,12.32,5.76,0.300000000,53.38,138,162,16,Tuesday,6,138,LaGuardia Airport,Queens
2,2018-08-30 17:27:11,2018-08-30 18:17:35,1,20.66,4,N,1,75.5,1.000000000,0.500000000,16.61,5.76,0.300000000,99.67,138,265,17,Thursday,8,138,LaGuardia Airport,Queens
2,2018-09-14 09:43:07,2018-09-14 10:39:21,1,12.38,1,N,1,43.5,0E-9,0.500000000,8.86,0.0,0.300000000,53.16,138,62,9,Friday,9,138,LaGuardia Airport,Queens
2,2018-10-17 13:18:53,2018-10-17 13:36:19,1,8.16,1,N,1,24.0,0E-9,0.500000000,6.11,5.76,0.300000000,36.67,138,262,13,Wednesday,10,138,LaGuardia Airport,Queens
1,2018-07-17 15:48:34,2018-07-17 16:32:29,3,8.8,1,N,1,35.5,1.000000000,0.500000000,8.6,5.76,0.300000000,51.66,138,186,15,Tuesday,7,138,LaGuardia Airport,Queens
2,2018-03-25 14:36:48,2018-03-25 15:16:59,1,17.15,4,N,1,55.5,0E-9,0.500000000,14.0,18.26,0.300000000,88.56,138,265,14,Sunday,3,138,LaGuardia Airport,Queens
2,2018-05-01 17:42:52,2018-05-01 18:21:27,1,9.71,1,N,1,34.0,1.000000000,0.500000000,8.31,5.76,0.300000000,49.87,138,186,17,Tuesday,5,138,LaGuardia Airport,Queens
1,2018-11-06 23:41:59,2018-11-07 00:07:16,1,10.7,1,N,1,31.5,0.500000000,0.500000000,7.7,5.76,0.300000000,46.26,138,143,23,Tuesday,11,138,LaGuardia Airport,Queens
2,2018-09-13 14:52:04,2018-09-13 15:49:02,1,11.21,1,N,1,43.0,0E-9,0.500000000,9.91,5.76,0.300000000,59.47,138,230,14,Thursday,9,138,LaGuardia Airport,Queens
2,2018-05-14 10:22:02,2018-05-14 11:02:48,1,13.93,1,N,1,45.5,0E-9,0.500000000,11.58,0.0,0.300000000,57.88,138,61,10,Monday,5,138,LaGuardia Airport,Queens
2,2018-12-09 22:44:29,2018-12-09 23:04:59,1,9.49,1,N,1,27.0,0.500000000,0.500000000,6.81,5.76,0.300000000,40.87,138,224,22,Sunday,12,138,LaGuardia Airport,Queens
2,2018-06-25 12:07:06,2018-06-25 12:48:04,1,12.2,1,N,1,40.5,0E-9,0.500000000,11.76,5.76,0.300000000,58.82,138,234,12,Monday,6,138,LaGuardia Airport,Queens
2,2018-12-13 07:00:46,2018-12-13 07:46:31,1,12.57,1,N,1,41.5,0E-9,0.500000000,9.61,5.76,0.300000000,57.67,138,246,7,Thursday,12,138,LaGuardia Airport,Queens
2,2018-02-18 21:04:57,2018-02-18 21:21:33,1,8.08,1,N,1,23.5,0.500000000,0.500000000,7.0,5.76,0.300000000,37.56,138,140,21,Sunday,2,138,LaGuardia Airport,Queens
1,2018-01-08 09:12:53,2018-01-08 09:58:48,1,10.4,1,N,1,36.0,0E-9,0.500000000,8.5,5.76,0.300000000,51.06,138,161,9,Monday,1,138,LaGuardia Airport,Queens
1,2018-03-19 14:25:42,2018-03-19 15:11:37,1,10.6,1,N,1,36.5,0E-9,0.500000000,7.45,0.0,0.300000000,44.75,138,189,14,Monday,3,138,LaGuardia Airport,Queens
2,2018-03-19 14:57:35,2018-03-19 15:32:27,5,10.29,1,N,1,33.5,0E-9,0.500000000,8.01,5.76,0.300000000,48.07,138,230,14,Monday,3,138,LaGuardia Airport,Queens
2,2018-02-25 21:44:25,2018-02-25 22:06:36,2,9.78,1,N,1,29.0,0.500000000,0.500000000,9.02,5.76,0.300000000,45.08,138,239,21,Sunday,2,138,LaGuardia Airport,Queens
1,2018-02-17 13:41:37,2018-02-17 14:07:44,2,7.6,1,N,2,26.0,0E-9,0.500000000,0.0,0.0,0.300000000,26.8,138,140,13,Saturday,2,138,LaGuardia Airport,Queens
2,2018-07-19 09:53:28,2018-07-19 10:28:42,2,8.44,1,N,1,29.0,0E-9,0.500000000,8.89,5.76,0.300000000,44.45,138,75,9,Thursday,7,138,LaGuardia Airport,Queens
2,2018-11-10 16:15:34,2018-11-10 16:50:53,1,15.18,1,N,1,42.0,0E-9,0.500000000,9.71,5.76,0.300000000,58.27,138,87,16,Saturday,11,138,LaGuardia Airport,Queens
1,2018-06-17 09:15:53,2018-06-17 09:47:39,4,12.5,1,N,1,37.5,0E-9,0.500000000,4.0,5.76,0.300000000,48.06,138,230,9,Sunday,6,138,LaGuardia Airport,Queens
2,2018-02-09 23:33:54,2018-02-09 23:55:04,1,8.63,1,N,1,26.0,0.500000000,0.500000000,8.26,5.76,0.300000000,41.32,138,186,23,Friday,2,138,LaGuardia Airport,Queens
2,2018-06-09 21:04:19,2018-06-09 21:27:43,2,11.82,1,N,2,33.0,0.500000000,0.500000000,0.0,5.76,0.300000000,40.06,138,185,21,Saturday,6,138,LaGuardia Airport,Queens
2,2018-03-28 18:32:17,2018-03-28 19:15:41,1,11.52,1,N,1,39.0,1.000000000,0.500000000,11.64,5.76,0.300000000,58.2,138,246,18,Wednesday,3,138,LaGuardia Airport,Queens
1,2018-03-20 18:21:56,2018-03-20 18:48:10,1,9.8,1,N,2,29.0,1.000000000,0.500000000,0.0,5.76,0.300000000,36.56,138,229,18,Tuesday,3,138,LaGuardia Airport,Queens
2,2018-06-19 19:13:40,2018-06-19 19:39:40,1,9.49,1,N,1,29.5,1.000000000,0.500000000,7.41,5.76,0.300000000,44.47,138,161,19,Tuesday,6,138,LaGuardia Airport,Queens
2,2018-05-30 19:03:48,2018-05-30 19:36:55,1,8.59,1,N,1,28.0,1.000000000,0.500000000,5.96,0.0,0.300000000,35.76,138,80,19,Wednesday,5,138,LaGuardia Airport,Queens
2,2018-12-16 16:37:59,2018-12-16 17:02:18,1,7.81,1,N,1,24.5,0E-9,0.500000000,5.06,0.0,0.300000000,30.36,138,256,16,Sunday,12,138,LaGuardia Airport,Queens
1,2018-02-21 23:43:50,2018-02-22 00:22:51,1,34.5,5,N,1,184.0,0E-9,0E-9,10.0,5.76,0.300000000,200.06,138,265,23,Wednesday,2,138,LaGuardia Airport,Queens
2,2018-12-05 22:21:08,2018-12-05 22:38:05,1,7.75,1,N,1,23.5,0.500000000,0.500000000,6.11,5.76,0.300000000,36.67,138,43,22,Wednesday,12,138,LaGuardia Airport,Queens
1,2018-04-09 15:40:41,2018-04-09 16:17:21,1,9.9,1,N,1,33.5,0E-9,0.500000000,8.0,5.76,0.300000000,48.06,138,48,15,Monday,4,138,LaGuardia Airport,Queens
2,2018-11-01 16:46:47,2018-11-01 17:22:41,1,8.78,1,N,1,30.5,1.000000000,0.500000000,7.61,5.76,0.300000000,45.67,138,170,16,Thursday,11,138,LaGuardia Airport,Queens
2,2018-01-12 23:55:09,2018-01-13 00:19:38,1,11.1,1,N,1,33.0,0.500000000,0.500000000,8.01,5.76,0.300000000,48.07,138,230,23,Friday,1,138,LaGuardia Airport,Queens
2,2018-05-10 20:10:43,2018-05-10 20:26:36,5,7.55,1,N,1,22.5,0.500000000,0.500000000,5.91,5.76,0.300000000,35.47,138,236,20,Thursday,5,138,LaGuardia Airport,Queens
2,2018-03-30 11:43:52,2018-03-30 12:13:56,6,9.91,1,N,1,32.0,0E-9,0.500000000,11.57,5.76,0.300000000,50.13,138,90,11,Friday,3,138,LaGuardia Airport,Queens
2,2018-09-27 11:37:46,2018-09-27 12:46:47,1,14.05,1,N,1,50.5,0E-9,0.500000000,10.0,5.76,0.300000000,67.06,138,234,11,Thursday,9,138,LaGuardia Airport,Queens
2,2018-09-26 23:56:39,2018-09-27 00:25:08,3,9.04,1,N,1,30.5,0.500000000,0.500000000,7.51,5.76,0.300000000,45.07,138,140,23,Wednesday,9,138,LaGuardia Airport,Queens
2,2018-03-14 12:33:27,2018-03-14 13:01:28,1,8.5,1,N,1,29.0,0E-9,0.500000000,10.67,5.76,0.300000000,46.23,138,164,12,Wednesday,3,138,LaGuardia Airport,Queens
1,2018-11-25 18:47:21,2018-11-25 19:08:46,1,8.7,1,N,1,26.0,0E-9,0.500000000,8.1,5.76,0.300000000,40.66,138,233,18,Sunday,11,138,LaGuardia Airport,Queens
2,2018-07-02 22:31:26,2018-07-02 22:56:21,1,9.42,1,N,1,29.0,0.500000000,0.500000000,7.21,5.76,0.300000000,43.27,138,24,22,Monday,7,138,LaGuardia Airport,Queens
1,2018-04-29 18:07:46,2018-04-29 18:33:09,1,10.7,1,N,1,30.5,0E-9,0.500000000,7.4,5.76,0.300000000,44.46,138,162,18,Sunday,4,138,LaGuardia Airport,Queens
2,2018-02-13 00:02:28,2018-02-13 00:18:39,1,8.61,1,N,1,24.5,0.500000000,0.500000000,6.31,5.76,0.300000000,37.87,138,164,0,Tuesday,2,138,LaGuardia Airport,Queens
2,2018-04-21 00:23:59,2018-04-21 00:46:04,1,7.61,1,N,1,24.0,0.500000000,0.500000000,5.06,0.0,0.300000000,30.36,145,79,0,Saturday,4,145,Long Island City/Hunters Point,Queens
2,2018-09-07 15:36:21,2018-09-07 16:09:33,6,7.49,1,N,1,27.5,0E-9,0.500000000,6.81,5.76,0.300000000,40.87,138,42,15,Friday,9,138,LaGuardia Airport,Queens
1,2018-12-06 19:31:54,2018-12-06 20:20:36,1,10.5,1,N,1,39.0,1.000000000,0.500000000,6.98,5.76,0.300000000,53.54,138,142,19,Thursday,12,138,LaGuardia Airport,Queens
2,2018-02-23 08:13:03,2018-02-23 08:28:51,1,7.74,1,N,1,22.5,0E-9,0.500000000,5.81,5.76,0.300000000,34.87,138,42,8,Friday,2,138,LaGuardia Airport,Queens
2,2018-09-19 10:31:11,2018-09-19 10:51:53,1,8.05,1,N,1,25.5,0E-9,0.500000000,6.41,5.76,0.300000000,38.47,138,233,10,Wednesday,9,138,LaGuardia Airport,Queens
2,2018-05-11 16:32:22,2018-05-11 17:41:04,6,9.64,1,N,1,45.0,1.000000000,0.500000000,10.51,5.76,0.300000000,63.07,138,246,16,Friday,5,138,LaGuardia Airport,Queens
1,2018-12-28 12:30:18,2018-12-28 16:04:15,1,9.5,1,N,1,31.0,0E-9,0.500000000,7.5,5.76,0.300000000,45.06,138,239,12,Friday,12,138,LaGuardia Airport,Queens
1,2018-09-19 19:26:29,2018-09-19 19:47:37,1,8.4,1,N,1,26.0,1.000000000,0.500000000,8.35,5.76,0.300000000,41.91,138,236,19,Wednesday,9,138,LaGuardia Airport,Queens
1,2018-10-26 16:12:41,2018-10-26 17:11:56,1,11.6,1,N,1,42.5,1.000000000,0.500000000,11.05,0.0,0.300000000,55.35,138,25,16,Friday,10,138,LaGuardia Airport,Queens
1,2018-03-02 17:36:17,2018-03-02 18:06:54,1,9.5,1,N,1,31.0,1.000000000,0.500000000,9.6,5.76,0.300000000,48.16,138,68,17,Friday,3,138,LaGuardia Airport,Queens
1,2018-10-24 08:21:11,2018-10-24 09:06:38,1,11.8,1,N,1,39.5,0E-9,0E-9,9.1,5.76,0.300000000,54.66,138,164,8,Wednesday,10,138,LaGuardia Airport,Queens
2,2018-04-22 22:00:11,2018-04-22 22:20:30,5,9.95,1,N,1,28.5,0.500000000,0.500000000,5.96,0.0,0.300000000,35.76,138,65,22,Sunday,4,138,LaGuardia Airport,Queens
2,2018-07-28 02:10:03,2018-07-28 02:24:57,3,9.45,1,N,1,26.5,0.500000000,0.500000000,8.34,0.0,0.300000000,36.14,138,148,2,Saturday,7,138,LaGuardia Airport,Queens
2,2018-10-02 07:13:40,2018-10-02 07:58:20,1,9.14,1,N,1,33.5,0E-9,0.500000000,10.29,0.0,0.300000000,44.59,138,162,7,Tuesday,10,138,LaGuardia Airport,Queens
2,2018-03-05 21:01:20,2018-03-05 21:19:32,1,10.3,1,N,1,28.5,0.500000000,0.500000000,8.89,5.76,0.300000000,44.45,138,162,21,Monday,3,138,LaGuardia Airport,Queens
2,2018-03-26 10:54:17,2018-03-26 11:10:32,1,7.29,1,N,1,22.0,0E-9,0.500000000,5.71,5.76,0.300000000,34.27,138,75,10,Monday,3,138,LaGuardia Airport,Queens
1,2018-04-22 16:48:15,2018-04-22 17:27:24,1,7.4,1,N,1,27.0,0E-9,0.500000000,6.7,5.76,0.300000000,40.26,138,263,16,Sunday,4,138,LaGuardia Airport,Queens
1,2018-08-15 01:10:12,2018-08-15 01:32:23,1,10.1,1,N,1,30.0,0.500000000,0.500000000,7.4,5.76,0.300000000,44.46,138,239,1,Wednesday,8,138,LaGuardia Airport,Queens
2,2018-04-30 08:09:25,2018-04-30 09:27:32,6,10.28,1,N,1,48.0,0E-9,0.500000000,12.2,0.0,0.300000000,61.0,138,148,8,Monday,4,138,LaGuardia Airport,Queens
1,2018-03-16 08:09:32,2018-03-16 09:16:18,1,13.3,1,N,1,47.5,0E-9,0.500000000,10.8,5.76,0.300000000,64.86,138,249,8,Friday,3,138,LaGuardia Airport,Queens
1,2018-01-28 17:34:09,2018-01-28 18:01:15,1,11.0,1,N,1,32.0,0E-9,0.500000000,7.7,5.76,0.300000000,46.26,138,162,17,Sunday,1,138,LaGuardia Airport,Queens
2,2018-06-03 20:07:17,2018-06-03 20:32:04,1,10.0,1,N,1,30.0,0.500000000,0.500000000,7.0,5.76,0.300000000,44.06,138,107,20,Sunday,6,138,LaGuardia Airport,Queens
2,2018-11-25 12:53:06,2018-11-25 13:24:30,2,9.16,1,N,1,30.0,0E-9,0.500000000,7.31,5.76,0.300000000,43.87,138,113,12,Sunday,11,138,LaGuardia Airport,Queens
2,2018-01-29 09:12:58,2018-01-29 10:27:35,2,11.63,1,N,1,51.0,0E-9,0.500000000,14.39,5.76,0.300000000,71.95,138,100,9,Monday,1,138,LaGuardia Airport,Queens
2,2018-04-30 09:10:55,2018-04-30 09:53:43,2,8.32,1,N,1,31.5,0E-9,0.500000000,7.61,5.76,0.300000000,45.67,138,170,9,Monday,4,138,LaGuardia Airport,Queens
1,2018-01-14 22:04:20,2018-01-14 22:29:30,2,8.7,1,N,1,27.5,0.500000000,0.500000000,5.44,5.76,0.300000000,40.0,138,238,22,Sunday,1,138,LaGuardia Airport,Queens
1,2018-01-05 19:18:15,2018-01-05 19:42:43,1,8.9,1,N,1,28.0,1.000000000,0.500000000,6.4,5.76,0.300000000,41.96,138,238,19,Friday,1,138,LaGuardia Airport,Queens
2,2018-11-07 09:44:02,2018-11-07 10:38:22,1,10.06,1,N,1,40.0,0E-9,0.500000000,9.31,5.76,0.300000000,55.87,138,50,9,Wednesday,11,138,LaGuardia Airport,Queens
2,2018-05-14 08:37:17,2018-05-14 09:43:59,1,12.57,1,N,1,51.0,0E-9,0.500000000,16.0,5.76,0.300000000,73.56,138,230,8,Monday,5,138,LaGuardia Airport,Queens
1,2018-10-03 19:57:49,2018-10-03 20:24:25,2,11.4,1,N,1,32.5,0.500000000,0.500000000,7.0,5.76,0.300000000,46.56,138,230,19,Wednesday,10,138,LaGuardia Airport,Queens
2,2018-03-27 07:42:27,2018-03-27 08:16:08,6,11.54,1,N,1,34.5,0E-9,0.500000000,8.21,5.76,0.300000000,49.27,138,233,7,Tuesday,3,138,LaGuardia Airport,Queens
1,2018-09-11 15:01:18,2018-09-11 15:22:16,1,9.0,1,N,1,27.0,0E-9,0.500000000,8.35,5.76,0.300000000,41.91,138,164,15,Tuesday,9,138,LaGuardia Airport,Queens
1,2018-02-15 23:59:20,2018-02-16 00:20:31,1,8.9,1,N,1,27.0,0.500000000,0.500000000,6.8,5.76,0.300000000,40.86,138,238,23,Thursday,2,138,LaGuardia Airport,Queens
2,2018-09-23 13:54:52,2018-09-23 14:19:25,1,8.71,1,N,1,27.0,0E-9,0.500000000,6.71,5.76,0.300000000,40.27,138,238,13,Sunday,9,138,LaGuardia Airport,Queens
2,2018-06-22 16:03:45,2018-06-22 16:54:42,1,11.42,1,N,1,38.0,1.000000000,0.500000000,9.11,5.76,0.300000000,54.67,138,230,16,Friday,6,138,LaGuardia Airport,Queens
1,2018-09-12 14:01:47,2018-09-12 14:41:40,1,10.3,1,N,1,34.0,0E-9,0.500000000,8.0,5.76,0.300000000,48.56,138,162,14,Wednesday,9,138,LaGuardia Airport,Queens
1,2018-02-16 18:20:00,2018-02-16 18:46:18,2,7.7,1,N,1,26.5,1.000000000,0.500000000,4.25,0.0,0.300000000,32.55,193,92,18,Friday,2,193,Queensbridge/Ravenswood,Queens
1,2018-06-04 14:33:49,2018-06-04 14:57:28,1,9.9,1,N,1,28.5,0E-9,0.500000000,7.0,5.76,0.300000000,42.06,138,233,14,Monday,6,138,LaGuardia Airport,Queens
1,2018-03-16 19:26:29,2018-03-16 19:57:19,1,7.9,1,N,1,26.0,1.000000000,0.500000000,6.7,5.76,0.300000000,40.26,138,170,19,Friday,3,138,LaGuardia Airport,Queens
1,2018-05-14 08:33:00,2018-05-14 09:25:36,1,8.5,1,N,1,36.0,0E-9,0.500000000,0.02,5.76,0.300000000,42.58,138,164,8,Monday,5,138,LaGuardia Airport,Queens
1,2018-03-08 23:08:22,2018-03-08 23:31:54,2,9.4,1,N,2,29.0,0.500000000,0.500000000,0.0,5.76,0.300000000,36.06,138,229,23,Thursday,3,138,LaGuardia Airport,Queens
1,2018-09-03 21:30:26,2018-09-03 21:59:57,2,10.5,1,N,1,32.0,0.500000000,0.500000000,7.8,5.76,0.300000000,46.86,138,249,21,Monday,9,138,LaGuardia Airport,Queens
2,2018-10-16 11:49:40,2018-10-16 12:29:03,1,11.03,1,N,1,36.0,0E-9,0.500000000,8.51,5.76,0.300000000,51.07,138,230,11,Tuesday,10,138,LaGuardia Airport,Queens
2,2018-06-05 20:08:41,2018-06-05 20:28:35,1,10.39,1,N,1,29.5,0.500000000,0.500000000,7.7,0.0,0.300000000,38.5,138,25,20,Tuesday,6,138,LaGuardia Airport,Queens
2,2018-06-06 07:47:48,2018-06-06 08:40:44,5,11.93,1,N,1,40.5,0E-9,0.500000000,8.26,0.0,0.300000000,49.56,138,231,7,Wednesday,6,138,LaGuardia Airport,Queens
1,2018-01-30 23:33:26,2018-01-30 23:33:27,0,10.4,1,N,3,2.5,0.500000000,0.500000000,0.0,0.0,0.300000000,3.8,138,138,23,Tuesday,1,138,LaGuardia Airport,Queens
1,2018-02-07 13:37:38,2018-02-07 14:02:58,1,9.2,1,N,1,28.0,0E-9,0.500000000,2.88,0.0,0.300000000,31.68,138,43,13,Wednesday,2,138,LaGuardia Airport,Queens
2,2018-08-20 12:51:36,2018-08-20 13:39:46,1,11.16,1,N,1,39.0,0E-9,0.500000000,7.96,0.0,0.300000000,47.76,138,234,12,Monday,8,138,LaGuardia Airport,Queens
1,2018-03-05 08:19:39,2018-03-05 09:20:24,1,10.5,1,N,1,42.0,0E-9,0.500000000,9.0,5.76,0.300000000,57.56,138,249,8,Monday,3,138,LaGuardia Airport,Queens
2,2018-02-08 14:04:52,2018-02-08 14:38:15,3,10.87,1,N,1,34.0,0E-9,0.500000000,8.11,5.76,0.300000000,48.67,138,233,14,Thursday,2,138,LaGuardia Airport,Queens
2,2018-03-28 19:27:54,2018-03-28 20:00:45,1,10.15,1,N,1,33.0,1.000000000,0.500000000,8.11,5.76,0.300000000,48.67,138,243,19,Wednesday,3,138,LaGuardia Airport,Queens
2,2018-09-25 17:20:55,2018-09-25 17:42:36,2,8.28,1,N,1,25.5,1.000000000,0.500000000,6.61,5.76,0.300000000,39.67,138,263,17,Tuesday,9,138,LaGuardia Airport,Queens
2,2018-06-06 16:13:39,2018-06-06 17:08:53,1,8.71,1,N,1,37.0,1.000000000,0.500000000,7.76,0.0,0.300000000,46.56,138,36,16,Wednesday,6,138,LaGuardia Airport,Queens
2,2018-03-12 00:09:15,2018-03-12 00:29:48,1,9.4,1,N,1,27.0,0.500000000,0.500000000,0.0,0.0,0.300000000,28.3,138,258,0,Monday,3,138,LaGuardia Airport,Queens
2,2018-06-27 17:10:00,2018-06-27 18:01:01,1,10.2,1,N,2,37.5,1.000000000,0.500000000,0.0,0.0,0.300000000,39.3,138,25,17,Wednesday,6,138,LaGuardia Airport,Queens
1,2018-04-06 12:52:42,2018-04-06 13:15:12,3,10.8,1,N,1,31.5,0E-9,0.500000000,7.6,5.76,0.300000000,45.66,138,162,12,Friday,4,138,LaGuardia Airport,Queens
1,2018-09-02 17:12:40,2018-09-02 17:40:36,1,10.5,1,N,1,31.0,0E-9,0.500000000,7.95,0.0,0.300000000,39.75,138,79,17,Sunday,9,138,LaGuardia Airport,Queens
2,2018-07-20 17:58:43,2018-07-20 18:59:28,1,16.68,1,N,1,52.5,1.000000000,0.500000000,0.0,0.0,0.300000000,54.3,138,14,17,Friday,7,138,LaGuardia Airport,Queens
1,2018-11-29 17:46:39,2018-11-29 19:04:51,1,13.2,1,N,1,51.5,1.000000000,0.500000000,10.65,0.0,0.300000000,63.95,138,228,17,Thursday,11,138,LaGuardia Airport,Queens
2,2018-09-24 16:24:36,2018-09-24 17:05:39,1,9.04,1,N,1,36.0,1.000000000,0.500000000,8.71,5.76,0.300000000,52.27,138,230,16,Monday,9,138,LaGuardia Airport,Queens
2,2018-12-11 21:01:38,2018-12-11 21:41:59,1,11.18,1,N,1,37.0,0.500000000,0.500000000,8.81,5.76,0.300000000,52.87,138,48,21,Tuesday,12,138,LaGuardia Airport,Queens
1,2018-11-30 13:23:01,2018-11-30 13:54:50,2,8.7,1,N,1,30.5,0E-9,0.500000000,7.4,5.76,0.300000000,44.46,138,233,13,Friday,11,138,LaGuardia Airport,Queens
1,2018-10-15 13:37:56,2018-10-15 14:06:01,1,7.1,1,N,1,25.0,0E-9,0.500000000,5.15,0.0,0.300000000,30.95,138,237,13,Monday,10,138,LaGuardia Airport,Queens
1,2018-09-03 21:48:49,2018-09-03 22:09:32,2,8.7,1,N,1,26.5,0.500000000,0.500000000,6.7,5.76,0.300000000,40.26,138,107,21,Monday,9,138,LaGuardia Airport,Queens
2,2018-11-30 07:00:47,2018-11-30 07:40:55,1,14.7,1,N,1,45.5,0E-9,0.500000000,10.41,5.76,0.300000000,62.47,138,143,7,Friday,11,138,LaGuardia Airport,Queens
1,2018-04-18 07:11:42,2018-04-18 07:48:58,1,12.4,1,N,1,39.0,0E-9,0.500000000,9.1,5.76,0.300000000,54.66,138,186,7,Wednesday,4,138,LaGuardia Airport,Queens
1,2018-06-08 14:04:00,2018-06-08 14:35:51,0,10.8,1,N,2,34.0,0E-9,0.500000000,0.0,5.76,0.300000000,40.56,138,230,14,Friday,6,138,LaGuardia Airport,Queens
1,2018-08-01 19:38:30,2018-08-01 19:56:52,1,8.7,1,N,1,25.5,1.000000000,0.500000000,7.0,5.76,0.300000000,40.06,138,164,19,Wednesday,8,138,LaGuardia Airport,Queens
2,2018-03-08 19:35:00,2018-03-08 19:59:51,1,9.94,1,N,1,30.0,1.000000000,0.500000000,7.51,5.76,0.300000000,45.07,138,238,19,Thursday,3,138,LaGuardia Airport,Queens
1,2018-04-18 10:24:58,2018-04-18 10:24:58,1,8.8,1,N,1,60.06,0E-9,0E-9,0.0,0.0,0E-9,60.06,138,186,10,Wednesday,4,138,LaGuardia Airport,Queens
2,2018-06-18 13:56:52,2018-06-18 14:37:54,1,11.75,1,N,1,41.0,0E-9,0.500000000,9.51,5.76,0.300000000,57.07,138,230,13,Monday,6,138,LaGuardia Airport,Queens
1,2018-01-22 15:10:18,2018-01-22 15:47:09,1,10.2,1,N,1,33.5,0E-9,0.500000000,10.0,5.76,0.300000000,50.06,138,161,15,Monday,1,138,LaGuardia Airport,Queens
2,2018-07-11 17:19:12,2018-07-11 17:55:12,2,11.69,1,N,2,34.5,1.000000000,0.500000000,0.0,0.0,0.300000000,36.3,138,132,17,Wednesday,7,138,LaGuardia Airport,Queens
2,2018-03-19 15:58:59,2018-03-19 16:32:06,5,9.63,1,N,1,31.5,0E-9,0.500000000,7.61,5.76,0.300000000,45.67,138,162,15,Monday,3,138,LaGuardia Airport,Queens
2,2018-08-02 12:08:14,2018-08-02 12:41:35,1,9.45,1,N,1,32.0,0E-9,0.500000000,9.64,5.76,0.300000000,48.2,138,161,12,Thursday,8,138,LaGuardia Airport,Queens
1,2018-01-11 12:32:19,2018-01-11 13:07:18,1,9.5,1,N,1,32.5,0E-9,0.500000000,7.8,5.76,0.300000000,46.86,138,236,12,Thursday,1,138,LaGuardia Airport,Queens
2,2018-01-10 20:38:06,2018-01-10 21:00:27,1,8.96,1,N,1,27.0,0.500000000,0.500000000,6.81,5.76,0.300000000,40.87,138,161,20,Wednesday,1,138,LaGuardia Airport,Queens
1,2018-10-23 17:08:55,2018-10-23 17:54:59,1,8.9,1,N,1,36.0,1.000000000,0.500000000,7.55,0.0,0.300000000,45.35,138,162,17,Tuesday,10,138,LaGuardia Airport,Queens
2,2018-12-13 13:27:57,2018-12-13 14:10:56,6,11.25,1,N,1,37.5,0E-9,0.500000000,9.58,0.0,0.300000000,47.88,138,181,13,Thursday,12,138,LaGuardia Airport,Queens
1,2018-03-10 23:25:17,2018-03-10 23:52:35,3,10.5,1,N,1,30.5,0.500000000,0.500000000,4.0,5.76,0.300000000,41.56,138,239,23,Saturday,3,138,LaGuardia Airport,Queens
2,2018-07-10 17:03:38,2018-07-10 17:32:47,2,9.65,1,N,1,31.5,1.000000000,0.500000000,6.0,5.76,0.300000000,45.06,138,233,17,Tuesday,7,138,LaGuardia Airport,Queens
1,2018-01-24 13:36:57,2018-01-24 14:22:07,1,12.0,1,N,1,42.5,0E-9,0.500000000,9.0,5.76,0.300000000,58.06,138,230,13,Wednesday,1,138,LaGuardia Airport,Queens
2,2018-08-12 23:50:01,2018-08-13 00:09:59,1,9.97,1,N,1,29.0,0.500000000,0.500000000,4.0,0.0,0.300000000,34.3,138,9,23,Sunday,8,138,LaGuardia Airport,Queens
2,2018-11-23 16:41:14,2018-11-23 17:00:31,1,8.96,1,N,1,26.0,1.000000000,0.500000000,8.39,5.76,0.300000000,41.95,138,90,16,Friday,11,138,LaGuardia Airport,Queens
1,2018-08-26 16:36:27,2018-08-26 17:08:26,1,10.5,1,N,1,32.0,0E-9,0.500000000,5.78,5.76,0.300000000,44.34,138,246,16,Sunday,8,138,LaGuardia Airport,Queens
2,2018-05-29 07:22:10,2018-05-29 07:55:50,1,8.1,1,N,1,27.0,0E-9,0.500000000,5.56,0.0,0.300000000,33.36,138,112,7,Tuesday,5,138,LaGuardia Airport,Queens
1,2018-12-16 18:35:03,2018-12-16 18:55:14,2,8.2,1,N,1,25.0,0E-9,0.500000000,5.5,5.76,0.300000000,37.06,138,262,18,Sunday,12,138,LaGuardia Airport,Queens
1,2018-01-13 11:45:14,2018-01-13 12:11:51,2,10.7,1,N,1,32.5,0E-9,0.500000000,7.8,5.76,0.300000000,46.86,138,230,11,Saturday,1,138,LaGuardia Airport,Queens
2,2018-03-24 01:22:29,2018-03-24 01:41:59,1,9.31,1,N,1,27.0,0.500000000,0.500000000,6.81,5.76,0.300000000,40.87,138,244,1,Saturday,3,138,LaGuardia Airport,Queens
2,2018-12-03 15:20:40,2018-12-03 16:03:49,1,15.93,1,N,1,46.0,0E-9,0.500000000,13.14,5.76,0.300000000,65.7,138,261,15,Monday,12,138,LaGuardia Airport,Queens
1,2018-10-31 16:30:58,2018-10-31 17:12:41,2,9.1,1,N,1,29.5,1.000000000,0.500000000,11.1,5.76,0.300000000,48.16,138,164,16,Wednesday,10,138,LaGuardia Airport,Queens
2,2018-02-20 08:24:51,2018-02-20 08:58:10,1,9.91,1,N,1,31.5,0E-9,0.500000000,7.61,5.76,0.300000000,45.67,138,244,8,Tuesday,2,138,LaGuardia Airport,Queens
2,2018-09-28 22:17:49,2018-09-28 22:51:44,1,11.35,1,N,1,35.5,0.500000000,0.500000000,7.36,0.0,0.300000000,44.16,138,25,22,Friday,9,138,LaGuardia Airport,Queens
2,2018-01-26 21:12:55,2018-01-26 21:36:26,1,9.35,1,N,1,28.0,0.500000000,0.500000000,7.01,5.76,0.300000000,42.07,138,164,21,Friday,1,138,LaGuardia Airport,Queens
2,2018-09-16 13:50:18,2018-09-16 14:16:43,5,9.88,1,N,1,30.5,0E-9,0.500000000,6.26,0.0,0.300000000,37.56,138,79,13,Sunday,9,138,LaGuardia Airport,Queens
2,2018-04-10 18:12:12,2018-04-10 18:36:54,2,8.33,1,N,1,27.0,1.000000000,0.500000000,7.2,0.0,0.300000000,36.0,138,255,18,Tuesday,4,138,LaGuardia Airport,Queens
2,2018-05-30 23:59:23,2018-05-31 00:21:12,1,11.89,1,N,1,34.0,0.500000000,0.500000000,8.21,5.76,0.300000000,49.27,138,164,23,Wednesday,5,138,LaGuardia Airport,Queens
2,2018-03-01 13:43:43,2018-03-01 14:19:08,1,10.5,1,N,1,36.0,0E-9,0.500000000,7.36,0.0,0.300000000,44.16,138,79,13,Thursday,3,138,LaGuardia Airport,Queens
2,2018-01-15 14:05:19,2018-01-15 14:30:12,1,9.56,1,N,1,29.0,0E-9,0.500000000,7.11,5.76,0.300000000,42.67,138,239,14,Monday,1,138,LaGuardia Airport,Queens
1,2018-05-31 18:27:45,2018-05-31 19:06:59,1,10.3,1,N,1,33.0,1.000000000,0.500000000,10.1,5.76,0.300000000,50.66,138,170,18,Thursday,5,138,LaGuardia Airport,Queens
2,2018-07-26 18:27:42,2018-07-26 18:54:11,3,9.58,1,N,1,28.0,1.000000000,0.500000000,7.0,5.76,0.300000000,42.56,138,141,18,Thursday,7,138,LaGuardia Airport,Queens
2,2018-04-22 15:58:44,2018-04-22 17:12:59,5,9.69,1,N,1,50.0,0E-9,0.500000000,14.14,5.76,0.300000000,70.7,138,107,15,Sunday,4,138,LaGuardia Airport,Queens
2,2018-08-14 07:38:21,2018-08-14 08:17:44,1,9.99,1,N,1,33.0,0E-9,0.500000000,6.76,0.0,0.300000000,40.56,138,97,7,Tuesday,8,138,LaGuardia Airport,Queens
1,2018-05-10 15:36:55,2018-05-10 16:21:32,0,9.7,1,N,1,34.5,0E-9,0.500000000,8.2,5.76,0.300000000,49.26,138,239,15,Thursday,5,138,LaGuardia Airport,Queens
2,2018-03-16 10:25:09,2018-03-16 11:19:44,1,12.9,1,N,1,44.5,0E-9,0.500000000,10.21,5.76,0.300000000,61.27,138,230,10,Friday,3,138,LaGuardia Airport,Queens
2,2018-07-15 20:53:21,2018-07-15 21:07:54,1,7.4,1,N,1,21.5,0.500000000,0.500000000,4.28,5.76,0.300000000,32.84,138,263,20,Sunday,7,138,LaGuardia Airport,Queens
2,2018-02-22 12:09:50,2018-02-22 12:38:29,6,9.39,1,N,1,30.5,0E-9,0.500000000,7.41,5.76,0.300000000,44.47,138,48,12,Thursday,2,138,LaGuardia Airport,Queens
1,2018-01-05 23:16:37,2018-01-05 23:40:18,1,8.6,1,N,1,27.0,0.500000000,0.500000000,6.0,5.76,0.300000000,40.06,138,238,23,Friday,1,138,LaGuardia Airport,Queens
2,2018-07-18 14:57:44,2018-07-18 15:31:19,1,8.55,1,N,1,28.5,0E-9,0.500000000,8.76,5.76,0.300000000,43.82,138,162,14,Wednesday,7,138,LaGuardia Airport,Queens
1,2018-03-24 15:44:43,2018-03-24 16:37:21,2,11.7,1,N,1,43.0,0E-9,0.500000000,9.9,5.76,0.300000000,59.46,138,186,15,Saturday,3,138,LaGuardia Airport,Queens
1,2018-05-20 14:55:30,2018-05-20 15:20:13,2,10.8,1,N,1,31.5,0E-9,0.500000000,4.85,0.0,0.300000000,37.15,138,33,14,Sunday,5,138,LaGuardia Airport,Queens
1,2018-03-06 15:50:03,2018-03-06 16:37:38,2,11.9,1,N,1,37.0,1.000000000,0.500000000,8.9,5.76,0.300000000,53.46,138,164,15,Tuesday,3,138,LaGuardia Airport,Queens
1,2018-04-13 09:03:57,2018-04-13 10:06:46,1,10.8,1,N,1,42.0,0E-9,0.500000000,12.1,5.76,0.300000000,60.66,138,163,9,Friday,4,138,LaGuardia Airport,Queens
1,2018-12-31 21:09:47,2018-12-31 21:43:21,1,9.0,1,N,1,30.0,0.500000000,0.500000000,6.25,0.0,0.300000000,37.55,138,17,21,Monday,12,138,LaGuardia Airport,Queens
2,2018-04-01 09:50:59,2018-04-01 10:11:10,2,12.48,1,N,1,35.0,0E-9,0.500000000,8.31,5.76,0.300000000,49.87,138,107,9,Sunday,4,138,LaGuardia Airport,Queens
1,2018-05-20 22:28:49,2018-05-20 22:57:30,2,11.2,1,N,1,33.5,0.500000000,0.500000000,8.1,5.76,0.300000000,48.66,138,170,22,Sunday,5,138,LaGuardia Airport,Queens
2,2018-05-02 14:45:26,2018-05-02 15:25:23,1,9.55,1,N,1,34.0,0E-9,0.500000000,8.11,5.76,0.300000000,48.67,138,249,14,Wednesday,5,138,LaGuardia Airport,Queens
2,2018-10-12 09:00:34,2018-10-12 10:06:23,2,9.4,1,N,1,41.5,0E-9,0.500000000,12.02,5.76,0.300000000,60.08,138,230,9,Friday,10,138,LaGuardia Airport,Queens
1,2018-04-03 20:11:01,2018-04-03 20:45:22,1,11.5,1,N,1,36.5,0.500000000,0.500000000,7.56,0.0,0.300000000,45.36,138,188,20,Tuesday,4,138,LaGuardia Airport,Queens
1,2018-04-04 17:56:20,2018-04-04 18:28:47,1,10.7,1,N,1,33.5,1.000000000,0.500000000,12.3,5.76,0.300000000,53.36,138,162,17,Wednesday,4,138,LaGuardia Airport,Queens
2,2018-03-09 11:51:32,2018-03-09 12:15:24,2,10.08,1,N,1,29.5,0E-9,0.500000000,7.21,5.76,0.300000000,43.27,138,140,11,Friday,3,138,LaGuardia Airport,Queens
2,2018-01-07 15:22:43,2018-01-07 15:40:23,2,7.88,1,N,1,23.5,0E-9,0.500000000,6.01,5.76,0.300000000,36.07,138,262,15,Sunday,1,138,LaGuardia Airport,Queens
1,2018-09-11 22:52:03,2018-09-11 23:11:10,1,10.1,1,Y,1,29.5,0.500000000,0.500000000,6.15,0.0,0.300000000,36.95,138,79,22,Tuesday,9,138,LaGuardia Airport,Queens
1,2018-03-25 23:31:39,2018-03-25 23:50:16,1,10.4,1,N,1,29.0,0.500000000,0.500000000,6.0,5.76,0.300000000,42.06,138,233,23,Sunday,3,138,LaGuardia Airport,Queens
2,2018-12-22 17:30:25,2018-12-22 18:14:23,5,10.22,1,N,2,37.0,0E-9,0.500000000,0.0,0.0,0.300000000,37.8,138,163,17,Saturday,12,138,LaGuardia Airport,Queens
2,2018-04-25 15:35:15,2018-04-25 16:21:59,2,11.46,1,N,1,37.5,0E-9,0.500000000,7.66,0.0,0.300000000,45.96,138,132,15,Wednesday,4,138,LaGuardia Airport,Queens
2,2018-10-19 09:33:47,2018-10-19 10:50:48,1,23.46,1,N,2,72.5,0E-9,0.500000000,0.0,5.76,0.300000000,79.06,138,238,9,Friday,10,138,LaGuardia Airport,Queens
2,2018-01-23 18:37:47,2018-01-23 19:04:27,1,8.66,1,N,2,28.5,1.000000000,0.500000000,0.0,5.76,0.300000000,36.06,138,68,18,Tuesday,1,138,LaGuardia Airport,Queens
2,2018-09-12 18:15:29,2018-09-12 19:17:58,1,9.21,1,N,1,43.5,1.000000000,0.500000000,10.21,5.76,0.300000000,61.27,138,48,18,Wednesday,9,138,LaGuardia Airport,Queens
1,2018-09-21 12:49:19,2018-09-21 13:31:25,1,16.5,1,N,1,47.0,0E-9,0.500000000,8.0,0.0,0.300000000,55.8,138,89,12,Friday,9,138,LaGuardia Airport,Queens
1,2018-03-25 18:30:33,2018-03-25 19:03:50,2,9.6,1,N,1,32.0,0E-9,0.500000000,7.0,5.76,0.300000000,45.56,138,100,18,Sunday,3,138,LaGuardia Airport,Queens
2,2018-06-23 00:06:12,2018-06-23 00:40:55,1,12.93,1,N,1,39.0,0.500000000,0.500000000,10.08,0.0,0.300000000,50.38,179,133,0,Saturday,6,179,Old Astoria,Queens
1,2018-03-26 18:57:31,2018-03-26 19:46:26,1,16.6,1,N,1,47.5,1.000000000,0.500000000,9.85,0.0,0.300000000,59.15,138,26,18,Monday,3,138,LaGuardia Airport,Queens
2,2018-11-07 19:35:15,2018-11-07 19:55:07,1,8.05,1,N,1,24.5,1.000000000,0.500000000,6.41,5.76,0.300000000,38.47,138,75,19,Wednesday,11,138,LaGuardia Airport,Queens
2,2018-03-16 21:54:27,2018-03-16 22:18:14,6,10.42,1,N,1,31.0,0.500000000,0.500000000,5.88,5.76,0.300000000,43.94,138,230,21,Friday,3,138,LaGuardia Airport,Queens
1,2018-07-06 21:14:18,2018-07-06 21:35:50,1,10.9,1,N,1,31.0,0.500000000,0.500000000,7.6,5.76,0.300000000,45.66,138,233,21,Friday,7,138,LaGuardia Airport,Queens
2,2018-03-09 08:38:07,2018-03-09 09:25:23,1,9.88,1,N,1,36.0,0E-9,0.500000000,7.0,0.0,0.300000000,43.8,138,65,8,Friday,3,138,LaGuardia Airport,Queens
2,2018-04-17 10:34:54,2018-04-17 11:16:52,2,8.82,1,N,1,32.0,0E-9,0.500000000,7.71,5.76,0.300000000,46.27,138,162,10,Tuesday,4,138,LaGuardia Airport,Queens
2,2018-07-08 22:33:46,2018-07-08 22:53:22,1,9.55,1,N,1,26.5,0.500000000,0.500000000,5.03,5.76,0.300000000,38.59,138,141,22,Sunday,7,138,LaGuardia Airport,Queens
1,2018-06-17 15:27:49,2018-06-17 16:27:39,3,14.3,1,N,2,49.0,0E-9,0.500000000,0.0,0.0,0.300000000,49.8,138,72,15,Sunday,6,138,LaGuardia Airport,Queens
2,2018-03-09 15:08:57,2018-03-09 16:16:32,1,13.01,1,N,1,48.5,0E-9,0.500000000,11.01,5.76,0.300000000,66.07,138,209,15,Friday,3,138,LaGuardia Airport,Queens
2,2018-06-07 22:01:29,2018-06-07 22:23:24,6,11.59,1,N,1,32.5,0.500000000,0.500000000,6.76,0.0,0.300000000,40.56,138,33,22,Thursday,6,138,LaGuardia Airport,Queens
2,2018-07-20 10:30:55,2018-07-20 11:11:27,2,8.36,1,N,2,31.5,0E-9,0.500000000,0.0,0.0,0.300000000,32.3,138,142,10,Friday,7,138,LaGuardia Airport,Queens
2,2018-11-21 16:17:32,2018-11-21 17:48:14,1,12.76,1,N,1,56.0,1.000000000,0.500000000,0.0,0.0,0.300000000,57.8,138,228,16,Wednesday,11,138,LaGuardia Airport,Queens
1,2018-10-31 15:20:29,2018-10-31 15:50:28,1,8.5,1,N,1,28.5,0E-9,0.500000000,5.26,5.76,0.300000000,40.32,138,162,15,Wednesday,10,138,LaGuardia Airport,Queens
1,2018-01-11 11:49:22,2018-01-11 12:16:29,2,8.1,1,N,2,28.0,0E-9,0.500000000,0.0,5.76,0.300000000,34.56,138,170,11,Thursday,1,138,LaGuardia Airport,Queens
2,2018-07-22 18:32:09,2018-07-22 19:12:37,1,10.87,1,N,1,35.5,0E-9,0.500000000,8.41,5.76,0.300000000,50.47,138,144,18,Sunday,7,138,LaGuardia Airport,Queens
4,2018-10-19 22:50:12,2018-10-19 23:07:58,1,8.91,1,N,1,25.5,0.500000000,0.500000000,6.51,5.76,0.300000000,39.07,138,233,22,Friday,10,138,LaGuardia Airport,Queens
2,2018-03-10 22:29:26,2018-03-10 22:53:52,1,9.86,1,N,1,29.5,0.500000000,0.500000000,7.31,5.76,0.300000000,43.87,138,239,22,Saturday,3,138,LaGuardia Airport,Queens
1,2018-01-11 16:33:50,2018-01-11 18:01:15,1,18.0,1,N,1,64.0,1.000000000,0.500000000,13.15,0.0,0.300000000,78.95,138,14,16,Thursday,1,138,LaGuardia Airport,Queens
2,2018-07-22 17:17:36,2018-07-22 17:44:43,3,11.82,1,N,1,34.0,0E-9,0.500000000,6.96,0.0,0.300000000,41.76,138,195,17,Sunday,7,138,LaGuardia Airport,Queens
1,2018-10-22 12:49:56,2018-10-22 13:26:23,1,10.3,1,N,1,35.5,0E-9,0.500000000,8.4,5.76,0.300000000,50.46,138,249,12,Monday,10,138,LaGuardia Airport,Queens
2,2018-01-31 16:21:20,2018-01-31 16:56:02,1,12.29,1,N,1,38.0,1.000000000,0.500000000,9.11,5.76,0.300000000,54.67,138,163,16,Wednesday,1,138,LaGuardia Airport,Queens
2,2018-11-19 10:28:22,2018-11-19 10:57:32,6,9.55,1,N,1,30.0,0E-9,0.500000000,7.31,5.76,0.300000000,43.87,138,238,10,Monday,11,138,LaGuardia Airport,Queens
1,2018-03-12 20:57:15,2018-03-12 21:19:26,2,11.0,1,N,1,31.5,0.500000000,0.500000000,7.7,5.76,0.300000000,46.26,138,230,20,Monday,3,138,LaGuardia Airport,Queens
2,2018-06-19 13:52:55,2018-06-19 14:37:50,3,10.19,1,N,1,39.5,0E-9,0.500000000,9.21,5.76,0.300000000,55.27,138,230,13,Tuesday,6,138,LaGuardia Airport,Queens
2,2018-05-19 11:10:50,2018-05-19 11:39:15,1,9.42,1,N,1,30.5,0E-9,0.500000000,5.26,0.0,0.300000000,36.56,138,4,11,Saturday,5,138,LaGuardia Airport,Queens
1,2018-01-10 14:09:21,2018-01-10 14:36:47,1,8.4,1,N,1,28.5,0E-9,0.500000000,10.5,5.76,0.300000000,45.56,138,68,14,Wednesday,1,138,LaGuardia Airport,Queens
2,2018-01-31 18:31:37,2018-01-31 18:58:58,1,8.92,1,N,1,28.5,1.000000000,0.500000000,9.02,5.76,0.300000000,45.08,138,186,18,Wednesday,1,138,LaGuardia Airport,Queens
2,2018-04-08 18:09:52,2018-04-08 18:37:57,5,9.38,1,N,1,30.0,0E-9,0.500000000,7.31,5.76,0.300000000,43.87,138,236,18,Sunday,4,138,LaGuardia Airport,Queens
1,2018-04-12 20:28:00,2018-04-12 20:48:33,1,8.0,1,N,1,25.0,0.500000000,0.500000000,6.4,5.76,0.300000000,38.46,138,170,20,Thursday,4,138,LaGuardia Airport,Queens
2,2018-09-07 00:32:17,2018-09-07 01:03:13,1,9.45,1,N,1,31.0,0.500000000,0.500000000,7.61,5.76,0.300000000,45.67,138,244,0,Friday,9,138,LaGuardia Airport,Queens
2,2018-02-19 10:00:08,2018-02-19 10:23:17,1,12.35,1,N,1,34.5,0E-9,0.500000000,7.06,0.0,0.300000000,42.36,138,37,10,Monday,2,138,LaGuardia Airport,Queens
2,2018-06-29 20:58:43,2018-06-29 21:22:14,1,9.44,1,N,1,28.0,0.500000000,0.500000000,10.52,5.76,0.300000000,45.58,138,238,20,Friday,6,138,LaGuardia Airport,Queens
2,2018-02-13 13:59:12,2018-02-13 14:31:25,1,10.42,1,N,1,34.0,0E-9,0.500000000,6.96,0.0,0.300000000,41.76,138,79,13,Tuesday,2,138,LaGuardia Airport,Queens
1,2018-07-13 20:42:37,2018-07-13 21:07:14,1,9.5,1,N,1,29.5,0.500000000,0.500000000,7.3,5.76,0.300000000,43.86,138,68,20,Friday,7,138,LaGuardia Airport,Queens
2,2018-01-13 18:59:46,2018-01-13 19:45:42,1,12.0,1,N,1,39.5,0E-9,0.500000000,9.21,5.76,0.300000000,55.27,138,230,18,Saturday,1,138,LaGuardia Airport,Queens
2,2018-03-14 09:36:13,2018-03-14 10:17:47,5,10.14,1,N,1,32.5,0E-9,0.500000000,9.76,5.76,0.300000000,48.82,138,162,9,Wednesday,3,138,LaGuardia Airport,Queens
2,2018-06-19 15:09:00,2018-06-19 15:47:11,1,9.96,1,N,1,35.0,0E-9,0.500000000,7.77,5.76,0.300000000,49.33,138,186,15,Tuesday,6,138,LaGuardia Airport,Queens
1,2018-07-25 12:09:47,2018-07-25 12:38:57,1,10.3,1,N,1,29.5,0E-9,0.500000000,7.2,5.76,0.300000000,43.26,138,162,12,Wednesday,7,138,LaGuardia Airport,Queens
1,2018-11-12 09:33:45,2018-11-12 10:12:12,1,10.5,1,N,1,36.0,0E-9,0.500000000,12.75,5.76,0.300000000,55.31,138,161,9,Monday,11,138,LaGuardia Airport,Queens
4,2018-10-23 08:20:39,2018-10-23 09:17:32,1,10.17,1,N,1,38.0,0E-9,0.500000000,11.14,5.76,0.300000000,55.7,138,161,8,Tuesday,10,138,LaGuardia Airport,Queens
2,2018-11-05 09:51:24,2018-11-05 10:47:41,1,11.05,1,N,1,39.0,0E-9,0.500000000,9.11,5.76,0.300000000,54.67,138,161,9,Monday,11,138,LaGuardia Airport,Queens
2,2018-02-13 16:17:00,2018-02-13 16:44:53,1,8.65,1,N,1,28.0,1.000000000,0.500000000,8.89,5.76,0.300000000,44.45,138,237,16,Tuesday,2,138,LaGuardia Airport,Queens
2,2018-06-03 11:36:13,2018-06-03 12:33:46,1,11.36,1,N,1,42.5,0E-9,0.500000000,9.81,5.76,0.300000000,58.87,138,230,11,Sunday,6,138,LaGuardia Airport,Queens
2,2018-05-01 09:45:12,2018-05-01 10:25:21,1,10.13,1,N,1,35.0,0E-9,0.500000000,10.39,5.76,0.300000000,51.95,138,163,9,Tuesday,5,138,LaGuardia Airport,Queens
1,2018-06-12 10:42:47,2018-06-12 11:18:16,1,7.9,1,N,1,31.0,0E-9,0.500000000,6.36,0.0,0.300000000,38.16,138,145,10,Tuesday,6,138,LaGuardia Airport,Queens
2,2018-08-27 11:04:05,2018-08-27 11:43:12,1,15.44,1,N,1,44.5,0E-9,0.500000000,8.17,5.76,0.300000000,59.23,138,100,11,Monday,8,138,LaGuardia Airport,Queens
1,2018-11-25 20:34:39,2018-11-25 20:59:03,1,15.5,1,N,1,42.0,0.500000000,0.500000000,9.8,5.76,0.300000000,58.86,138,88,20,Sunday,11,138,LaGuardia Airport,Queens
4,2018-11-24 19:11:20,2018-11-24 19:39:24,1,9.62,1,N,1,29.5,0E-9,0.500000000,6.06,0.0,0.300000000,36.36,138,65,19,Saturday,11,138,LaGuardia Airport,Queens
1,2018-04-11 21:37:16,2018-04-11 22:08:12,1,14.6,1,N,1,42.0,0.500000000,0.500000000,8.65,0.0,0.300000000,51.95,138,61,21,Wednesday,4,138,LaGuardia Airport,Queens
1,2018-10-02 12:08:16,2018-10-02 12:32:44,1,9.1,1,N,1,28.5,0E-9,0.500000000,6.0,5.76,0.300000000,41.06,138,234,12,Tuesday,10,138,LaGuardia Airport,Queens
1,2018-11-25 17:56:33,2018-11-25 18:24:39,1,9.9,1,N,1,30.5,0E-9,0.500000000,7.4,5.76,0.300000000,44.46,138,229,17,Sunday,11,138,LaGuardia Airport,Queens
2,2018-05-11 16:34:13,2018-05-11 17:48:28,1,11.45,1,N,1,48.5,1.000000000,0.500000000,8.0,0.0,0.300000000,58.3,138,181,16,Friday,5,138,LaGuardia Airport,Queens
2,2018-04-30 16:56:58,2018-04-30 17:40:39,1,9.11,1,N,1,35.0,1.000000000,0.500000000,9.2,0.0,0.300000000,46.0,138,162,16,Monday,4,138,LaGuardia Airport,Queens
2,2018-03-26 12:37:15,2018-03-26 12:57:03,2,7.41,1,N,1,22.5,0E-9,0.500000000,3.49,5.76,0.300000000,32.55,138,170,12,Monday,3,138,LaGuardia Airport,Queens
2,2018-08-30 18:15:39,2018-08-30 19:08:05,1,10.43,1,N,1,37.5,1.000000000,0.500000000,9.82,0.0,0.300000000,49.12,138,66,18,Thursday,8,138,LaGuardia Airport,Queens
1,2018-04-16 01:02:17,2018-04-16 01:21:09,1,8.8,1,N,1,26.0,0.500000000,0.500000000,8.25,5.76,0.300000000,41.31,138,236,1,Monday,4,138,LaGuardia Airport,Queens
2,2018-03-16 18:51:24,2018-03-16 19:40:20,1,10.03,1,N,1,37.0,1.000000000,0.500000000,11.14,5.76,0.300000000,55.7,138,68,18,Friday,3,138,LaGuardia Airport,Queens
1,2018-05-02 22:13:40,2018-05-02 22:30:25,2,7.5,1,N,1,22.5,0.500000000,0.500000000,7.1,0.0,0.300000000,30.9,138,255,22,Wednesday,5,138,LaGuardia Airport,Queens
1,2018-03-27 16:11:01,2018-03-27 16:45:48,1,8.7,1,N,1,30.0,1.000000000,0.500000000,9.35,5.76,0.300000000,46.91,138,79,16,Tuesday,3,138,LaGuardia Airport,Queens
2,2018-10-02 07:34:34,2018-10-02 08:08:38,3,11.77,1,N,1,36.0,0E-9,0.500000000,12.77,5.76,0.300000000,55.33,138,162,7,Tuesday,10,138,LaGuardia Airport,Queens
1,2018-08-19 23:24:26,2018-08-19 23:44:48,1,9.6,1,N,1,28.0,0.500000000,0.500000000,10.5,5.76,0.300000000,45.56,138,48,23,Sunday,8,138,LaGuardia Airport,Queens
1,2018-04-02 16:59:41,2018-04-02 17:21:06,1,9.7,1,N,1,29.0,1.000000000,0.500000000,7.3,5.76,0.300000000,43.86,138,79,16,Monday,4,138,LaGuardia Airport,Queens
1,2018-10-02 15:25:11,2018-10-02 15:53:48,1,8.6,1,N,1,28.5,0E-9,0.500000000,4.0,5.76,0.300000000,39.06,138,234,15,Tuesday,10,138,LaGuardia Airport,Queens
2,2018-01-28 22:24:03,2018-01-28 22:45:30,2,11.84,1,N,1,33.5,0.500000000,0.500000000,6.96,0.0,0.300000000,41.76,138,181,22,Sunday,1,138,LaGuardia Airport,Queens
1,2018-02-08 18:02:51,2018-02-08 18:27:26,1,7.9,1,N,1,26.0,1.000000000,0.500000000,6.7,5.76,0.300000000,40.26,138,263,18,Thursday,2,138,LaGuardia Airport,Queens
1,2018-08-17 12:58:11,2018-08-17 13:30:29,1,14.2,1,N,1,39.5,0E-9,0.500000000,8.05,0.0,0.300000000,48.35,138,228,12,Friday,8,138,LaGuardia Airport,Queens
1,2018-05-25 15:46:27,2018-05-25 16:30:37,1,9.7,1,N,1,34.5,0E-9,0.500000000,8.2,5.76,0.300000000,49.26,138,90,15,Friday,5,138,LaGuardia Airport,Queens
2,2018-08-09 20:06:27,2018-08-09 20:32:47,4,10.87,1,N,1,31.0,0.500000000,0.500000000,9.69,0.0,0.300000000,41.99,138,33,20,Thursday,8,138,LaGuardia Airport,Queens
2,2018-12-19 23:01:35,2018-12-19 23:22:27,1,10.42,1,N,1,30.0,0.500000000,0.500000000,4.0,0.0,0.300000000,35.3,145,257,23,Wednesday,12,145,Long Island City/Hunters Point,Queens
1,2018-10-03 20:54:03,2018-10-03 21:23:27,1,11.1,1,N,1,33.5,0.500000000,0.500000000,8.1,5.76,0.300000000,48.66,138,231,20,Wednesday,10,138,LaGuardia Airport,Queens
2,2018-07-29 22:16:22,2018-07-29 22:43:42,1,11.39,1,N,1,33.5,0.500000000,0.500000000,5.5,0.0,0.300000000,40.3,138,211,22,Sunday,7,138,LaGuardia Airport,Queens
1,2018-09-14 13:37:58,2018-09-14 14:17:08,1,10.3,1,N,1,36.0,0E-9,0.500000000,8.5,5.76,0.300000000,51.06,138,163,13,Friday,9,138,LaGuardia Airport,Queens
1,2018-05-03 10:20:47,2018-05-03 11:16:38,1,12.5,1,N,1,42.0,0E-9,0.500000000,10.7,0.0,0.300000000,53.5,138,261,10,Thursday,5,138,LaGuardia Airport,Queens
2,2018-02-26 20:07:04,2018-02-26 20:23:57,1,7.48,1,N,1,23.0,0.500000000,0.500000000,6.01,5.76,0.300000000,36.07,138,42,20,Monday,2,138,LaGuardia Airport,Queens
1,2018-05-25 21:08:25,2018-05-25 21:34:53,3,9.3,1,N,1,28.5,0.500000000,0.500000000,7.1,5.76,0.300000000,42.66,138,239,21,Friday,5,138,LaGuardia Airport,Queens
2,2018-10-15 07:54:39,2018-10-15 08:49:07,1,11.49,1,N,1,40.5,0E-9,0.500000000,9.41,5.76,0.300000000,56.47,138,48,7,Monday,10,138,LaGuardia Airport,Queens
2,2018-02-27 19:12:25,2018-02-27 19:36:50,1,9.21,1,N,1,29.0,1.000000000,0.500000000,5.5,5.76,0.300000000,42.06,138,164,19,Tuesday,2,138,LaGuardia Airport,Queens
2,2018-03-08 14:40:52,2018-03-08 15:05:32,1,10.9,3,N,1,49.5,0E-9,0E-9,12.06,10.5,0.300000000,72.36,138,162,14,Thursday,3,138,LaGuardia Airport,Queens
2,2018-05-15 00:23:50,2018-05-15 00:42:47,6,8.14,1,N,1,25.0,0.500000000,0.500000000,5.26,0.0,0.300000000,31.56,138,37,0,Tuesday,5,138,LaGuardia Airport,Queens
2,2018-04-17 12:13:05,2018-04-17 12:39:52,1,10.05,1,N,1,30.0,0E-9,0.500000000,7.31,5.76,0.300000000,43.87,138,162,12,Tuesday,4,138,LaGuardia Airport,Queens
2,2018-09-13 16:00:32,2018-09-13 17:06:32,1,13.31,1,N,1,47.0,1.000000000,0.500000000,12.2,0.0,0.300000000,61.0,138,228,16,Thursday,9,138,LaGuardia Airport,Queens
2,2018-04-16 19:56:27,2018-04-16 20:18:49,1,11.31,1,N,1,32.0,1.000000000,0.500000000,7.91,5.76,0.300000000,47.47,138,229,19,Monday,4,138,LaGuardia Airport,Queens
1,2018-12-10 14:29:38,2018-12-10 15:14:41,1,11.1,1,N,1,40.0,0E-9,0.500000000,13.95,5.76,0.300000000,60.51,138,230,14,Monday,12,138,LaGuardia Airport,Queens
2,2018-10-07 09:27:58,2018-10-07 09:58:54,1,12.16,1,N,1,37.0,0E-9,0.500000000,7.0,0.0,0.300000000,44.8,179,158,9,Sunday,10,179,Old Astoria,Queens
2,2018-06-08 22:57:25,2018-06-08 23:18:27,1,8.44,1,N,1,26.0,0.500000000,0.500000000,0.0,5.76,0.300000000,33.06,138,151,22,Friday,6,138,LaGuardia Airport,Queens
2,2018-02-09 12:37:09,2018-02-09 13:19:12,2,10.07,1,N,2,35.0,0E-9,0.500000000,0.0,5.76,0.300000000,41.56,138,163,12,Friday,2,138,LaGuardia Airport,Queens
2,2018-01-19 15:20:59,2018-01-19 16:05:36,1,8.81,1,N,1,34.5,0E-9,0.500000000,8.21,5.76,0.300000000,49.27,138,230,15,Friday,1,138,LaGuardia Airport,Queens
2,2018-03-04 23:00:06,2018-03-04 23:14:10,2,7.24,1,N,1,21.5,0.500000000,0.500000000,5.7,0.0,0.300000000,28.5,138,145,23,Sunday,3,138,LaGuardia Airport,Queens
2,2018-06-25 01:58:01,2018-06-25 02:17:30,6,10.1,1,N,1,28.5,0.500000000,0.500000000,10.67,5.76,0.300000000,46.23,138,90,1,Monday,6,138,LaGuardia Airport,Queens
1,2018-05-24 19:48:26,2018-05-24 20:25:10,1,13.7,1,N,1,43.5,1.000000000,0.500000000,10.2,5.76,0.300000000,61.26,138,142,19,Thursday,5,138,LaGuardia Airport,Queens
2,2018-04-04 13:06:33,2018-04-04 14:08:27,1,19.27,1,N,1,60.5,0E-9,0.500000000,10.0,5.76,0.300000000,77.06,138,164,13,Wednesday,4,138,LaGuardia Airport,Queens
1,2018-04-05 18:04:20,2018-04-05 18:32:31,1,7.9,1,Y,1,27.0,1.000000000,0.500000000,5.5,5.76,0.300000000,40.06,138,233,18,Thursday,4,138,LaGuardia Airport,Queens
2,2018-11-29 07:26:21,2018-11-29 08:22:23,1,15.54,1,N,1,51.0,0E-9,0.500000000,11.51,5.76,0.300000000,69.07,138,261,7,Thursday,11,138,LaGuardia Airport,Queens
2,2018-05-04 16:35:57,2018-05-04 17:49:31,1,12.51,1,N,1,49.0,1.000000000,0.500000000,10.16,0.0,0.300000000,60.96,138,228,16,Friday,5,138,LaGuardia Airport,Queens
2,2018-01-30 13:03:40,2018-01-30 13:34:00,1,10.19,1,N,1,32.0,0E-9,0.500000000,9.64,5.76,0.300000000,48.2,138,161,13,Tuesday,1,138,LaGuardia Airport,Queens
2,2018-03-28 21:44:37,2018-03-28 22:12:20,1,10.31,1,N,1,32.5,0.500000000,0.500000000,8.45,0.0,0.300000000,42.25,138,65,21,Wednesday,3,138,LaGuardia Airport,Queens
2,2018-10-18 09:30:03,2018-10-18 10:43:13,1,22.67,1,N,1,73.0,0E-9,0.500000000,0.0,0.0,0.300000000,73.8,191,90,9,Thursday,10,191,Queens Village,Queens
2,2018-01-09 18:19:01,2018-01-09 18:20:06,3,0.1,1,N,2,3.0,1.000000000,0.500000000,0.0,0.0,0.300000000,4.8,138,138,18,Tuesday,1,138,LaGuardia Airport,Queens
2,2018-01-19 19:10:15,2018-01-19 19:52:12,3,15.98,1,N,1,47.5,1.000000000,0.500000000,9.86,0.0,0.300000000,59.16,138,158,19,Friday,1,138,LaGuardia Airport,Queens
2,2018-12-02 17:46:19,2018-12-02 18:16:55,1,8.96,1,N,1,29.0,0E-9,0.500000000,6.0,0.0,0.300000000,35.8,138,17,17,Sunday,12,138,LaGuardia Airport,Queens
2,2018-12-13 15:38:27,2018-12-13 16:25:24,2,10.73,1,N,1,34.5,0E-9,0.500000000,8.21,5.76,0.300000000,49.27,138,162,15,Thursday,12,138,LaGuardia Airport,Queens
1,2018-03-19 11:29:40,2018-03-19 12:00:39,2,15.4,1,N,2,43.0,0E-9,0.500000000,0.0,5.76,0.300000000,49.56,138,88,11,Monday,3,138,LaGuardia Airport,Queens
2,2018-03-10 16:33:58,2018-03-10 16:56:14,1,7.35,1,N,1,23.0,0E-9,0.500000000,4.0,0.0,0.300000000,27.8,138,256,16,Saturday,3,138,LaGuardia Airport,Queens
2,2018-05-18 10:39:02,2018-05-18 11:20:38,2,11.72,1,N,1,39.5,0E-9,0.500000000,9.21,5.76,0.300000000,55.27,138,230,10,Friday,5,138,LaGuardia Airport,Queens
2,2018-01-20 14:52:58,2018-01-20 16:15:44,1,11.67,1,N,1,57.0,0E-9,0.500000000,12.0,5.76,0.300000000,75.56,138,48,14,Saturday,1,138,LaGuardia Airport,Queens
2,2018-06-18 15:26:18,2018-06-18 16:25:13,1,15.87,1,N,1,50.5,0E-9,0.500000000,17.12,5.76,0.300000000,74.18,138,88,15,Monday,6,138,LaGuardia Airport,Queens
1,2018-12-14 18:13:45,2018-12-14 18:55:28,1,10.2,1,N,2,34.0,1.000000000,0.500000000,0.0,0.0,0.300000000,35.8,138,65,18,Friday,12,138,LaGuardia Airport,Queens
2,2018-12-25 20:18:10,2018-12-25 20:36:21,2,8.82,1,N,1,26.0,0.500000000,0.500000000,6.0,5.76,0.300000000,39.06,138,186,20,Tuesday,12,138,LaGuardia Airport,Queens
2,2018-10-19 14:09:55,2018-10-19 14:58:33,1,11.04,1,N,1,39.5,0E-9,0.500000000,11.52,5.76,0.300000000,57.58,138,125,14,Friday,10,138,LaGuardia Airport,Queens
2,2018-03-28 20:08:05,2018-03-28 20:33:15,1,9.81,1,N,1,30.0,0.500000000,0.500000000,4.0,5.76,0.300000000,41.06,138,48,20,Wednesday,3,138,LaGuardia Airport,Queens
2,2018-03-22 11:21:47,2018-03-22 12:00:33,1,10.76,1,N,1,36.0,0E-9,0.500000000,8.0,5.76,0.300000000,50.56,138,163,11,Thursday,3,138,LaGuardia Airport,Queens
2,2018-05-29 21:27:46,2018-05-29 21:51:16,6,10.43,1,N,1,31.0,0.500000000,0.500000000,7.61,5.76,0.300000000,45.67,138,239,21,Tuesday,5,138,LaGuardia Airport,Queens
2,2018-06-18 12:57:08,2018-06-18 13:28:56,1,8.78,1,N,1,31.0,0E-9,0.500000000,9.39,5.76,0.300000000,46.95,138,229,12,Monday,6,138,LaGuardia Airport,Queens
2,2018-08-14 07:54:27,2018-08-14 08:33:37,1,8.16,1,N,1,30.0,0E-9,0.500000000,7.31,5.76,0.300000000,43.87,138,164,7,Tuesday,8,138,LaGuardia Airport,Queens
2,2018-03-18 17:26:27,2018-03-18 18:01:23,1,9.73,1,N,1,33.0,0E-9,0.500000000,4.0,0.0,0.300000000,37.8,138,48,17,Sunday,3,138,LaGuardia Airport,Queens
2,2018-09-06 10:12:41,2018-09-06 10:54:51,1,10.51,1,N,1,34.0,0E-9,0.500000000,10.14,5.76,0.300000000,50.7,138,237,10,Thursday,9,138,LaGuardia Airport,Queens
2,2018-05-07 10:37:03,2018-05-07 11:34:19,2,11.76,1,N,1,45.0,0E-9,0.500000000,6.0,0.0,0.300000000,51.8,138,188,10,Monday,5,138,LaGuardia Airport,Queens
2,2018-09-10 12:13:41,2018-09-10 12:29:44,1,8.55,1,N,1,24.0,0E-9,0.500000000,7.64,5.76,0.300000000,38.2,138,233,12,Monday,9,138,LaGuardia Airport,Queens
1,2018-04-08 15:44:29,2018-04-08 16:25:20,1,10.1,1,N,1,34.5,0E-9,0.500000000,8.21,5.76,0.300000000,49.27,138,143,15,Sunday,4,138,LaGuardia Airport,Queens
2,2018-05-07 12:57:02,2018-05-07 13:18:41,1,8.28,1,N,1,25.5,0E-9,0.500000000,9.62,5.76,0.300000000,41.68,138,164,12,Monday,5,138,LaGuardia Airport,Queens
2,2018-07-11 22:43:15,2018-07-11 23:05:09,3,8.9,1,N,1,27.0,0.500000000,0.500000000,6.81,5.76,0.300000000,40.87,138,137,22,Wednesday,7,138,LaGuardia Airport,Queens
2,2018-02-14 11:37:02,2018-02-14 12:12:55,1,10.01,1,N,1,33.0,0E-9,0.500000000,2.08,0.0,0.300000000,35.88,138,61,11,Wednesday,2,138,LaGuardia Airport,Queens
1,2018-01-12 18:00:03,2018-01-12 18:42:43,2,11.6,1,N,1,35.5,1.000000000,0.500000000,7.45,0.0,0.300000000,44.75,138,132,18,Friday,1,138,LaGuardia Airport,Queens
1,2018-04-11 17:45:47,2018-04-11 18:27:37,1,10.8,1,N,1,34.5,1.000000000,0.500000000,10.5,5.76,0.300000000,52.56,138,163,17,Wednesday,4,138,LaGuardia Airport,Queens
1,2018-03-23 20:59:23,2018-03-23 21:52:31,1,13.4,1,N,1,47.5,0.500000000,0.500000000,12.2,0.0,0.300000000,61.0,138,137,20,Friday,3,138,LaGuardia Airport,Queens
2,2018-11-11 19:59:37,2018-11-11 20:27:30,1,9.46,1,N,1,30.5,0.500000000,0.500000000,7.51,5.76,0.300000000,45.07,138,186,19,Sunday,11,138,LaGuardia Airport,Queens
2,2018-03-01 19:51:52,2018-03-01 20:12:30,1,10.43,1,N,1,29.5,1.000000000,0.500000000,7.41,5.76,0.300000000,44.47,138,161,19,Thursday,3,138,LaGuardia Airport,Queens
2,2018-05-21 13:14:24,2018-05-21 13:45:16,1,9.55,1,N,1,32.0,0E-9,0.500000000,6.0,0.0,0.300000000,38.8,138,79,13,Monday,5,138,LaGuardia Airport,Queens
1,2018-03-30 17:57:35,2018-03-30 18:44:51,1,11.4,1,N,1,40.5,1.000000000,0.500000000,10.55,0.0,0.300000000,52.85,138,158,17,Friday,3,138,LaGuardia Airport,Queens
1,2018-03-14 14:01:33,2018-03-14 14:29:01,1,9.4,1,N,1,30.5,0E-9,0.500000000,5.56,5.76,0.300000000,42.62,138,137,14,Wednesday,3,138,LaGuardia Airport,Queens
2,2018-10-23 13:02:55,2018-10-23 13:27:58,1,8.46,1,N,1,27.0,0E-9,0.500000000,6.71,5.76,0.300000000,40.27,138,236,13,Tuesday,10,138,LaGuardia Airport,Queens
2,2018-01-28 18:30:56,2018-01-28 19:07:10,1,13.54,1,N,1,41.0,0E-9,0.500000000,11.89,5.76,0.300000000,59.45,138,68,18,Sunday,1,138,LaGuardia Airport,Queens
2,2018-09-18 08:32:31,2018-09-18 09:25:33,1,12.44,1,N,1,45.0,0E-9,0.500000000,15.47,5.76,0.300000000,67.03,138,161,8,Tuesday,9,138,LaGuardia Airport,Queens
2,2018-01-05 18:00:46,2018-01-05 18:23:45,1,7.32,1,N,1,24.0,1.000000000,0.500000000,5.16,0.0,0.300000000,30.96,138,255,18,Friday,1,138,LaGuardia Airport,Queens
1,2018-07-02 13:04:12,2018-07-02 13:21:48,1,9.4,1,N,1,27.0,0E-9,0.500000000,10.05,5.76,0.300000000,43.61,138,164,13,Monday,7,138,LaGuardia Airport,Queens
1,2018-11-15 17:36:42,2018-11-15 19:54:08,2,9.6,1,Y,1,75.5,1.000000000,0.500000000,16.6,5.76,0.300000000,99.66,138,161,17,Thursday,11,138,LaGuardia Airport,Queens
2,2018-12-07 20:49:12,2018-12-07 21:23:07,1,9.15,1,N,1,32.5,0.500000000,0.500000000,6.5,5.76,0.300000000,46.06,138,90,20,Friday,12,138,LaGuardia Airport,Queens
2,2018-10-01 05:38:13,2018-10-01 05:39:24,2,0.06,5,N,1,150.0,0E-9,0E-9,34.11,20.26,0.300000000,204.67,1,1,5,Monday,10,1,Newark Airport,Ewr
2,2018-04-30 11:47:32,2018-04-30 12:37:55,1,14.83,1,N,1,47.5,0E-9,0.500000000,14.49,0.0,0.300000000,62.79,138,13,11,Monday,4,138,LaGuardia Airport,Queens
1,2018-10-10 16:07:37,2018-10-10 17:02:10,1,8.5,1,N,1,36.0,1.000000000,0.500000000,7.55,0.0,0.300000000,45.35,138,49,16,Wednesday,10,138,LaGuardia Airport,Queens
2,2018-10-10 23:43:34,2018-10-11 00:13:28,2,12.42,1,N,1,38.0,0.500000000,0.500000000,7.86,0.0,0.300000000,47.16,138,261,23,Wednesday,10,138,LaGuardia Airport,Queens
2,2018-07-03 00:21:14,2018-07-03 00:33:40,1,7.93,1,N,1,22.0,0.500000000,0.500000000,5.81,5.76,0.300000000,34.87,138,42,0,Tuesday,7,138,LaGuardia Airport,Queens
2,2018-01-15 10:38:07,2018-01-15 11:02:36,4,11.37,1,N,1,33.5,0E-9,0.500000000,8.01,5.76,0.300000000,48.07,138,100,10,Monday,1,138,LaGuardia Airport,Queens
2,2018-04-16 08:45:36,2018-04-16 09:47:30,1,13.07,1,N,1,47.0,0E-9,0.500000000,13.39,5.76,0.300000000,66.95,138,161,8,Monday,4,138,LaGuardia Airport,Queens
1,2018-07-15 22:20:25,2018-07-15 22:43:44,1,10.2,1,N,1,29.5,0.500000000,0.500000000,0.05,5.76,0.300000000,36.61,138,148,22,Sunday,7,138,LaGuardia Airport,Queens
1,2018-02-23 12:19:00,2018-02-23 12:56:29,1,11.8,1,N,1,39.5,0E-9,0.500000000,9.2,5.76,0.300000000,55.26,138,164,12,Friday,2,138,LaGuardia Airport,Queens
2,2018-05-16 22:40:39,2018-05-16 23:10:12,1,7.46,1,N,1,26.5,0.500000000,0.500000000,0.0,0.0,0.300000000,27.8,138,48,22,Wednesday,5,138,LaGuardia Airport,Queens
2,2018-07-26 21:35:48,2018-07-26 22:07:59,1,9.93,1,N,1,32.0,0.500000000,0.500000000,7.81,5.76,0.300000000,46.87,138,237,21,Thursday,7,138,LaGuardia Airport,Queens
2,2018-04-14 16:35:24,2018-04-14 17:12:23,1,11.87,1,N,1,35.5,0E-9,0.500000000,7.26,0.0,0.300000000,43.56,138,132,16,Saturday,4,138,LaGuardia Airport,Queens
2,2018-11-16 14:45:17,2018-11-16 15:05:08,1,7.55,1,N,1,23.5,0E-9,0.500000000,6.01,5.76,0.300000000,36.07,138,262,14,Friday,11,138,LaGuardia Airport,Queens
2,2018-02-24 19:37:12,2018-02-24 20:12:35,1,8.52,1,N,1,30.5,0E-9,0.500000000,7.82,0.0,0.300000000,39.12,138,80,19,Saturday,2,138,LaGuardia Airport,Queens
1,2018-03-27 18:49:35,2018-03-27 19:25:44,1,11.1,1,N,1,36.0,1.000000000,0.500000000,5.67,0.0,0.300000000,43.47,138,125,18,Tuesday,3,138,LaGuardia Airport,Queens
2,2018-06-25 09:33:39,2018-06-25 10:09:55,1,8.08,1,N,1,30.0,0E-9,0.500000000,10.97,5.76,0.300000000,47.53,138,162,9,Monday,6,138,LaGuardia Airport,Queens
2,2018-09-24 08:59:53,2018-09-24 09:48:04,1,15.26,1,N,1,44.5,0E-9,0.500000000,12.76,5.76,0.300000000,63.82,138,261,8,Monday,9,138,LaGuardia Airport,Queens
1,2018-03-05 21:46:00,2018-03-05 22:05:31,1,8.8,1,N,1,26.5,0.500000000,0.500000000,6.7,5.76,0.300000000,40.26,138,236,21,Monday,3,138,LaGuardia Airport,Queens
1,2018-09-04 15:06:57,2018-09-04 15:45:46,1,10.7,1,N,1,35.5,0E-9,0.500000000,8.4,5.76,0.300000000,50.46,138,163,15,Tuesday,9,138,LaGuardia Airport,Queens
2,2018-06-23 00:32:44,2018-06-23 01:02:37,1,9.83,1,N,1,33.5,0.500000000,0.500000000,6.96,0.0,0.300000000,41.76,138,65,0,Saturday,6,138,LaGuardia Airport,Queens
2,2018-01-17 22:42:19,2018-01-17 23:00:44,1,9.2,1,N,1,27.0,0.500000000,0.500000000,6.81,5.76,0.300000000,40.87,138,236,22,Wednesday,1,138,LaGuardia Airport,Queens
1,2018-09-12 10:10:29,2018-09-12 11:00:41,1,9.3,1,N,1,37.5,0E-9,0.500000000,8.8,5.76,0.300000000,52.86,138,230,10,Wednesday,9,138,LaGuardia Airport,Queens
1,2018-08-30 20:59:20,2018-08-30 21:16:43,1,10.1,1,N,1,28.0,0.500000000,0.500000000,7.0,5.76,0.300000000,42.06,138,229,20,Thursday,8,138,LaGuardia Airport,Queens
2,2018-03-26 21:35:57,2018-03-26 21:54:45,1,8.32,1,N,1,25.0,0.500000000,0.500000000,6.0,5.76,0.300000000,38.06,138,262,21,Monday,3,138,LaGuardia Airport,Queens
1,2018-02-09 12:01:52,2018-02-09 12:29:32,2,9.3,1,N,2,28.5,0E-9,0.500000000,0.0,5.76,0.300000000,35.06,138,107,12,Friday,2,138,LaGuardia Airport,Queens
2,2018-02-16 20:43:08,2018-02-16 21:09:25,1,10.52,1,N,1,31.5,0.500000000,0.500000000,6.56,0.0,0.300000000,39.36,138,65,20,Friday,2,138,LaGuardia Airport,Queens
2,2018-03-27 20:38:07,2018-03-27 21:16:27,2,10.6,1,N,1,36.0,0.500000000,0.500000000,8.61,5.76,0.300000000,51.67,138,48,20,Tuesday,3,138,LaGuardia Airport,Queens
2,2018-09-24 21:59:16,2018-09-24 22:24:03,1,13.51,1,N,1,37.5,0.500000000,0.500000000,35.0,16.26,0.300000000,90.06,138,265,21,Monday,9,138,LaGuardia Airport,Queens
2,2018-10-29 13:45:41,2018-10-29 14:23:47,1,13.55,1,N,1,42.5,0E-9,0.500000000,9.81,5.76,0.300000000,58.87,138,87,13,Monday,10,138,LaGuardia Airport,Queens
2,2018-10-30 09:32:04,2018-10-30 10:37:34,2,9.57,1,N,1,44.0,0E-9,0.500000000,10.11,5.76,0.300000000,60.67,138,230,9,Tuesday,10,138,LaGuardia Airport,Queens
2,2018-08-19 23:53:48,2018-08-20 00:15:36,1,8.75,1,N,1,27.0,0.500000000,0.500000000,5.66,0.0,0.300000000,33.96,138,256,23,Sunday,8,138,LaGuardia Airport,Queens
2,2018-12-13 12:37:13,2018-12-13 13:02:33,1,7.17,1,N,2,23.0,0E-9,0.500000000,0.0,5.76,0.300000000,29.56,138,152,12,Thursday,12,138,LaGuardia Airport,Queens
2,2018-01-22 22:11:58,2018-01-22 22:28:29,5,7.89,1,N,2,23.5,0.500000000,0.500000000,0.0,5.76,0.300000000,30.56,138,75,22,Monday,1,138,LaGuardia Airport,Queens
2,2018-01-19 11:58:16,2018-01-19 12:15:54,1,7.07,1,N,1,22.0,0E-9,0.500000000,7.14,5.76,0.300000000,35.7,138,41,11,Friday,1,138,LaGuardia Airport,Queens
2,2018-03-09 17:37:10,2018-03-09 18:38:36,1,12.93,1,N,2,46.0,1.000000000,0.500000000,0.0,5.76,0.300000000,53.56,138,90,17,Friday,3,138,LaGuardia Airport,Queens
2,2018-05-05 11:36:06,2018-05-05 12:07:37,1,10.62,1,N,1,33.0,0E-9,0.500000000,6.7,0.0,0.300000000,40.5,138,61,11,Saturday,5,138,LaGuardia Airport,Queens
2,2018-06-17 21:10:18,2018-06-17 21:32:54,1,8.51,1,N,1,26.0,0.500000000,0.500000000,4.96,5.76,0.300000000,38.02,138,170,21,Sunday,6,138,LaGuardia Airport,Queens
1,2018-01-31 12:34:11,2018-01-31 12:57:07,1,7.6,1,N,2,24.0,0E-9,0.500000000,0.0,5.76,0.300000000,30.56,138,236,12,Wednesday,1,138,LaGuardia Airport,Queens
2,2018-07-10 15:25:56,2018-07-10 15:51:33,1,6.64,1,N,2,24.0,0E-9,0.500000000,0.0,0.0,0.300000000,24.8,138,255,15,Tuesday,7,138,LaGuardia Airport,Queens
2,2018-06-18 18:17:28,2018-06-18 19:11:09,2,10.93,1,N,2,40.0,1.000000000,0.500000000,0.0,0.0,0.300000000,41.8,138,189,18,Monday,6,138,LaGuardia Airport,Queens
2,2018-10-29 20:19:25,2018-10-29 20:40:33,2,12.33,1,N,2,34.0,0.500000000,0.500000000,0.0,0.0,0.300000000,35.3,138,132,20,Monday,10,138,LaGuardia Airport,Queens
1,2018-11-20 21:43:19,2018-11-20 22:13:39,1,9.4,1,N,1,30.5,0.500000000,0.500000000,7.51,5.76,0.300000000,45.07,138,239,21,Tuesday,11,138,LaGuardia Airport,Queens
1,2018-02-12 14:36:06,2018-02-12 15:05:59,1,8.3,1,N,1,29.0,0E-9,0.500000000,7.45,0.0,0.300000000,37.25,138,37,14,Monday,2,138,LaGuardia Airport,Queens
1,2018-08-25 16:40:01,2018-08-25 17:06:04,0,12.1,1,N,1,34.5,0E-9,0.500000000,10.0,5.76,0.300000000,51.06,138,164,16,Saturday,8,138,LaGuardia Airport,Queens
2,2018-04-18 20:34:35,2018-04-18 21:17:29,1,13.38,1,N,1,42.0,0.500000000,0.500000000,8.66,0.0,0.300000000,51.96,138,261,20,Wednesday,4,138,LaGuardia Airport,Queens
1,2018-03-18 22:24:05,2018-03-18 22:50:48,1,10.3,1,N,1,31.5,0.500000000,0.500000000,8.44,5.76,0.300000000,47.0,138,238,22,Sunday,3,138,LaGuardia Airport,Queens
1,2018-10-22 00:39:34,2018-10-22 01:01:48,1,11.9,1,N,1,34.0,0.500000000,0.500000000,0.0,5.76,0.300000000,41.06,138,79,0,Monday,10,138,LaGuardia Airport,Queens
1,2018-12-14 12:05:55,2018-12-14 12:37:03,2,10.3,1,N,1,32.0,0E-9,0.500000000,7.7,5.76,0.300000000,46.26,138,170,12,Friday,12,138,LaGuardia Airport,Queens
1,2018-05-07 13:16:53,2018-05-07 13:51:37,2,17.2,1,N,1,48.0,0E-9,0.500000000,10.9,5.76,0.300000000,65.46,138,13,13,Monday,5,138,LaGuardia Airport,Queens
2,2018-04-20 19:32:19,2018-04-20 20:06:40,3,9.95,1,N,1,32.5,1.000000000,0.500000000,8.01,5.76,0.300000000,48.07,138,239,19,Friday,4,138,LaGuardia Airport,Queens
2,2018-10-21 16:50:59,2018-10-21 17:11:11,1,8.96,1,N,2,27.0,0E-9,0.500000000,0.0,0.0,0.300000000,27.8,138,16,16,Sunday,10,138,LaGuardia Airport,Queens
1,2018-10-18 12:24:25,2018-10-18 13:20:21,1,9.3,1,N,1,41.0,0E-9,0.500000000,9.5,5.76,0.300000000,57.06,138,100,12,Thursday,10,138,LaGuardia Airport,Queens
1,2018-03-30 14:17:49,2018-03-30 14:43:35,3,10.1,1,N,1,30.5,0E-9,0.500000000,7.4,5.76,0.300000000,44.46,138,229,14,Friday,3,138,LaGuardia Airport,Queens
2,2018-03-28 21:44:13,2018-03-28 22:06:23,5,8.52,1,N,1,25.5,0.500000000,0.500000000,6.51,5.76,0.300000000,39.07,138,164,21,Wednesday,3,138,LaGuardia Airport,Queens
2,2018-04-09 00:08:32,2018-04-09 00:22:26,1,8.02,1,N,1,23.0,0.500000000,0.500000000,6.01,5.76,0.300000000,36.07,138,263,0,Monday,4,138,LaGuardia Airport,Queens
1,2018-08-22 23:00:46,2018-08-22 23:20:41,1,8.2,1,N,1,25.5,0.500000000,0.500000000,4.0,5.76,0.300000000,36.56,138,100,23,Wednesday,8,138,LaGuardia Airport,Queens
2,2018-11-02 11:07:43,2018-11-02 11:49:25,6,8.53,1,N,1,34.5,0E-9,0.500000000,6.0,0.0,0.300000000,41.3,138,163,11,Friday,11,138,LaGuardia Airport,Queens
4,2018-10-08 08:31:16,2018-10-08 08:56:34,1,9.85,1,N,1,29.5,0E-9,0.500000000,7.21,5.76,0.300000000,43.27,138,162,8,Monday,10,138,LaGuardia Airport,Queens
2,2018-08-13 00:04:49,2018-08-13 00:23:59,1,11.28,1,N,1,32.5,0.500000000,0.500000000,10.14,0.0,0.300000000,43.94,138,65,0,Monday,8,138,LaGuardia Airport,Queens
2,2018-12-15 20:09:31,2018-12-15 20:41:07,2,9.5,1,N,1,32.5,0.500000000,0.500000000,6.0,5.76,0.300000000,45.56,138,234,20,Saturday,12,138,LaGuardia Airport,Queens
2,2018-12-01 13:55:18,2018-12-01 14:29:08,2,10.94,1,N,1,34.5,0E-9,0.500000000,8.21,5.76,0.300000000,49.27,138,142,13,Saturday,12,138,LaGuardia Airport,Queens
1,2018-10-21 14:53:15,2018-10-21 15:23:10,1,9.5,1,N,1,30.0,0E-9,0.500000000,7.3,5.76,0.300000000,43.86,138,107,14,Sunday,10,138,LaGuardia Airport,Queens
2,2018-01-22 20:37:58,2018-01-22 21:04:00,1,11.99,1,N,1,35.5,0.500000000,0.500000000,8.51,5.76,0.300000000,51.07,138,107,20,Monday,1,138,LaGuardia Airport,Queens
1,2018-05-26 19:31:09,2018-05-26 19:48:44,1,9.7,1,N,1,27.5,0E-9,0.500000000,5.65,0.0,0.300000000,33.95,138,66,19,Saturday,5,138,LaGuardia Airport,Queens
2,2018-01-24 13:56:02,2018-01-24 14:23:57,1,8.52,1,N,1,28.5,0E-9,0.500000000,7.0,5.76,0.300000000,42.06,138,164,13,Wednesday,1,138,LaGuardia Airport,Queens
1,2018-07-12 18:11:22,2018-07-12 18:44:22,1,8.7,1,N,1,28.5,1.000000000,0.500000000,6.05,0.0,0.300000000,36.35,138,36,18,Thursday,7,138,LaGuardia Airport,Queens
2,2018-02-22 22:47:12,2018-02-22 23:10:04,1,11.26,1,N,1,32.5,0.500000000,0.500000000,6.76,0.0,0.300000000,40.56,138,87,22,Thursday,2,138,LaGuardia Airport,Queens
1,2018-06-21 22:16:16,2018-06-21 22:34:21,1,8.7,1,N,1,25.0,0.500000000,0.500000000,4.81,5.76,0.300000000,36.87,138,233,22,Thursday,6,138,LaGuardia Airport,Queens
2,2018-07-13 17:36:41,2018-07-13 18:28:24,2,11.35,1,N,1,37.5,1.000000000,0.500000000,9.01,5.76,0.300000000,54.07,138,161,17,Friday,7,138,LaGuardia Airport,Queens
1,2018-09-06 07:12:54,2018-09-06 08:00:12,1,8.9,1,N,1,34.0,0E-9,0.500000000,8.11,5.76,0.300000000,48.67,138,161,7,Thursday,9,138,LaGuardia Airport,Queens
2,2018-04-27 13:51:11,2018-04-27 14:32:57,1,9.47,1,N,1,35.0,0E-9,0.500000000,8.31,5.76,0.300000000,49.87,138,90,13,Friday,4,138,LaGuardia Airport,Queens
2,2018-03-22 15:50:50,2018-03-22 16:33:34,1,12.55,1,N,1,40.5,0E-9,0.500000000,9.41,5.76,0.300000000,56.47,138,68,15,Thursday,3,138,LaGuardia Airport,Queens
2,2018-01-31 11:00:46,2018-01-31 11:35:54,1,13.56,1,N,1,39.5,0E-9,0.500000000,9.21,5.76,0.300000000,55.27,138,211,11,Wednesday,1,138,LaGuardia Airport,Queens
1,2018-03-20 21:25:18,2018-03-20 21:55:28,1,13.5,1,N,1,39.0,0.500000000,0.500000000,9.2,5.76,0.300000000,55.26,138,211,21,Tuesday,3,138,LaGuardia Airport,Queens
1,2018-03-15 20:09:53,2018-03-15 20:25:49,1,7.3,1,N,1,22.0,0.500000000,0.500000000,7.25,5.76,0.300000000,36.31,138,74,20,Thursday,3,138,LaGuardia Airport,Queens
2,2018-03-15 00:27:50,2018-03-15 00:46:50,1,9.34,1,N,1,27.0,0.500000000,0.500000000,6.81,5.76,0.300000000,40.87,138,90,0,Thursday,3,138,LaGuardia Airport,Queens
2,2018-03-29 19:25:00,2018-03-29 20:26:33,1,13.31,1,N,1,49.0,1.000000000,0.500000000,10.16,0.0,0.300000000,60.96,138,25,19,Thursday,3,138,LaGuardia Airport,Queens
1,2018-05-29 07:23:21,2018-05-29 08:10:34,1,12.0,1,N,1,41.0,0E-9,0.500000000,4.0,0.0,0.300000000,45.8,138,162,7,Tuesday,5,138,LaGuardia Airport,Queens
2,2018-04-20 20:32:43,2018-04-20 20:58:13,1,10.9,1,N,1,32.0,0.500000000,0.500000000,7.81,5.76,0.300000000,46.87,138,243,20,Friday,4,138,LaGuardia Airport,Queens
1,2018-04-09 11:21:52,2018-04-09 12:23:14,4,10.5,1,N,1,44.5,0E-9,0.500000000,9.0,5.76,0.300000000,60.06,138,163,11,Monday,4,138,LaGuardia Airport,Queens
2,2018-07-16 01:05:22,2018-07-16 01:28:07,1,13.56,1,N,1,37.0,0.500000000,0.500000000,8.81,5.76,0.300000000,52.87,138,200,1,Monday,7,138,LaGuardia Airport,Queens
2,2018-02-23 15:40:40,2018-02-23 16:20:42,5,7.67,1,N,1,30.0,0E-9,0.500000000,7.31,5.76,0.300000000,43.87,138,166,15,Friday,2,138,LaGuardia Airport,Queens
2,2018-04-12 09:49:13,2018-04-12 10:35:12,1,8.6,1,N,1,33.0,0E-9,0.500000000,7.91,5.76,0.300000000,47.47,138,229,9,Thursday,4,138,LaGuardia Airport,Queens
1,2018-01-24 18:45:08,2018-01-24 19:13:48,1,10.4,1,N,1,31.0,1.000000000,0.500000000,4.63,5.76,0.300000000,43.19,138,141,18,Wednesday,1,138,LaGuardia Airport,Queens
2,2018-06-10 20:33:58,2018-06-10 20:54:37,1,9.26,1,N,1,27.0,0.500000000,0.500000000,5.11,5.76,0.300000000,39.17,138,113,20,Sunday,6,138,LaGuardia Airport,Queens
2,2018-12-05 18:12:33,2018-12-05 18:48:56,1,13.17,1,N,1,38.5,1.000000000,0.500000000,8.06,0.0,0.300000000,48.36,138,132,18,Wednesday,12,138,LaGuardia Airport,Queens
1,2018-05-10 16:51:11,2018-05-10 17:30:33,1,8.2,1,N,1,31.0,1.000000000,0.500000000,0.46,5.76,0.300000000,39.02,138,75,16,Thursday,5,138,LaGuardia Airport,Queens
2,2018-09-09 17:45:08,2018-09-09 18:22:33,1,9.34,1,N,1,33.5,0.500000000,0.500000000,6.96,0.0,0.300000000,41.76,138,170,17,Sunday,9,138,LaGuardia Airport,Queens
2,2018-09-16 15:10:33,2018-09-16 15:41:55,2,9.12,1,N,1,29.5,0E-9,0.500000000,7.21,5.76,0.300000000,43.27,138,186,15,Sunday,9,138,LaGuardia Airport,Queens
2,2018-08-28 14:51:46,2018-08-28 15:37:00,2,14.2,1,N,1,44.0,0E-9,0.500000000,10.11,5.76,0.300000000,60.67,138,144,14,Tuesday,8,138,LaGuardia Airport,Queens
1,2018-05-10 14:12:52,2018-05-10 14:54:09,1,8.1,1,N,1,32.5,0E-9,0.500000000,4.0,5.76,0.300000000,43.06,138,166,14,Thursday,5,138,LaGuardia Airport,Queens
2,2018-08-29 11:13:26,2018-08-29 11:58:32,1,12.45,1,N,1,43.0,0E-9,0.500000000,9.91,5.76,0.300000000,59.47,138,230,11,Wednesday,8,138,LaGuardia Airport,Queens
2,2018-12-05 14:28:53,2018-12-05 15:01:17,1,8.63,1,N,1,29.5,0E-9,0.500000000,7.21,5.76,0.300000000,43.27,138,164,14,Wednesday,12,138,LaGuardia Airport,Queens
1,2018-08-05 16:38:55,2018-08-05 17:12:27,1,13.2,1,N,1,38.0,0E-9,0.500000000,7.75,0.0,0.300000000,46.55,138,132,16,Sunday,8,138,LaGuardia Airport,Queens
1,2018-12-07 15:25:50,2018-12-07 16:05:14,2,8.9,1,N,1,31.0,0E-9,0.500000000,7.51,5.76,0.300000000,45.07,138,161,15,Friday,12,138,LaGuardia Airport,Queens
2,2018-06-14 15:48:02,2018-06-14 16:37:11,1,8.98,1,N,1,35.5,0E-9,0.500000000,2.11,5.76,0.300000000,44.17,138,230,15,Thursday,6,138,LaGuardia Airport,Queens
2,2018-09-10 12:03:58,2018-09-10 12:46:45,5,11.02,1,N,1,39.5,0E-9,0.500000000,11.52,5.76,0.300000000,57.58,138,230,12,Monday,9,138,LaGuardia Airport,Queens
2,2018-04-12 22:32:54,2018-04-12 22:59:57,1,9.78,1,N,1,30.5,0.500000000,0.500000000,4.0,5.76,0.300000000,41.56,138,246,22,Thursday,4,138,LaGuardia Airport,Queens
1,2018-07-25 18:07:54,2018-07-25 18:42:44,1,8.6,1,N,1,31.0,1.000000000,0.500000000,8.5,5.76,0.300000000,47.06,138,224,18,Wednesday,7,138,LaGuardia Airport,Queens
2,2018-09-04 10:00:07,2018-09-04 10:31:15,1,9.93,1,N,1,30.0,0E-9,0.500000000,9.14,5.76,0.300000000,45.7,138,233,10,Tuesday,9,138,LaGuardia Airport,Queens
1,2018-06-03 21:55:50,2018-06-03 22:13:58,1,11.0,1,N,1,30.0,0.500000000,0.500000000,7.4,5.76,0.300000000,44.46,138,233,21,Sunday,6,138,LaGuardia Airport,Queens
2,2018-01-15 19:06:46,2018-01-15 19:26:10,1,7.4,1,N,1,22.0,0E-9,0.500000000,5.71,5.76,0.300000000,34.27,138,263,19,Monday,1,138,LaGuardia Airport,Queens
1,2018-03-02 15:47:14,2018-03-02 16:21:08,1,12.5,1,N,1,35.5,0E-9,0.500000000,7.26,0.0,0.300000000,43.56,138,132,15,Friday,3,138,LaGuardia Airport,Queens
2,2018-02-14 23:21:25,2018-02-14 23:42:57,6,8.08,1,N,1,26.5,0.500000000,0.500000000,6.71,5.76,0.300000000,40.27,138,236,23,Wednesday,2,138,LaGuardia Airport,Queens
1,2018-01-03 17:07:54,2018-01-03 17:34:39,2,8.5,1,N,1,27.0,1.000000000,0.500000000,6.9,5.76,0.300000000,41.46,138,164,17,Wednesday,1,138,LaGuardia Airport,Queens
2,2018-03-01 15:16:18,2018-03-01 15:44:54,1,8.88,1,N,1,28.0,0E-9,0.500000000,8.64,5.76,0.300000000,43.2,138,162,15,Thursday,3,138,LaGuardia Airport,Queens
1,2018-03-03 11:35:57,2018-03-03 12:01:49,1,10.0,1,N,1,30.5,0E-9,0.500000000,7.4,5.76,0.300000000,44.46,138,142,11,Saturday,3,138,LaGuardia Airport,Queens
1,2018-05-04 18:12:48,2018-05-04 19:03:43,1,10.6,1,N,1,35.5,1.000000000,0.500000000,8.6,5.76,0.300000000,51.66,138,143,18,Friday,5,138,LaGuardia Airport,Queens
2,2018-07-06 14:38:50,2018-07-06 15:03:04,2,13.25,3,N,1,54.5,0E-9,0E-9,18.7,20.0,0.300000000,93.5,1,231,14,Friday,7,1,Newark Airport,Ewr
2,2018-03-27 09:40:33,2018-03-27 10:50:51,5,9.39,1,N,1,47.0,0E-9,0.500000000,10.71,5.76,0.300000000,64.27,138,230,9,Tuesday,3,138,LaGuardia Airport,Queens
1,2018-12-01 20:14:13,2018-12-01 21:07:40,3,10.9,1,N,2,41.5,0.500000000,0.500000000,0.0,5.76,0.300000000,48.56,138,230,20,Saturday,12,138,LaGuardia Airport,Queens
1,2018-03-25 12:11:02,2018-03-25 12:45:14,2,10.9,1,N,1,34.0,0E-9,0.500000000,8.1,5.76,0.300000000,48.66,138,43,12,Sunday,3,138,LaGuardia Airport,Queens
2,2018-01-29 15:03:34,2018-01-29 15:34:32,1,10.28,1,N,1,32.0,0E-9,0.500000000,7.71,5.76,0.300000000,46.27,138,163,15,Monday,1,138,LaGuardia Airport,Queens
2,2018-07-28 13:40:49,2018-07-28 14:16:10,1,11.4,1,N,1,36.5,0E-9,0.500000000,8.61,5.76,0.300000000,51.67,138,125,13,Saturday,7,138,LaGuardia Airport,Queens
2,2018-03-18 23:26:06,2018-03-18 23:50:36,1,9.23,1,N,1,29.0,0.500000000,0.500000000,6.06,0.0,0.300000000,36.36,138,48,23,Sunday,3,138,LaGuardia Airport,Queens
2,2018-02-12 17:15:23,2018-02-12 18:03:03,1,10.77,1,N,2,40.5,1.000000000,0.500000000,0.0,0.0,0.300000000,42.3,138,65,17,Monday,2,138,LaGuardia Airport,Queens
2,2018-06-06 21:23:33,2018-06-06 21:46:01,1,8.7,1,N,1,27.5,0.500000000,0.500000000,6.0,5.76,0.300000000,40.56,138,263,21,Wednesday,6,138,LaGuardia Airport,Queens
2,2018-02-08 19:37:39,2018-02-08 20:10:53,2,11.04,1,N,1,36.0,1.000000000,0.500000000,11.34,0.0,0.300000000,49.14,138,211,19,Thursday,2,138,LaGuardia Airport,Queens
2,2018-12-11 20:32:50,2018-12-11 21:00:19,5,10.46,1,N,1,32.0,0.500000000,0.500000000,6.66,0.0,0.300000000,39.96,138,249,20,Tuesday,12,138,LaGuardia Airport,Queens
2,2018-04-06 18:54:07,2018-04-06 19:11:44,2,7.64,1,N,1,23.5,1.000000000,0.500000000,5.06,0.0,0.300000000,30.36,138,145,18,Friday,4,138,LaGuardia Airport,Queens
2,2018-03-09 08:50:18,2018-03-10 00:00:00,2,11.18,1,N,1,33.0,0E-9,0.500000000,3.96,5.76,0.300000000,43.52,138,170,8,Friday,3,138,LaGuardia Airport,Queens
1,2018-08-18 15:09:09,2018-08-18 15:34:31,2,10.5,1,N,1,31.0,0E-9,0.500000000,6.0,5.76,0.300000000,43.56,138,161,15,Saturday,8,138,LaGuardia Airport,Queens
2,2018-03-08 21:51:34,2018-03-08 22:07:37,1,9.13,1,N,1,26.0,0.500000000,0.500000000,6.61,5.76,0.300000000,39.67,138,244,21,Thursday,3,138,LaGuardia Airport,Queens
2,2018-05-16 18:13:40,2018-05-16 18:50:20,1,8.88,1,N,1,28.5,1.000000000,0.500000000,7.5,5.76,0.300000000,43.56,138,263,18,Wednesday,5,138,LaGuardia Airport,Queens
2,2018-12-12 09:37:33,2018-12-12 10:20:28,1,16.14,1,N,1,46.0,0E-9,0.500000000,10.51,5.76,0.300000000,63.07,138,13,9,Wednesday,12,138,LaGuardia Airport,Queens
2,2018-07-08 16:26:42,2018-07-08 16:56:12,1,9.76,1,N,1,30.0,0E-9,0.500000000,6.0,5.76,0.300000000,42.56,138,142,16,Sunday,7,138,LaGuardia Airport,Queens
2,2018-12-01 09:21:38,2018-12-01 09:40:20,1,9.98,1,N,1,28.5,0E-9,0.500000000,7.01,5.76,0.300000000,42.07,138,162,9,Saturday,12,138,LaGuardia Airport,Queens
2,2018-02-18 20:59:43,2018-02-18 21:17:17,1,9.72,1,N,1,27.5,0.500000000,0.500000000,5.76,0.0,0.300000000,34.56,138,79,20,Sunday,2,138,LaGuardia Airport,Queens
1,2018-07-21 15:16:22,2018-07-21 15:43:29,1,9.6,1,N,2,29.5,0E-9,0.500000000,0.0,0.0,0.300000000,30.3,138,36,15,Saturday,7,138,LaGuardia Airport,Queens
1,2018-04-18 22:28:58,2018-04-18 23:05:20,1,10.4,1,N,1,34.0,0.500000000,0.500000000,7.05,0.0,0.300000000,42.35,138,33,22,Wednesday,4,138,LaGuardia Airport,Queens
4,2018-11-09 18:12:03,2018-11-09 19:14:45,1,11.87,1,N,1,42.0,1.000000000,0.500000000,9.91,5.76,0.300000000,59.47,138,107,18,Friday,11,138,LaGuardia Airport,Queens
1,2018-12-03 08:01:03,2018-12-03 08:59:05,1,32.2,3,N,1,103.5,0E-9,0E-9,25.6,24.26,0.300000000,153.66,138,1,8,Monday,12,138,LaGuardia Airport,Queens
2,2018-06-18 22:17:29,2018-06-18 22:37:42,1,10.38,1,N,1,29.5,0.500000000,0.500000000,5.48,5.76,0.300000000,42.04,138,237,22,Monday,6,138,LaGuardia Airport,Queens
1,2018-11-21 18:28:45,2018-11-21 18:46:56,1,11.4,1,N,1,32.5,0.500000000,0.500000000,7.9,5.76,0.300000000,47.46,138,137,18,Wednesday,11,138,LaGuardia Airport,Queens
1,2018-01-22 15:07:56,2018-01-22 15:52:15,1,10.9,1,N,1,37.5,0E-9,0.500000000,8.8,5.76,0.300000000,52.86,138,230,15,Monday,1,138,LaGuardia Airport,Queens
2,2018-07-20 13:59:28,2018-07-20 14:33:52,3,8.94,1,N,1,31.5,0E-9,0.500000000,9.52,5.76,0.300000000,47.58,138,170,13,Friday,7,138,LaGuardia Airport,Queens
1,2018-10-28 19:36:04,2018-10-28 20:04:47,1,10.3,1,N,1,32.0,0E-9,0.500000000,7.44,5.76,0.300000000,46.0,138,161,19,Sunday,10,138,LaGuardia Airport,Queens
1,2018-03-09 20:15:39,2018-03-09 20:50:15,1,6.3,1,N,1,26.5,0.500000000,0.500000000,8.3,0.0,0.300000000,36.1,138,16,20,Friday,3,138,LaGuardia Airport,Queens
1,2018-12-03 14:45:21,2018-12-03 15:11:29,2,7.6,1,N,1,26.0,0E-9,0.500000000,6.5,5.76,0.300000000,39.06,138,233,14,Monday,12,138,LaGuardia Airport,Queens
1,2018-03-19 09:40:51,2018-03-19 10:23:00,1,8.7,1,N,1,32.5,0E-9,0.500000000,6.0,5.76,0.300000000,45.06,138,186,9,Monday,3,138,LaGuardia Airport,Queens
1,2018-04-28 00:35:13,2018-04-28 00:51:20,1,8.1,1,N,1,24.0,0.500000000,0.500000000,6.2,5.76,0.300000000,37.26,138,116,0,Saturday,4,138,LaGuardia Airport,Queens
2,2018-06-19 00:52:10,2018-06-19 01:14:44,6,9.11,1,N,1,27.5,0.500000000,0.500000000,10.37,5.76,0.300000000,44.93,138,239,0,Tuesday,6,138,LaGuardia Airport,Queens
1,2018-05-06 15:13:00,2018-05-06 15:47:59,2,13.4,1,N,1,41.0,0E-9,0.500000000,12.5,0.0,0.300000000,54.3,138,211,15,Sunday,5,138,LaGuardia Airport,Queens
2,2018-02-28 15:40:23,2018-02-28 16:21:32,1,9.45,1,N,1,34.0,0E-9,0.500000000,8.11,5.76,0.300000000,48.67,138,100,15,Wednesday,2,138,LaGuardia Airport,Queens
2,2018-04-21 21:12:02,2018-04-21 21:48:47,2,10.06,1,N,1,34.0,0.500000000,0.500000000,4.0,0.0,0.300000000,39.3,138,49,21,Saturday,4,138,LaGuardia Airport,Queens
1,2018-07-20 12:20:17,2018-07-20 12:20:35,1,10.9,5,N,1,290.0,0E-9,0E-9,10.0,0.0,0.300000000,300.3,138,138,12,Friday,7,138,LaGuardia Airport,Queens
2,2018-03-11 10:19:56,2018-03-11 10:47:23,2,10.73,1,N,1,32.0,0E-9,0.500000000,6.56,0.0,0.300000000,39.36,138,107,10,Sunday,3,138,LaGuardia Airport,Queens
2,2018-01-23 20:25:42,2018-01-23 20:45:09,1,10.54,1,N,1,30.0,0.500000000,0.500000000,7.41,5.76,0.300000000,44.47,138,233,20,Tuesday,1,138,LaGuardia Airport,Queens
1,2018-12-14 08:27:45,2018-12-14 09:17:07,1,15.6,1,N,1,46.0,0E-9,0.500000000,10.5,5.76,0.300000000,63.06,138,13,8,Friday,12,138,LaGuardia Airport,Queens
2,2018-01-11 14:47:28,2018-01-11 15:48:28,1,10.17,1,N,1,41.5,0E-9,0.500000000,9.61,5.76,0.300000000,57.67,138,264,14,Thursday,1,138,LaGuardia Airport,Queens
1,2018-07-14 00:17:27,2018-07-14 00:46:56,1,9.0,1,N,1,30.0,0.500000000,0.500000000,6.25,0.0,0.300000000,37.55,138,148,0,Saturday,7,138,LaGuardia Airport,Queens
2,2018-08-27 17:46:57,2018-08-27 18:06:31,1,8.6,1,N,1,25.5,1.000000000,0.500000000,6.61,5.76,0.300000000,39.67,138,229,17,Monday,8,138,LaGuardia Airport,Queens
1,2018-07-23 10:53:50,2018-07-23 11:30:42,1,11.0,1,N,1,35.5,0E-9,0.500000000,8.0,5.76,0.300000000,50.06,138,142,10,Monday,7,138,LaGuardia Airport,Queens
4,2018-11-11 20:20:59,2018-11-11 20:40:30,1,8.82,1,N,1,26.5,0.500000000,0.500000000,6.71,5.76,0.300000000,40.27,138,141,20,Sunday,11,138,LaGuardia Airport,Queens
2,2018-03-12 19:19:06,2018-03-12 19:43:52,5,10.8,1,N,1,31.5,1.000000000,0.500000000,7.81,5.76,0.300000000,46.87,138,230,19,Monday,3,138,LaGuardia Airport,Queens
2,2018-12-28 17:38:31,2018-12-28 18:05:41,1,7.44,1,N,1,25.0,1.000000000,0.500000000,5.36,0.0,0.300000000,32.16,138,255,17,Friday,12,138,LaGuardia Airport,Queens
1,2018-04-11 10:11:03,2018-04-11 11:00:27,1,14.1,1,N,1,44.0,0E-9,0.500000000,10.0,5.76,0.300000000,60.56,138,114,10,Wednesday,4,138,LaGuardia Airport,Queens
2,2018-06-22 18:44:13,2018-06-22 19:22:28,2,10.08,1,N,1,36.0,1.000000000,0.500000000,6.53,5.76,0.300000000,50.09,138,239,18,Friday,6,138,LaGuardia Airport,Queens
2,2018-06-22 18:16:11,2018-06-22 18:46:01,4,8.55,1,N,1,28.5,1.000000000,0.500000000,5.41,5.76,0.300000000,41.47,138,107,18,Friday,6,138,LaGuardia Airport,Queens
1,2018-11-04 21:55:27,2018-11-04 22:16:11,1,6.7,1,N,1,21.5,0.500000000,0.500000000,4.55,0.0,0.300000000,27.35,138,141,21,Sunday,11,138,LaGuardia Airport,Queens
2,2018-12-05 21:13:01,2018-12-05 21:49:08,1,12.05,1,N,1,39.0,0.500000000,0.500000000,9.21,5.76,0.300000000,55.27,138,161,21,Wednesday,12,138,LaGuardia Airport,Queens
1,2018-04-22 21:12:21,2018-04-22 21:33:48,1,11.2,1,N,1,32.0,0.500000000,0.500000000,7.8,5.76,0.300000000,46.86,138,162,21,Sunday,4,138,LaGuardia Airport,Queens
2,2018-06-21 18:21:41,2018-06-21 19:22:40,5,11.01,1,N,1,41.5,1.000000000,0.500000000,9.81,5.76,0.300000000,58.87,138,230,18,Thursday,6,138,LaGuardia Airport,Queens
2,2018-09-19 21:55:23,2018-09-19 22:18:07,1,9.76,1,N,1,29.0,0.500000000,0.500000000,6.06,0.0,0.300000000,36.36,138,79,21,Wednesday,9,138,LaGuardia Airport,Queens
1,2018-01-15 11:26:03,2018-01-15 11:54:09,1,17.0,1,N,1,45.0,0E-9,0.500000000,9.16,0.0,0.300000000,54.96,138,14,11,Monday,1,138,LaGuardia Airport,Queens
2,2018-04-30 20:58:31,2018-04-30 21:18:20,1,8.94,1,N,1,26.5,0.500000000,0.500000000,6.71,5.76,0.300000000,40.27,138,107,20,Monday,4,138,LaGuardia Airport,Queens
1,2018-07-24 23:09:19,2018-07-24 23:35:56,1,9.6,1,N,1,30.0,0.500000000,0.500000000,6.25,0.0,0.300000000,37.55,138,163,23,Tuesday,7,138,LaGuardia Airport,Queens
2,2018-08-08 09:46:18,2018-08-08 10:08:48,2,10.79,1,N,1,32.0,0E-9,0.500000000,6.0,5.76,0.300000000,44.56,138,170,9,Wednesday,8,138,LaGuardia Airport,Queens
1,2018-12-05 15:47:06,2018-12-05 16:45:25,1,11.6,1,N,1,43.5,0E-9,0.500000000,10.0,5.76,0.300000000,60.06,138,50,15,Wednesday,12,138,LaGuardia Airport,Queens
1,2018-03-02 11:52:58,2018-03-02 12:14:19,1,7.3,1,N,1,24.0,0E-9,0.500000000,6.1,5.76,0.300000000,36.66,138,159,11,Friday,3,138,LaGuardia Airport,Queens
1,2018-03-25 21:10:35,2018-03-25 21:40:04,1,10.5,1,N,1,32.5,0.500000000,0.500000000,6.75,0.0,0.300000000,40.55,138,189,21,Sunday,3,138,LaGuardia Airport,Queens
2,2018-09-11 20:54:28,2018-09-11 21:21:25,5,11.88,1,N,1,35.0,0.500000000,0.500000000,7.0,5.76,0.300000000,49.06,138,142,20,Tuesday,9,138,LaGuardia Airport,Queens
2,2018-12-08 15:26:19,2018-12-08 16:07:34,5,9.91,1,N,1,35.0,0E-9,0.500000000,8.31,5.76,0.300000000,49.87,138,113,15,Saturday,12,138,LaGuardia Airport,Queens
1,2018-11-04 16:05:14,2018-11-04 16:29:46,1,7.4,1,N,1,24.0,0E-9,0.500000000,4.95,0.0,0.300000000,29.75,138,256,16,Sunday,11,138,LaGuardia Airport,Queens
1,2018-08-06 14:48:58,2018-08-06 15:11:11,1,8.1,1,N,1,25.0,0E-9,0.500000000,6.3,5.76,0.300000000,37.86,138,263,14,Monday,8,138,LaGuardia Airport,Queens
2,2018-10-01 14:05:52,2018-10-01 14:33:13,3,10.19,1,N,1,31.5,0E-9,0.500000000,7.61,5.76,0.300000000,45.67,138,244,14,Monday,10,138,LaGuardia Airport,Queens
2,2018-09-21 23:26:24,2018-09-21 23:52:35,1,8.35,1,N,1,27.5,0.500000000,0.500000000,8.64,5.76,0.300000000,43.2,138,166,23,Friday,9,138,LaGuardia Airport,Queens
2,2018-03-26 08:02:15,2018-03-26 09:08:52,1,10.7,1,N,1,42.0,0E-9,0.500000000,9.71,5.76,0.300000000,58.27,138,161,8,Monday,3,138,LaGuardia Airport,Queens
2,2018-09-13 00:12:52,2018-09-13 00:39:36,1,12.41,1,N,1,35.5,0.500000000,0.500000000,7.36,0.0,0.300000000,44.16,145,181,0,Thursday,9,145,Long Island City/Hunters Point,Queens
1,2018-03-27 16:16:28,2018-03-27 16:43:38,1,6.9,1,N,1,23.5,1.000000000,0.500000000,5.05,0.0,0.300000000,30.35,138,80,16,Tuesday,3,138,LaGuardia Airport,Queens
1,2018-07-16 12:45:46,2018-07-16 13:18:04,1,8.3,1,N,1,30.0,0E-9,0.500000000,7.3,5.76,0.300000000,43.86,138,162,12,Monday,7,138,LaGuardia Airport,Queens
2,2018-02-04 14:18:08,2018-02-04 14:49:51,1,10.2,1,N,1,32.5,0E-9,0.500000000,5.5,0.0,0.300000000,38.8,138,49,14,Sunday,2,138,LaGuardia Airport,Queens
2,2018-09-22 21:08:48,2018-09-22 21:35:41,5,10.17,1,N,1,31.5,0.500000000,0.500000000,5.78,5.76,0.300000000,44.34,138,142,21,Saturday,9,138,LaGuardia Airport,Queens
2,2018-09-23 13:33:21,2018-09-23 14:02:01,1,16.04,1,N,1,43.5,0E-9,0.500000000,10.01,5.76,0.300000000,60.07,138,13,13,Sunday,9,138,LaGuardia Airport,Queens
2,2018-03-23 23:03:50,2018-03-23 23:28:54,2,10.54,1,N,1,31.0,0.500000000,0.500000000,7.61,5.76,0.300000000,45.67,138,230,23,Friday,3,138,LaGuardia Airport,Queens
2,2018-12-10 11:09:48,2018-12-10 11:49:02,2,22.67,4,N,1,80.0,0E-9,0.500000000,20.2,0.0,0.300000000,101.0,138,265,11,Monday,12,138,LaGuardia Airport,Queens
2,2018-01-18 13:05:10,2018-01-18 13:52:38,5,11.19,1,N,1,40.5,0E-9,0.500000000,9.41,5.76,0.300000000,56.47,138,230,13,Thursday,1,138,LaGuardia Airport,Queens
2,2018-09-24 13:47:47,2018-09-24 14:21:30,1,11.91,1,N,1,37.5,0E-9,0.500000000,4.0,0.0,0.300000000,42.3,138,181,13,Monday,9,138,LaGuardia Airport,Queens
1,2018-07-18 11:39:43,2018-07-18 12:21:35,1,9.2,1,N,1,34.5,0E-9,0.500000000,10.25,5.76,0.300000000,51.31,138,161,11,Wednesday,7,138,LaGuardia Airport,Queens
1,2018-04-25 22:42:37,2018-04-25 23:10:32,1,11.4,1,N,1,34.0,0.500000000,0.500000000,8.2,5.76,0.300000000,49.26,138,142,22,Wednesday,4,138,LaGuardia Airport,Queens
2,2018-11-06 10:12:25,2018-11-06 11:10:56,1,11.81,1,N,1,44.5,0E-9,0.500000000,9.0,5.76,0.300000000,60.06,138,186,10,Tuesday,11,138,LaGuardia Airport,Queens
2,2018-05-13 18:30:29,2018-05-13 19:09:47,5,11.63,1,N,1,36.5,0E-9,0.500000000,8.61,5.76,0.300000000,51.67,138,170,18,Sunday,5,138,LaGuardia Airport,Queens
1,2018-03-16 22:42:29,2018-03-16 23:10:11,1,8.7,1,N,1,28.5,0.500000000,0.500000000,7.1,5.76,0.300000000,42.66,138,164,22,Friday,3,138,LaGuardia Airport,Queens
1,2018-11-30 12:32:44,2018-11-30 13:09:29,2,11.9,1,N,1,39.0,0E-9,0.500000000,9.1,5.76,0.300000000,54.66,138,164,12,Friday,11,138,LaGuardia Airport,Queens
1,2018-10-17 20:54:56,2018-10-17 21:11:24,1,8.7,1,N,1,25.0,0.500000000,0.500000000,6.4,5.76,0.300000000,38.46,138,164,20,Wednesday,10,138,LaGuardia Airport,Queens
2,2018-04-16 19:04:35,2018-04-16 19:22:51,6,11.39,1,N,1,31.5,1.000000000,0.500000000,5.5,5.76,0.300000000,44.56,138,20,19,Monday,4,138,LaGuardia Airport,Queens
2,2018-05-23 09:07:48,2018-05-23 09:58:40,2,7.82,1,N,1,34.0,0E-9,0.500000000,8.11,5.76,0.300000000,48.67,138,170,9,Wednesday,5,138,LaGuardia Airport,Queens
1,2018-06-27 09:59:08,2018-06-27 10:59:40,1,17.7,1,N,1,54.5,0E-9,0.500000000,11.0,0.0,0.300000000,66.3,138,26,9,Wednesday,6,138,LaGuardia Airport,Queens
2,2018-05-24 14:28:23,2018-05-24 15:09:53,6,13.99,1,N,1,42.5,0E-9,0.500000000,9.81,5.76,0.300000000,58.87,138,231,14,Thursday,5,138,LaGuardia Airport,Queens
1,2018-03-06 23:17:35,2018-03-06 23:47:10,1,10.9,1,N,1,33.5,0.500000000,0.500000000,6.95,0.0,0.300000000,41.75,138,181,23,Tuesday,3,138,LaGuardia Airport,Queens
1,2018-06-25 13:07:54,2018-06-25 13:42:13,1,9.0,1,N,1,31.0,0E-9,0.500000000,3.18,0.0,0.300000000,34.98,138,36,13,Monday,6,138,LaGuardia Airport,Queens
1,2018-11-30 17:31:31,2018-11-30 18:40:07,1,8.7,1,N,1,42.5,1.000000000,0.500000000,6.0,5.76,0.300000000,56.06,138,48,17,Friday,11,138,LaGuardia Airport,Queens
2,2018-05-29 12:23:59,2018-05-29 12:59:20,3,15.39,1,N,2,44.0,0E-9,0.500000000,0.0,0.0,0.300000000,44.8,138,188,12,Tuesday,5,138,LaGuardia Airport,Queens
2,2018-04-18 23:46:11,2018-04-19 00:14:04,2,11.78,1,N,2,34.5,0.500000000,0.500000000,0.0,5.76,0.300000000,41.56,138,182,23,Wednesday,4,138,LaGuardia Airport,Queens
2,2018-03-10 19:08:09,2018-03-10 19:54:48,2,16.71,1,N,2,48.0,0E-9,0.500000000,0.0,0.0,0.300000000,48.8,138,14,19,Saturday,3,138,LaGuardia Airport,Queens
4,2018-10-07 11:39:48,2018-10-07 12:04:26,2,11.69,1,N,2,33.5,0E-9,0.500000000,0.0,0.0,0.300000000,34.3,138,195,11,Sunday,10,138,LaGuardia Airport,Queens
1,2018-10-04 12:50:41,2018-10-04 13:29:22,1,8.6,1,N,1,32.5,0E-9,0.500000000,7.8,5.76,0.300000000,46.86,138,234,12,Thursday,10,138,LaGuardia Airport,Queens
1,2018-04-12 21:20:33,2018-04-12 21:34:23,1,3.7,1,N,1,14.0,0.500000000,0.500000000,3.05,0.0,0.300000000,18.35,138,7,21,Thursday,4,138,LaGuardia Airport,Queens
2,2018-05-24 21:25:57,2018-05-24 21:52:51,1,9.82,1,N,1,31.5,0.500000000,0.500000000,7.71,5.76,0.300000000,46.27,138,141,21,Thursday,5,138,LaGuardia Airport,Queens
2,2018-03-06 23:10:08,2018-03-06 23:31:12,1,11.86,1,N,1,33.0,0.500000000,0.500000000,6.86,0.0,0.300000000,41.16,138,40,23,Tuesday,3,138,LaGuardia Airport,Queens
1,2018-03-09 12:02:31,2018-03-09 12:38:14,1,10.2,1,N,1,34.0,0E-9,0.500000000,6.0,5.76,0.300000000,46.56,138,158,12,Friday,3,138,LaGuardia Airport,Queens
1,2018-01-21 14:49:46,2018-01-21 15:27:45,1,10.1,1,N,2,33.0,0E-9,0.500000000,0.0,0.0,0.300000000,33.8,138,25,14,Sunday,1,138,LaGuardia Airport,Queens
2,2018-10-05 12:54:45,2018-10-05 13:22:52,5,9.72,1,N,1,29.5,0E-9,0.500000000,9.02,5.76,0.300000000,45.08,138,229,12,Friday,10,138,LaGuardia Airport,Queens
2,2018-08-13 15:21:48,2018-08-13 15:42:06,2,8.32,1,N,2,25.0,0E-9,0.500000000,0.0,0.0,0.300000000,25.8,138,226,15,Monday,8,138,LaGuardia Airport,Queens
2,2018-09-02 20:04:12,2018-09-02 20:20:10,6,7.89,1,N,1,23.0,0.500000000,0.500000000,5.25,5.76,0.300000000,35.31,138,263,20,Sunday,9,138,LaGuardia Airport,Queens
1,2018-09-26 12:04:32,2018-09-26 12:49:15,2,8.7,1,N,1,35.0,0E-9,0.500000000,8.3,5.76,0.300000000,49.86,138,234,12,Wednesday,9,138,LaGuardia Airport,Queens
2,2018-09-28 09:09:19,2018-09-28 10:10:04,3,12.11,1,N,2,46.0,0E-9,0.500000000,0.0,5.76,0.300000000,52.56,138,230,9,Friday,9,138,LaGuardia Airport,Queens
1,2018-03-14 18:31:57,2018-03-14 19:02:41,1,8.3,1,N,2,28.0,1.000000000,0.500000000,0.0,5.76,0.300000000,35.56,138,42,18,Wednesday,3,138,LaGuardia Airport,Queens
1,2018-09-25 17:27:55,2018-09-25 18:04:43,1,10.4,1,N,1,35.5,1.000000000,0.500000000,6.46,5.76,0.300000000,49.52,138,142,17,Tuesday,9,138,LaGuardia Airport,Queens
2,2018-09-03 10:21:46,2018-09-03 10:39:23,1,10.32,1,N,1,29.5,0E-9,0.500000000,6.06,0.0,0.300000000,36.36,138,97,10,Monday,9,138,LaGuardia Airport,Queens
2,2018-03-08 20:40:44,2018-03-08 20:54:54,1,8.08,1,N,1,23.0,0.500000000,0.500000000,6.01,5.76,0.300000000,36.07,138,75,20,Thursday,3,138,LaGuardia Airport,Queens
2,2018-03-01 09:11:30,2018-03-01 10:05:16,1,11.96,1,N,2,42.0,0E-9,0.500000000,0.0,5.76,0.300000000,48.56,138,230,9,Thursday,3,138,LaGuardia Airport,Queens
2,2018-07-09 17:20:50,2018-07-09 18:04:27,2,11.77,1,N,2,33.5,1.000000000,0.500000000,0.0,0.0,0.300000000,35.3,138,138,17,Monday,7,138,LaGuardia Airport,Queens
2,2018-02-14 21:43:54,2018-02-14 22:06:22,3,9.28,1,N,1,28.0,0.500000000,0.500000000,0.0,5.76,0.300000000,35.06,138,151,21,Wednesday,2,138,LaGuardia Airport,Queens
2,2018-04-02 18:40:24,2018-04-02 19:02:39,2,8.02,1,N,2,27.0,1.000000000,0.500000000,0.0,5.76,0.300000000,34.56,138,236,18,Monday,4,138,LaGuardia Airport,Queens
2,2018-04-09 10:11:29,2018-04-09 10:54:02,1,10.99,1,N,2,37.0,0E-9,0.500000000,0.0,5.76,0.300000000,43.56,138,161,10,Monday,4,138,LaGuardia Airport,Queens
2,2018-03-01 18:37:34,2018-03-01 19:04:10,1,6.94,1,N,1,24.0,1.000000000,0.500000000,5.74,12.5,0.300000000,44.04,138,255,18,Thursday,3,138,LaGuardia Airport,Queens
2,2018-11-15 22:04:37,2018-11-15 22:45:08,1,22.79,4,N,1,90.0,0.500000000,0.500000000,18.26,0.0,0.300000000,109.56,138,265,22,Thursday,11,138,LaGuardia Airport,Queens
2,2018-09-27 22:27:23,2018-09-27 22:46:40,3,9.62,1,N,2,28.0,0.500000000,0.500000000,0.0,5.76,0.300000000,35.06,138,141,22,Thursday,9,138,LaGuardia Airport,Queens
2,2018-03-31 10:56:07,2018-03-31 11:19:35,5,7.57,1,N,1,24.5,0E-9,0.500000000,0.0,0.0,0.300000000,25.3,138,36,10,Saturday,3,138,LaGuardia Airport,Queens
2,2018-03-31 12:17:46,2018-03-31 12:44:29,1,8.24,1,N,2,28.0,0E-9,0.500000000,0.0,5.76,0.300000000,34.56,138,162,12,Saturday,3,138,LaGuardia Airport,Queens
2,2018-10-10 18:32:41,2018-10-10 19:01:55,1,8.81,1,N,2,28.0,1.000000000,0.500000000,0.0,5.76,0.300000000,35.56,138,141,18,Wednesday,10,138,LaGuardia Airport,Queens
2,2018-04-11 20:34:25,2018-04-11 20:54:23,1,11.04,1,N,2,31.5,0.500000000,0.500000000,0.0,0.0,0.300000000,32.8,138,205,20,Wednesday,4,138,LaGuardia Airport,Queens
2,2018-03-13 23:44:05,2018-03-14 00:20:44,1,18.57,1,N,2,52.5,0.500000000,0.500000000,0.0,0.0,0.300000000,53.8,138,26,23,Tuesday,3,138,LaGuardia Airport,Queens
2,2018-02-24 16:00:15,2018-02-24 16:24:51,2,8.81,1,N,2,25.5,0E-9,0.500000000,0.0,5.76,0.300000000,32.06,138,140,16,Saturday,2,138,LaGuardia Airport,Queens
1,2018-07-18 11:19:01,2018-07-18 12:05:30,1,9.4,1,N,1,34.5,0E-9,0.500000000,8.2,5.76,0.300000000,49.26,138,239,11,Wednesday,7,138,LaGuardia Airport,Queens
1,2018-03-23 15:26:21,2018-03-23 16:14:32,2,11.7,1,N,2,39.0,0E-9,0.500000000,0.0,5.76,0.300000000,45.56,138,230,15,Friday,3,138,LaGuardia Airport,Queens
1,2018-03-15 23:55:09,2018-03-16 00:21:32,3,6.5,1,N,1,24.0,0.500000000,0.500000000,0.0,0.0,0.300000000,25.3,138,202,23,Thursday,3,138,LaGuardia Airport,Queens
2,2018-06-26 19:40:40,2018-06-26 20:21:04,1,17.93,1,N,2,50.0,1.000000000,0.500000000,0.0,0.0,0.300000000,51.8,138,26,19,Tuesday,6,138,LaGuardia Airport,Queens
2,2018-10-12 17:00:15,2018-10-12 17:54:37,4,10.7,1,N,2,36.5,1.000000000,0.500000000,0.0,5.76,0.300000000,44.06,138,161,17,Friday,10,138,LaGuardia Airport,Queens
2,2018-12-07 09:07:55,2018-12-07 10:24:50,1,8.48,1,N,2,28.5,0.800000000,0.500000000,0.0,0.0,0E-9,29.8,138,138,9,Friday,12,138,LaGuardia Airport,Queens
1,2018-12-07 11:02:33,2018-12-07 11:50:55,4,9.1,1,N,2,38.0,0E-9,0.500000000,0.0,5.76,0.300000000,44.56,138,48,11,Friday,12,138,LaGuardia Airport,Queens
1,2018-03-15 14:57:47,2018-03-15 15:24:47,2,8.7,1,N,2,28.5,0E-9,0.500000000,0.0,5.76,0.300000000,35.06,138,170,14,Thursday,3,138,LaGuardia Airport,Queens
1,2018-11-05 17:37:16,2018-11-05 18:19:13,1,7.9,1,N,2,32.0,1.000000000,0.500000000,0.0,0.0,0.300000000,33.8,138,162,17,Monday,11,138,LaGuardia Airport,Queens
1,2018-07-28 12:41:58,2018-07-28 13:15:06,5,8.3,1,N,2,30.5,0E-9,0.500000000,0.0,5.76,0.300000000,37.06,138,230,12,Saturday,7,138,LaGuardia Airport,Queens
1,2018-07-16 17:31:43,2018-07-16 17:54:42,1,7.5,1,N,1,25.0,1.000000000,0.500000000,5.0,5.76,0.300000000,37.56,138,166,17,Monday,7,138,LaGuardia Airport,Queens
2,2018-10-14 22:19:32,2018-10-14 22:38:23,1,9.95,1,N,2,28.0,0.500000000,0.500000000,0.0,5.76,0.300000000,35.06,138,243,22,Sunday,10,138,LaGuardia Airport,Queens
2,2018-08-21 21:13:07,2018-08-21 21:34:09,1,8.83,1,N,2,26.0,0.500000000,0.500000000,0.0,5.76,0.300000000,33.06,138,141,21,Tuesday,8,138,LaGuardia Airport,Queens
2,2018-06-17 15:38:31,2018-06-17 16:05:28,1,9.02,1,N,1,28.0,0E-9,0.500000000,6.91,5.76,0.300000000,41.47,138,238,15,Sunday,6,138,LaGuardia Airport,Queens
2,2018-09-26 15:20:23,2018-09-26 15:56:13,2,7.87,1,N,2,28.5,0E-9,0.500000000,0.0,5.76,0.300000000,35.06,138,166,15,Wednesday,9,138,LaGuardia Airport,Queens
1,2018-12-29 23:00:06,2018-12-29 23:16:24,1,7.7,1,N,1,23.0,0.500000000,0.500000000,1.0,0.0,0.300000000,25.3,138,255,23,Saturday,12,138,LaGuardia Airport,Queens
1,2018-03-05 18:16:17,2018-03-05 18:37:09,1,8.9,1,N,2,27.0,1.000000000,0.500000000,0.0,0.0,0.300000000,28.8,138,144,18,Monday,3,138,LaGuardia Airport,Queens
1,2018-06-24 08:19:11,2018-06-24 08:32:47,1,8.0,1,N,1,23.5,0E-9,0.500000000,3.0,5.76,0.300000000,33.06,138,170,8,Sunday,6,138,LaGuardia Airport,Queens
1,2018-02-20 11:38:32,2018-02-20 12:07:40,1,11.4,1,N,1,32.5,0E-9,0.500000000,5.0,0.0,0.300000000,38.3,138,66,11,Tuesday,2,138,LaGuardia Airport,Queens
1,2018-07-23 23:38:10,2018-07-24 00:01:13,1,12.2,1,N,1,34.5,0.500000000,0.500000000,5.0,5.76,0.300000000,46.56,138,90,23,Monday,7,138,LaGuardia Airport,Queens
1,2018-08-20 14:29:20,2018-08-20 14:49:51,2,8.3,1,N,1,25.0,0E-9,0.500000000,5.0,5.76,0.300000000,36.56,138,229,14,Monday,8,138,LaGuardia Airport,Queens
1,2018-11-02 11:04:46,2018-11-02 11:42:05,1,10.5,1,N,1,33.5,0E-9,0.500000000,5.0,0.0,0.300000000,39.3,138,189,11,Friday,11,138,LaGuardia Airport,Queens
2,2018-09-09 16:44:39,2018-09-09 17:35:41,2,12.87,1,N,1,42.0,0E-9,0.500000000,5.0,5.76,0.300000000,53.56,138,113,16,Sunday,9,138,LaGuardia Airport,Queens
2,2018-11-27 00:31:25,2018-11-27 00:50:59,1,8.67,1,N,1,25.5,0.500000000,0.500000000,5.0,5.76,0.300000000,37.56,138,224,0,Tuesday,11,138,LaGuardia Airport,Queens
2,2018-03-01 12:12:38,2018-03-01 12:23:11,1,5.31,1,N,1,16.5,0E-9,0.500000000,4.32,0.0,0.300000000,21.62,138,95,12,Thursday,3,138,LaGuardia Airport,Queens
1,2018-04-21 10:45:05,2018-04-21 11:18:30,1,10.3,1,N,1,33.0,0E-9,0.500000000,6.0,0.0,0.300000000,39.8,138,61,10,Saturday,4,138,LaGuardia Airport,Queens
2,2018-12-29 23:04:05,2018-12-29 23:24:50,1,8.38,1,N,1,26.0,0.500000000,0.500000000,5.46,0.0,0.300000000,32.76,138,49,23,Saturday,12,138,LaGuardia Airport,Queens
2,2018-07-31 15:27:58,2018-07-31 16:13:47,1,11.03,1,N,1,38.5,0E-9,0.500000000,9.01,5.76,0.300000000,54.07,138,142,15,Tuesday,7,138,LaGuardia Airport,Queens
2,2018-05-12 21:12:41,2018-05-12 21:30:27,4,7.45,1,N,1,22.5,0.500000000,0.500000000,5.91,5.76,0.300000000,35.47,138,116,21,Saturday,5,138,LaGuardia Airport,Queens
2,2018-12-03 00:34:02,2018-12-03 00:50:49,1,7.16,1,N,1,22.5,0.500000000,0.500000000,5.95,0.0,0.300000000,29.75,138,130,0,Monday,12,138,LaGuardia Airport,Queens
1,2018-03-18 14:21:36,2018-03-18 14:56:34,1,9.9,1,N,1,32.0,0E-9,0.500000000,9.6,5.76,0.300000000,48.16,138,237,14,Sunday,3,138,LaGuardia Airport,Queens
2,2018-11-08 10:29:17,2018-11-08 11:19:12,2,10.83,1,N,1,39.0,0E-9,0.500000000,13.67,5.76,0.300000000,59.23,138,161,10,Thursday,11,138,LaGuardia Airport,Queens
2,2018-06-08 19:50:23,2018-06-08 20:29:50,5,10.87,1,N,1,36.0,1.000000000,0.500000000,7.56,0.0,0.300000000,45.36,138,65,19,Friday,6,138,LaGuardia Airport,Queens
2,2018-12-15 16:58:14,2018-12-15 17:42:29,1,27.92,4,N,1,104.5,0E-9,0.500000000,27.76,5.76,0.300000000,138.82,138,265,16,Saturday,12,138,LaGuardia Airport,Queens
2,2018-08-08 20:49:42,2018-08-08 21:04:57,5,8.33,1,N,1,24.0,0.500000000,0.500000000,6.21,5.76,0.300000000,37.27,138,262,20,Wednesday,8,138,LaGuardia Airport,Queens
1,2018-12-11 21:05:06,2018-12-11 21:33:28,2,17.4,1,N,1,47.0,0.500000000,0.500000000,9.65,0.0,0.300000000,57.95,138,67,21,Tuesday,12,138,LaGuardia Airport,Queens
1,2018-06-28 14:06:30,2018-06-28 14:48:06,1,9.0,1,N,1,34.5,0E-9,0.500000000,8.2,5.76,0.300000000,49.26,138,107,14,Thursday,6,138,LaGuardia Airport,Queens
2,2018-03-18 19:40:00,2018-03-18 20:02:23,1,11.97,1,N,1,34.0,0E-9,0.500000000,12.17,5.76,0.300000000,52.73,138,137,19,Sunday,3,138,LaGuardia Airport,Queens
2,2018-10-30 12:50:32,2018-10-30 13:18:04,1,8.74,1,N,1,30.0,0E-9,0.500000000,9.14,5.76,0.300000000,45.7,138,48,12,Tuesday,10,138,LaGuardia Airport,Queens
2,2018-08-02 00:50:18,2018-08-02 01:08:53,1,10.22,1,N,1,29.0,0.500000000,0.500000000,6.06,0.0,0.300000000,36.36,138,97,0,Thursday,8,138,LaGuardia Airport,Queens
1,2018-01-23 18:34:04,2018-01-23 18:57:17,1,9.0,1,N,1,28.5,1.000000000,0.500000000,7.2,5.76,0.300000000,43.26,138,234,18,Tuesday,1,138,LaGuardia Airport,Queens
2,2018-06-18 22:25:11,2018-06-18 22:49:47,1,14.84,1,N,1,41.0,0.500000000,0.500000000,9.61,5.76,0.300000000,57.67,138,87,22,Monday,6,138,LaGuardia Airport,Queens
2,2018-04-27 21:48:44,2018-04-27 22:26:03,1,20.26,5,N,1,100.0,0E-9,0.500000000,15.0,16.26,0.300000000,132.06,138,265,21,Friday,4,138,LaGuardia Airport,Queens
1,2018-04-11 15:32:44,2018-04-11 16:19:37,1,13.2,1,N,1,41.0,0E-9,0.500000000,9.5,5.76,0.300000000,57.06,138,164,15,Wednesday,4,138,LaGuardia Airport,Queens
2,2018-10-24 08:35:48,2018-10-24 09:20:29,1,12.15,1,N,1,40.5,0E-9,0.500000000,9.41,5.76,0.300000000,56.47,138,234,8,Wednesday,10,138,LaGuardia Airport,Queens
2,2018-06-10 10:00:04,2018-06-10 10:30:42,1,16.61,1,N,1,46.0,0E-9,0.500000000,10.51,5.76,0.300000000,65.02,192,114,10,Sunday,6,192,Queensboro Hill,Queens
1,2018-02-06 21:08:39,2018-02-06 21:22:03,1,7.5,1,N,1,21.5,0.500000000,0.500000000,4.0,5.76,0.300000000,32.56,138,263,21,Tuesday,2,138,LaGuardia Airport,Queens
2,2018-07-22 23:15:26,2018-07-22 23:38:52,1,12.42,1,N,1,35.0,0.500000000,0.500000000,9.08,0.0,0.300000000,45.38,138,231,23,Sunday,7,138,LaGuardia Airport,Queens
2,2018-11-01 12:56:11,2018-11-01 13:31:04,2,8.62,1,N,1,33.0,0E-9,0.500000000,9.89,5.76,0.300000000,49.45,138,230,12,Thursday,11,138,LaGuardia Airport,Queens
2,2018-11-14 07:33:11,2018-11-14 08:16:21,1,9.4,1,N,1,33.5,0E-9,0.500000000,8.01,5.76,0.300000000,48.07,138,161,7,Wednesday,11,138,LaGuardia Airport,Queens
2,2018-06-10 20:20:35,2018-06-10 20:44:15,2,10.06,1,N,1,29.5,0.500000000,0.500000000,7.31,5.76,0.300000000,43.87,138,163,20,Sunday,6,138,LaGuardia Airport,Queens
1,2018-01-15 14:25:03,2018-01-15 14:52:29,2,9.8,1,N,1,29.5,0E-9,0.500000000,7.2,5.76,0.300000000,43.26,138,90,14,Monday,1,138,LaGuardia Airport,Queens
1,2018-01-02 10:56:37,2018-01-02 11:19:49,1,11.6,1,N,1,33.5,0E-9,0.500000000,6.85,0.0,0.300000000,41.15,138,87,10,Tuesday,1,138,LaGuardia Airport,Queens
1,2018-12-28 12:34:51,2018-12-28 12:58:11,1,8.3,1,N,1,25.5,0E-9,0.500000000,6.4,5.76,0.300000000,38.46,138,263,12,Friday,12,138,LaGuardia Airport,Queens
1,2018-02-13 23:01:04,2018-02-13 23:25:12,1,11.5,1,N,1,34.0,0.500000000,0.500000000,7.05,0.0,0.300000000,42.35,138,181,23,Tuesday,2,138,LaGuardia Airport,Queens
2,2018-10-24 12:36:14,2018-10-24 13:18:35,1,12.63,1,N,1,42.0,0E-9,0.500000000,9.71,5.76,0.300000000,58.27,138,230,12,Wednesday,10,138,LaGuardia Airport,Queens
2,2018-12-31 18:47:40,2018-12-31 19:21:49,1,10.47,1,N,1,32.5,1.000000000,0.500000000,6.86,0.0,0.300000000,41.16,138,62,18,Monday,12,138,LaGuardia Airport,Queens
2,2018-07-26 22:32:49,2018-07-26 22:53:32,1,6.26,1,N,1,21.5,0.500000000,0.500000000,2.28,0.0,0.300000000,25.08,145,75,22,Thursday,7,145,Long Island City/Hunters Point,Queens
2,2018-05-21 22:29:04,2018-05-21 22:51:16,1,8.81,1,N,1,27.0,0.500000000,0.500000000,7.08,0.0,0.300000000,35.38,138,37,22,Monday,5,138,LaGuardia Airport,Queens
1,2018-12-29 13:41:45,2018-12-29 14:14:14,1,10.0,1,N,1,32.5,0E-9,0.500000000,7.8,5.76,0.300000000,46.86,138,243,13,Saturday,12,138,LaGuardia Airport,Queens
1,2018-08-05 17:45:02,2018-08-05 18:06:38,2,7.9,1,N,1,24.0,0E-9,0.500000000,6.1,5.76,0.300000000,36.66,138,140,17,Sunday,8,138,LaGuardia Airport,Queens
1,2018-04-24 15:39:16,2018-04-24 16:15:13,2,8.7,1,N,1,30.5,0E-9,0.500000000,7.0,5.76,0.300000000,44.06,138,233,15,Tuesday,4,138,LaGuardia Airport,Queens
2,2018-07-11 09:06:17,2018-07-11 09:39:31,4,8.29,1,N,2,26.5,0E-9,0.500000000,0.0,5.76,0.300000000,33.06,138,42,9,Wednesday,7,138,LaGuardia Airport,Queens
2,2018-05-01 16:34:07,2018-05-01 17:04:24,1,8.19,1,N,1,27.0,1.000000000,0.500000000,6.91,5.76,0.300000000,41.47,138,170,16,Tuesday,5,138,LaGuardia Airport,Queens
2,2018-12-20 13:00:01,2018-12-21 00:00:00,2,10.38,1,N,1,43.0,0E-9,0.500000000,17.52,0.0,0.300000000,61.32,138,142,13,Thursday,12,138,LaGuardia Airport,Queens
2,2018-02-15 13:37:01,2018-02-15 14:01:36,1,13.24,1,N,1,37.5,0E-9,0.500000000,4.0,5.76,0.300000000,48.06,138,261,13,Thursday,2,138,LaGuardia Airport,Queens
2,2018-02-05 19:58:56,2018-02-05 20:20:38,1,10.76,1,N,1,31.5,0.500000000,0.500000000,7.71,5.76,0.300000000,46.27,138,230,19,Monday,2,138,LaGuardia Airport,Queens
2,2018-06-13 13:21:53,2018-06-13 14:03:00,3,8.94,1,N,1,36.0,0E-9,0.500000000,8.47,5.54,0.300000000,50.81,138,230,13,Wednesday,6,138,LaGuardia Airport,Queens
1,2018-02-23 14:35:47,2018-02-23 15:12:32,1,11.3,1,N,1,34.0,0E-9,0.500000000,6.0,5.76,0.300000000,46.56,138,137,14,Friday,2,138,LaGuardia Airport,Queens
1,2018-07-03 16:56:14,2018-07-03 17:28:54,1,12.2,1,N,1,36.5,1.000000000,0.500000000,6.0,5.76,0.300000000,50.06,138,249,16,Tuesday,7,138,LaGuardia Airport,Queens
1,2018-03-26 13:45:56,2018-03-26 14:21:39,1,11.6,1,N,1,37.0,0E-9,0.500000000,10.85,5.76,0.300000000,54.41,138,230,13,Monday,3,138,LaGuardia Airport,Queens
2,2018-03-01 18:44:44,2018-03-01 19:17:23,1,9.37,1,N,1,29.5,1.000000000,0.500000000,6.26,0.0,0.300000000,37.56,138,33,18,Thursday,3,138,LaGuardia Airport,Queens
2,2018-03-26 09:08:54,2018-03-26 10:03:53,1,12.05,1,N,1,43.5,0E-9,0.500000000,7.0,5.76,0.300000000,57.06,138,87,9,Monday,3,138,LaGuardia Airport,Queens
2,2018-03-06 07:28:34,2018-03-06 08:07:51,1,12.0,1,N,1,36.5,0E-9,0.500000000,3.73,0.0,0.300000000,41.03,138,261,7,Tuesday,3,138,LaGuardia Airport,Queens
2,2018-03-15 16:42:17,2018-03-15 17:28:07,6,10.16,1,N,1,36.0,1.000000000,0.500000000,8.71,5.76,0.300000000,52.27,138,239,16,Thursday,3,138,LaGuardia Airport,Queens
1,2018-03-16 17:45:37,2018-03-16 18:25:31,1,8.4,1,N,1,30.5,1.000000000,0.500000000,7.6,5.76,0.300000000,45.66,138,170,17,Friday,3,138,LaGuardia Airport,Queens
2,2018-02-25 12:09:07,2018-02-25 12:57:15,1,8.11,1,N,1,37.0,0E-9,0.500000000,8.71,5.76,0.300000000,52.27,138,170,12,Sunday,2,138,LaGuardia Airport,Queens
2,2018-03-28 19:16:20,2018-03-28 19:43:43,1,9.55,1,N,1,30.5,1.000000000,0.500000000,6.46,0.0,0.300000000,38.76,138,232,19,Wednesday,3,138,LaGuardia Airport,Queens
2,2018-03-08 10:17:55,2018-03-08 10:52:31,4,9.48,1,N,1,32.0,0E-9,0.500000000,7.71,5.76,0.300000000,46.27,138,161,10,Thursday,3,138,LaGuardia Airport,Queens
2,2018-05-16 11:42:31,2018-05-16 12:24:55,1,8.27,1,N,1,33.5,0E-9,0.500000000,7.97,5.54,0.300000000,47.81,138,164,11,Wednesday,5,138,LaGuardia Airport,Queens
2,2018-03-25 14:36:58,2018-03-25 15:12:41,5,10.91,1,N,1,35.0,0E-9,0.500000000,8.95,0.0,0.300000000,44.75,138,114,14,Sunday,3,138,LaGuardia Airport,Queens
2,2018-11-17 11:10:54,2018-11-17 11:48:46,5,10.86,1,N,1,35.5,0E-9,0.500000000,8.41,5.76,0.300000000,50.47,138,233,11,Saturday,11,138,LaGuardia Airport,Queens
2,2018-11-28 07:11:59,2018-11-28 07:54:55,1,12.06,1,N,1,41.0,0E-9,0.500000000,9.51,5.76,0.300000000,57.07,138,162,7,Wednesday,11,138,LaGuardia Airport,Queens
2,2018-09-04 12:38:52,2018-09-04 13:15:32,1,8.65,1,N,1,31.5,0E-9,0.500000000,6.46,0.0,0.300000000,38.76,138,49,12,Tuesday,9,138,LaGuardia Airport,Queens
2,2018-08-22 08:36:35,2018-08-22 09:22:27,5,12.3,1,N,1,44.0,0E-9,0.500000000,12.64,5.76,0.300000000,63.2,138,100,8,Wednesday,8,138,LaGuardia Airport,Queens
1,2018-07-29 14:57:52,2018-07-29 15:25:02,1,12.4,1,N,1,35.0,0E-9,0.500000000,7.0,5.76,0.300000000,48.56,138,170,14,Sunday,7,138,LaGuardia Airport,Queens
1,2018-11-07 21:14:08,2018-11-07 21:38:55,1,10.6,1,N,1,32.0,0.500000000,0.500000000,6.0,5.76,0.300000000,45.06,138,230,21,Wednesday,11,138,LaGuardia Airport,Queens
2,2018-11-18 20:00:27,2018-11-18 20:28:44,3,11.34,1,N,1,34.0,0.500000000,0.500000000,7.06,0.0,0.300000000,42.36,138,113,20,Sunday,11,138,LaGuardia Airport,Queens
2,2018-01-18 12:01:50,2018-01-18 12:48:54,1,10.42,1,N,1,37.5,0E-9,0.500000000,8.81,5.76,0.300000000,52.87,138,161,12,Thursday,1,138,LaGuardia Airport,Queens
1,2018-09-03 09:35:57,2018-09-03 09:57:00,4,8.2,1,N,1,26.0,0E-9,0.500000000,6.51,5.76,0.300000000,39.07,138,262,9,Monday,9,138,LaGuardia Airport,Queens
1,2018-02-26 08:39:48,2018-02-26 09:34:30,1,8.6,1,N,1,37.0,0E-9,0.500000000,7.55,0.0,0.300000000,45.35,138,230,8,Monday,2,138,LaGuardia Airport,Queens
2,2018-08-20 08:33:49,2018-08-20 09:13:48,1,8.89,1,N,1,33.5,0E-9,0.500000000,8.01,5.76,0.300000000,48.07,138,162,8,Monday,8,138,LaGuardia Airport,Queens
2,2018-02-16 22:24:19,2018-02-16 22:48:11,5,13.2,1,N,1,36.5,0.500000000,0.500000000,7.56,0.0,0.300000000,45.36,138,181,22,Friday,2,138,LaGuardia Airport,Queens
1,2018-03-10 11:08:11,2018-03-10 11:48:00,1,12.2,1,N,2,38.5,0E-9,0.500000000,0.0,5.76,0.300000000,45.06,138,230,11,Saturday,3,138,LaGuardia Airport,Queens
2,2018-05-17 15:09:10,2018-05-17 16:04:20,6,10.21,1,N,1,37.5,0E-9,0.500000000,0.0,5.76,0.300000000,44.06,138,142,15,Thursday,5,138,LaGuardia Airport,Queens
2,2018-01-08 20:28:17,2018-01-08 20:52:32,1,8.68,1,N,1,27.0,0.500000000,0.500000000,8.52,5.76,0.300000000,42.58,138,230,20,Monday,1,138,LaGuardia Airport,Queens
2,2018-05-18 11:54:15,2018-05-18 12:15:07,1,6.89,1,N,2,22.0,0E-9,0.500000000,0.0,0.0,0.300000000,22.8,138,112,11,Friday,5,138,LaGuardia Airport,Queens
1,2018-03-30 09:12:46,2018-03-30 09:50:45,1,12.7,1,N,2,41.0,0E-9,0.500000000,0.0,5.76,0.300000000,47.56,138,230,9,Friday,3,138,LaGuardia Airport,Queens
1,2018-06-06 19:42:26,2018-06-06 19:59:51,1,8.9,1,N,1,25.5,1.000000000,0.500000000,6.6,5.76,0.300000000,39.66,138,233,19,Wednesday,6,138,LaGuardia Airport,Queens
2,2018-11-21 15:09:19,2018-11-21 16:00:02,1,10.5,1,N,2,39.5,0E-9,0.500000000,0.0,5.76,0.300000000,46.06,138,142,15,Wednesday,11,138,LaGuardia Airport,Queens
2,2018-12-22 11:16:07,2018-12-22 11:32:08,1,7.57,1,N,1,22.5,0E-9,0.500000000,4.36,5.76,0.300000000,33.42,138,170,11,Saturday,12,138,LaGuardia Airport,Queens
2,2018-12-12 12:32:00,2018-12-12 12:59:01,1,9.2,1,N,1,28.5,0E-9,0.500000000,6.31,5.76,0.300000000,41.37,138,233,12,Wednesday,12,138,LaGuardia Airport,Queens
2,2018-02-09 23:41:53,2018-02-10 00:00:19,1,7.72,1,N,1,23.5,0.500000000,0.500000000,0.0,5.76,0.300000000,30.56,138,74,23,Friday,2,138,LaGuardia Airport,Queens
2,2018-03-18 21:36:42,2018-03-18 22:05:20,1,11.76,1,N,2,34.5,0.500000000,0.500000000,0.0,5.76,0.300000000,41.56,138,234,21,Sunday,3,138,LaGuardia Airport,Queens
2,2018-02-27 21:46:03,2018-02-27 22:14:12,1,10.59,1,N,2,32.0,0.500000000,0.500000000,0.0,5.76,0.300000000,39.06,138,143,21,Tuesday,2,138,LaGuardia Airport,Queens
2,2018-05-06 17:48:52,2018-05-06 18:32:38,1,10.77,1,N,2,38.0,0E-9,0.500000000,0.0,0.0,0.300000000,38.8,138,261,17,Sunday,5,138,LaGuardia Airport,Queens
2,2018-04-27 21:16:25,2018-04-27 21:36:52,1,7.8,1,N,2,24.5,0.500000000,0.500000000,0.0,5.76,0.300000000,31.56,138,166,21,Friday,4,138,LaGuardia Airport,Queens
2,2018-11-11 11:58:46,2018-11-11 12:26:53,1,8.62,1,N,1,29.0,0E-9,0.500000000,6.0,5.76,0.300000000,41.56,138,170,11,Sunday,11,138,LaGuardia Airport,Queens
2,2018-04-29 17:00:35,2018-04-29 17:35:05,1,12.64,1,N,2,37.5,0E-9,0.500000000,0.0,5.76,0.300000000,44.06,138,230,17,Sunday,4,138,LaGuardia Airport,Queens
2,2018-09-27 12:59:08,2018-09-27 13:54:08,5,6.29,1,N,1,35.5,0E-9,0.500000000,6.0,0.0,0.300000000,42.3,138,186,12,Thursday,9,138,LaGuardia Airport,Queens
2,2018-02-20 09:38:11,2018-02-20 10:20:03,1,11.95,1,N,1,37.0,0E-9,0.500000000,9.45,0.0,0.300000000,47.25,138,261,9,Tuesday,2,138,LaGuardia Airport,Queens
1,2018-06-17 10:18:26,2018-06-17 10:42:17,1,10.1,1,N,1,30.0,0E-9,0.500000000,6.15,0.0,0.300000000,36.95,138,107,10,Sunday,6,138,LaGuardia Airport,Queens
1,2018-01-11 18:48:52,2018-01-11 19:25:00,1,9.7,1,N,1,32.5,1.000000000,0.500000000,8.0,5.76,0.300000000,48.06,138,107,18,Thursday,1,138,LaGuardia Airport,Queens
1,2018-09-28 11:18:45,2018-09-28 12:22:40,0,13.2,1,N,1,51.0,0E-9,0.500000000,14.35,5.76,0.300000000,71.91,138,234,11,Friday,9,138,LaGuardia Airport,Queens
2,2018-01-12 09:24:48,2018-01-12 10:03:58,1,8.29,1,N,1,28.0,0E-9,0.500000000,6.91,5.76,0.300000000,41.47,138,75,9,Friday,1,138,LaGuardia Airport,Queens
2,2018-02-13 12:10:04,2018-02-13 12:55:06,1,11.13,1,N,1,38.0,0E-9,0.500000000,8.91,5.76,0.300000000,53.47,138,230,12,Tuesday,2,138,LaGuardia Airport,Queens
2,2018-11-09 10:44:36,2018-11-09 11:27:49,1,9.06,1,N,1,34.0,0E-9,0.500000000,8.11,5.76,0.300000000,48.67,138,90,10,Friday,11,138,LaGuardia Airport,Queens
1,2018-11-11 18:26:07,2018-11-11 18:56:14,1,10.5,1,N,1,32.0,0E-9,0.500000000,7.7,5.76,0.300000000,46.26,138,239,18,Sunday,11,138,LaGuardia Airport,Queens
2,2018-04-18 12:06:59,2018-04-18 13:07:56,1,11.69,1,N,1,47.5,0E-9,0.500000000,10.81,5.76,0.300000000,64.87,138,163,12,Wednesday,4,138,LaGuardia Airport,Queens
2,2018-03-13 23:26:11,2018-03-13 23:55:02,6,9.55,1,N,1,30.5,0.500000000,0.500000000,6.36,0.0,0.300000000,38.16,138,48,23,Tuesday,3,138,LaGuardia Airport,Queens
2,2018-03-29 17:03:37,2018-03-29 17:48:24,1,8.52,1,N,1,31.0,1.000000000,0.500000000,7.71,5.76,0.300000000,46.27,138,151,17,Thursday,3,138,LaGuardia Airport,Queens
1,2018-03-12 11:52:50,2018-03-12 12:19:30,1,13.8,1,N,1,39.5,0E-9,0.500000000,9.2,5.76,0.300000000,55.26,138,13,11,Monday,3,138,LaGuardia Airport,Queens
2,2018-02-01 20:15:16,2018-02-01 20:42:26,2,10.55,1,N,1,32.0,0.500000000,0.500000000,6.0,0.0,0.300000000,39.3,138,25,20,Thursday,2,138,LaGuardia Airport,Queens
2,2018-06-11 13:25:28,2018-06-11 13:55:40,5,11.25,1,N,1,33.5,0E-9,0.500000000,10.02,5.76,0.300000000,50.08,138,162,13,Monday,6,138,LaGuardia Airport,Queens
2,2018-05-07 11:32:06,2018-05-07 12:15:29,1,14.84,1,N,1,45.5,0E-9,0.500000000,10.41,5.76,0.300000000,62.47,138,231,11,Monday,5,138,LaGuardia Airport,Queens
2,2018-07-01 14:31:46,2018-07-01 15:00:00,1,9.54,1,N,1,31.0,0E-9,0.500000000,7.51,5.76,0.300000000,45.07,138,249,14,Sunday,7,138,LaGuardia Airport,Queens
2,2018-04-09 10:17:09,2018-04-09 10:55:04,1,12.11,1,N,1,38.0,0E-9,0.500000000,8.91,5.76,0.300000000,53.47,138,162,10,Monday,4,138,LaGuardia Airport,Queens
1,2018-03-01 11:06:14,2018-03-01 11:43:25,1,10.6,1,N,1,35.0,0E-9,0.500000000,6.0,5.76,0.300000000,47.56,138,230,11,Thursday,3,138,LaGuardia Airport,Queens
1,2018-07-09 21:57:27,2018-07-09 22:17:01,1,10.2,1,N,1,29.5,0.500000000,0.500000000,8.0,5.76,0.300000000,44.56,138,230,21,Monday,7,138,LaGuardia Airport,Queens
2,2018-02-12 22:13:14,2018-02-12 22:36:20,1,11.46,1,N,1,32.0,0.500000000,0.500000000,6.66,0.0,0.300000000,39.96,138,198,22,Monday,2,138,LaGuardia Airport,Queens
1,2018-02-20 07:55:40,2018-02-20 08:49:01,1,10.3,1,N,1,38.0,0E-9,0.500000000,9.7,0.0,0.300000000,48.5,138,144,7,Tuesday,2,138,LaGuardia Airport,Queens
2,2018-12-27 20:44:44,2018-12-27 21:04:09,1,7.78,1,N,1,24.5,0.500000000,0.500000000,5.16,0.0,0.300000000,30.96,138,112,20,Thursday,12,138,LaGuardia Airport,Queens
1,2018-09-16 14:37:22,2018-09-16 15:14:46,2,10.2,1,N,1,35.5,0E-9,0.500000000,8.4,5.76,0.300000000,50.46,138,161,14,Sunday,9,138,LaGuardia Airport,Queens
2,2018-03-12 20:15:11,2018-03-12 20:38:37,1,10.97,1,N,1,32.0,0.500000000,0.500000000,11.72,5.76,0.300000000,50.78,138,163,20,Monday,3,138,LaGuardia Airport,Queens
2,2018-03-22 20:32:15,2018-03-22 21:09:10,2,10.26,1,N,1,35.0,0.500000000,0.500000000,7.26,0.0,0.300000000,43.56,138,230,20,Thursday,3,138,LaGuardia Airport,Queens
2,2018-11-13 12:50:14,2018-11-13 13:29:02,1,8.81,1,N,1,35.0,0E-9,0.500000000,8.31,5.76,0.300000000,49.87,138,164,12,Tuesday,11,138,LaGuardia Airport,Queens
2,2018-04-09 15:35:56,2018-04-10 15:10:00,1,11.0,1,N,1,34.0,1.000000000,0.500000000,8.31,5.76,0.300000000,49.87,138,161,15,Monday,4,138,LaGuardia Airport,Queens
2,2018-01-26 17:27:04,2018-01-26 18:07:08,1,10.53,1,N,1,34.5,1.000000000,0.500000000,8.41,5.76,0.300000000,50.47,138,162,17,Friday,1,138,LaGuardia Airport,Queens
1,2018-06-13 08:23:41,2018-06-13 09:03:18,1,11.4,1,N,1,38.5,0E-9,0.500000000,9.0,5.76,0.300000000,54.06,138,170,8,Wednesday,6,138,LaGuardia Airport,Queens
2,2018-04-09 15:25:36,2018-04-09 16:00:12,1,9.9,1,N,1,32.5,0E-9,0.500000000,7.81,5.76,0.300000000,46.87,138,163,15,Monday,4,138,LaGuardia Airport,Queens
2,2018-07-31 23:34:51,2018-07-31 23:55:33,1,10.28,1,N,1,29.0,0.500000000,0.500000000,3.0,0.0,0.300000000,33.3,138,17,23,Tuesday,7,138,LaGuardia Airport,Queens
1,2018-10-09 13:43:45,2018-10-09 14:11:37,0,9.1,1,N,1,29.5,0E-9,0.500000000,7.2,5.76,0.300000000,43.26,138,162,13,Tuesday,10,138,LaGuardia Airport,Queens
2,2018-06-19 14:00:41,2018-06-19 14:29:58,1,9.95,1,N,1,32.5,0E-9,0.500000000,9.76,5.76,0.300000000,48.82,138,234,14,Tuesday,6,138,LaGuardia Airport,Queens
2,2018-12-27 13:02:10,2018-12-27 13:40:44,1,9.04,1,N,1,33.5,0E-9,0.500000000,8.01,5.76,0.300000000,48.07,138,48,13,Thursday,12,138,LaGuardia Airport,Queens
1,2018-04-28 16:32:57,2018-04-28 17:13:08,2,10.0,1,N,1,32.5,0E-9,0.500000000,6.65,0.0,0.300000000,39.95,138,25,16,Saturday,4,138,LaGuardia Airport,Queens
2,2018-07-13 09:26:43,2018-07-13 10:02:43,1,9.48,1,N,1,31.5,0E-9,0.500000000,7.61,5.76,0.300000000,45.67,138,162,9,Friday,7,138,LaGuardia Airport,Queens
1,2018-03-12 23:11:44,2018-03-12 23:37:52,1,9.7,1,N,1,30.0,0.500000000,0.500000000,6.25,0.0,0.300000000,37.55,138,61,23,Monday,3,138,LaGuardia Airport,Queens
2,2018-03-22 10:05:40,2018-03-22 10:28:29,1,9.36,1,N,1,29.0,0E-9,0.500000000,8.89,5.76,0.300000000,44.45,138,164,10,Thursday,3,138,LaGuardia Airport,Queens
2,2018-03-22 15:23:43,2018-03-22 16:14:32,1,10.54,1,N,1,40.5,0E-9,0.500000000,9.41,5.76,0.300000000,56.47,138,237,15,Thursday,3,138,LaGuardia Airport,Queens
2,2018-03-22 11:26:37,2018-03-22 12:02:50,1,11.23,1,N,1,37.5,0E-9,0.500000000,8.77,5.54,0.300000000,52.61,138,161,11,Thursday,3,138,LaGuardia Airport,Queens
2,2018-02-18 08:57:54,2018-02-18 09:15:40,1,10.2,1,N,1,29.0,0E-9,0.500000000,5.0,5.76,0.300000000,40.56,138,243,8,Sunday,2,138,LaGuardia Airport,Queens
2,2018-06-28 23:33:11,2018-06-28 23:50:09,1,8.86,1,N,1,25.5,0.500000000,0.500000000,5.0,5.76,0.300000000,37.56,138,170,23,Thursday,6,138,LaGuardia Airport,Queens
2,2018-03-29 22:39:57,2018-03-29 23:04:09,1,9.43,1,N,1,29.0,0.500000000,0.500000000,5.0,5.76,0.300000000,41.06,138,238,22,Thursday,3,138,LaGuardia Airport,Queens
1,2018-03-21 00:03:44,2018-03-21 00:24:31,0,9.8,1,N,1,28.5,0.500000000,0.500000000,5.0,5.76,0.300000000,40.56,138,68,0,Wednesday,3,138,LaGuardia Airport,Queens
2,2018-08-15 00:36:40,2018-08-15 00:55:51,1,10.57,1,N,1,29.5,0.500000000,0.500000000,7.31,5.76,0.300000000,43.87,138,163,0,Wednesday,8,138,LaGuardia Airport,Queens
2,2018-11-12 16:29:48,2018-11-12 16:55:10,2,7.47,1,N,1,25.0,0E-9,0.500000000,6.31,5.76,0.300000000,37.87,138,233,16,Monday,11,138,LaGuardia Airport,Queens
1,2018-08-13 20:43:12,2018-08-13 21:02:33,1,8.8,1,N,1,26.5,0.500000000,0.500000000,6.7,5.76,0.300000000,40.26,138,186,20,Monday,8,138,LaGuardia Airport,Queens
1,2018-03-16 16:39:39,2018-03-16 18:05:56,1,15.6,1,N,1,56.0,1.000000000,0.500000000,11.55,0.0,0.300000000,69.35,138,89,16,Friday,3,138,LaGuardia Airport,Queens
1,2018-06-11 18:47:03,2018-06-11 19:04:07,1,6.8,1,N,1,22.0,1.000000000,0.500000000,4.0,5.76,0.300000000,33.56,138,42,18,Monday,6,138,LaGuardia Airport,Queens
2,2018-06-03 11:38:30,2018-06-03 12:16:18,1,11.98,1,N,1,36.0,0E-9,0.500000000,7.36,0.0,0.300000000,44.16,138,54,11,Sunday,6,138,LaGuardia Airport,Queens
2,2018-10-10 23:10:54,2018-10-10 23:39:47,1,8.66,1,N,1,29.0,0.500000000,0.500000000,4.0,5.76,0.300000000,40.06,138,238,23,Wednesday,10,138,LaGuardia Airport,Queens
2,2018-04-04 00:15:15,2018-04-04 00:46:19,5,12.33,1,N,1,36.5,0.500000000,0.500000000,5.0,5.76,0.300000000,48.56,138,142,0,Wednesday,4,138,LaGuardia Airport,Queens
2,2018-06-03 10:53:54,2018-06-03 11:19:11,5,10.92,1,N,1,32.5,0E-9,0.500000000,7.81,5.76,0.300000000,46.87,138,162,10,Sunday,6,138,LaGuardia Airport,Queens
2,2018-11-04 14:31:06,2018-11-05 14:09:45,1,8.61,1,N,1,32.0,0E-9,0.500000000,11.57,5.76,0.300000000,50.13,138,48,14,Sunday,11,138,LaGuardia Airport,Queens
2,2018-05-13 11:48:32,2018-05-13 12:24:55,5,11.67,1,N,1,37.0,0E-9,0.500000000,10.89,5.76,0.300000000,54.45,138,230,11,Sunday,5,138,LaGuardia Airport,Queens
2,2018-07-25 23:34:25,2018-07-25 23:58:02,6,10.4,1,N,1,30.0,0.500000000,0.500000000,7.41,5.76,0.300000000,44.47,138,163,23,Wednesday,7,138,LaGuardia Airport,Queens
2,2018-11-07 07:50:17,2018-11-07 08:21:38,4,8.04,1,N,1,28.0,0E-9,0.500000000,5.76,0.0,0.300000000,34.56,138,161,7,Wednesday,11,138,LaGuardia Airport,Queens
1,2018-08-06 17:12:48,2018-08-06 17:49:15,1,10.8,1,N,1,36.5,1.000000000,0.500000000,11.0,5.76,0.300000000,55.06,138,100,17,Monday,8,138,LaGuardia Airport,Queens
2,2018-03-16 12:17:19,2018-03-16 12:51:41,2,9.91,1,N,1,32.5,0E-9,0.500000000,7.81,5.76,0.300000000,46.87,138,141,12,Friday,3,138,LaGuardia Airport,Queens
2,2018-01-05 19:45:31,2018-01-05 20:14:15,5,12.94,1,N,1,37.0,1.000000000,0.500000000,7.76,0.0,0.300000000,46.56,138,225,19,Friday,1,138,LaGuardia Airport,Queens
2,2018-05-20 18:13:45,2018-05-20 18:50:50,1,13.33,1,N,1,40.5,0E-9,0.500000000,12.39,0.0,0.300000000,53.69,138,87,18,Sunday,5,138,LaGuardia Airport,Queens
2,2018-04-30 19:25:21,2018-04-30 20:11:50,1,10.4,1,N,1,40.0,1.000000000,0.500000000,10.45,0.0,0.300000000,52.25,138,97,19,Monday,4,138,LaGuardia Airport,Queens
2,2018-08-16 18:23:25,2018-08-16 19:03:27,2,8.57,1,N,1,33.5,1.000000000,0.500000000,8.21,5.76,0.300000000,49.27,138,230,18,Thursday,8,138,LaGuardia Airport,Queens
2,2018-02-14 13:58:34,2018-02-14 14:18:32,5,8.84,1,N,1,25.5,0E-9,0.500000000,4.0,5.76,0.300000000,36.06,138,263,13,Wednesday,2,138,LaGuardia Airport,Queens
1,2018-12-19 13:21:15,2018-12-19 14:04:20,1,17.9,1,N,1,52.5,0E-9,0.500000000,9.0,0.0,0.300000000,62.3,138,132,13,Wednesday,12,138,LaGuardia Airport,Queens
1,2018-04-16 23:53:17,2018-04-17 00:09:30,1,8.4,1,N,1,24.5,0.500000000,0.500000000,6.3,5.76,0.300000000,37.86,138,141,23,Monday,4,138,LaGuardia Airport,Queens
1,2018-12-10 08:02:54,2018-12-10 08:52:57,1,9.5,1,N,1,37.0,0E-9,0.500000000,13.05,5.76,0.300000000,56.61,138,230,8,Monday,12,138,LaGuardia Airport,Queens
2,2018-10-13 15:51:04,2018-10-13 16:18:13,1,9.07,1,N,1,28.5,0E-9,0.500000000,7.01,5.76,0.300000000,42.07,138,43,15,Saturday,10,138,LaGuardia Airport,Queens
2,2018-04-03 00:25:49,2018-04-03 00:46:40,1,9.08,1,N,1,27.5,0.500000000,0.500000000,6.91,5.76,0.300000000,41.47,138,142,0,Tuesday,4,138,LaGuardia Airport,Queens
1,2018-11-27 18:14:49,2018-11-27 19:02:25,1,10.0,1,N,1,38.0,1.000000000,0.500000000,9.1,5.76,0.300000000,54.66,138,48,18,Tuesday,11,138,LaGuardia Airport,Queens
1,2018-05-22 14:12:45,2018-05-22 14:59:16,3,17.1,1,N,1,51.0,0E-9,0.500000000,11.5,5.76,0.300000000,69.06,138,48,14,Tuesday,5,138,LaGuardia Airport,Queens
2,2018-05-14 08:50:26,2018-05-14 09:26:19,1,11.27,1,N,1,35.5,0E-9,0.500000000,8.41,5.76,0.300000000,50.47,138,233,8,Monday,5,138,LaGuardia Airport,Queens
2,2018-01-18 22:18:12,2018-01-18 22:38:03,6,8.6,1,N,1,26.0,0.500000000,0.500000000,6.61,5.76,0.300000000,39.67,138,100,22,Thursday,1,138,LaGuardia Airport,Queens
2,2018-03-05 11:08:39,2018-03-05 11:32:49,1,6.93,1,N,1,24.0,0E-9,0.500000000,4.0,5.76,0.300000000,34.56,138,166,11,Monday,3,138,LaGuardia Airport,Queens
2,2018-11-06 21:08:54,2018-11-06 21:28:26,1,8.55,1,N,1,26.0,0.500000000,0.500000000,5.46,0.0,0.300000000,32.76,138,193,21,Tuesday,11,138,LaGuardia Airport,Queens
2,2018-04-26 18:56:32,2018-04-26 19:41:10,1,10.44,1,N,1,36.5,1.000000000,0.500000000,7.66,0.0,0.300000000,45.96,138,25,18,Thursday,4,138,LaGuardia Airport,Queens
1,2018-03-27 07:56:31,2018-03-27 08:50:48,1,12.7,1,N,1,42.0,0E-9,0.500000000,6.42,0.0,0.300000000,49.22,138,87,7,Tuesday,3,138,LaGuardia Airport,Queens
1,2018-02-06 20:33:39,2018-02-06 20:50:19,1,10.4,1,N,1,29.0,0.500000000,0.500000000,10.8,5.76,0.300000000,46.86,138,229,20,Tuesday,2,138,LaGuardia Airport,Queens
1,2018-09-23 19:25:44,2018-09-23 20:09:15,3,13.2,1,N,1,42.5,0E-9,0.500000000,8.65,0.0,0.300000000,51.95,138,88,19,Sunday,9,138,LaGuardia Airport,Queens
2,2018-10-14 21:13:45,2018-10-14 21:31:25,3,8.96,1,N,1,25.5,0.500000000,0.500000000,6.51,5.76,0.300000000,39.07,138,236,21,Sunday,10,138,LaGuardia Airport,Queens
1,2018-04-04 22:40:56,2018-04-04 23:15:08,2,10.6,1,N,1,34.5,0.500000000,0.500000000,8.31,5.76,0.300000000,49.87,138,142,22,Wednesday,4,138,LaGuardia Airport,Queens
2,2018-02-26 15:36:43,2018-02-26 15:55:14,1,7.18,1,N,1,22.5,0E-9,0.500000000,4.66,0.0,0.300000000,27.96,138,256,15,Monday,2,138,LaGuardia Airport,Queens
2,2018-02-19 13:19:32,2018-02-19 13:49:14,5,9.87,1,N,2,33.0,0E-9,0.500000000,0.0,5.76,0.300000000,39.56,138,163,13,Monday,2,138,LaGuardia Airport,Queens
2,2018-05-04 17:03:04,2018-05-04 17:25:32,5,6.68,1,N,1,21.5,1.000000000,0.500000000,4.66,0.0,0.300000000,27.96,138,145,17,Friday,5,138,LaGuardia Airport,Queens
2,2018-03-28 12:37:22,2018-03-28 13:17:19,1,8.16,1,N,1,33.5,0E-9,0.500000000,10.02,5.76,0.300000000,50.08,138,100,12,Wednesday,3,138,LaGuardia Airport,Queens
2,2018-10-18 18:20:08,2018-10-18 19:02:50,1,9.23,1,N,1,35.0,1.000000000,0.500000000,8.51,5.76,0.300000000,51.07,138,234,18,Thursday,10,138,LaGuardia Airport,Queens
2,2018-07-08 16:18:51,2018-07-08 16:41:57,1,7.81,1,N,1,24.0,0E-9,0.500000000,6.11,5.76,0.300000000,36.67,138,233,16,Sunday,7,138,LaGuardia Airport,Queens
1,2018-03-06 23:02:14,2018-03-06 23:22:36,1,9.4,1,N,1,27.5,0.500000000,0.500000000,6.9,5.76,0.300000000,41.46,138,79,23,Tuesday,3,138,LaGuardia Airport,Queens
2,2018-07-09 14:58:58,2018-07-09 15:20:38,1,9.21,1,N,1,27.0,0E-9,0.500000000,5.03,5.76,0.300000000,38.59,138,226,14,Monday,7,138,LaGuardia Airport,Queens
2,2018-11-09 08:20:20,2018-11-09 09:03:01,1,10.36,1,N,1,34.5,0E-9,0.500000000,8.21,5.76,0.300000000,49.27,138,142,8,Friday,11,138,LaGuardia Airport,Queens
1,2018-05-18 09:47:20,2018-05-18 10:26:34,4,9.7,1,N,2,34.5,0E-9,0.500000000,0.0,5.76,0.300000000,41.06,138,161,9,Friday,5,138,LaGuardia Airport,Queens
2,2018-12-13 20:07:49,2018-12-13 20:48:07,3,9.18,1,N,1,35.0,0.500000000,0.500000000,10.52,5.76,0.300000000,52.58,138,68,20,Thursday,12,138,LaGuardia Airport,Queens
2,2018-12-02 14:45:21,2018-12-02 15:12:46,6,10.19,1,N,1,30.0,0E-9,0.500000000,7.31,5.76,0.300000000,43.87,138,229,14,Sunday,12,138,LaGuardia Airport,Queens
1,2018-09-27 10:29:54,2018-09-27 11:12:10,1,9.6,1,N,1,34.0,0E-9,0.500000000,8.1,5.76,0.300000000,48.66,138,68,10,Thursday,9,138,LaGuardia Airport,Queens
1,2018-03-19 23:01:16,2018-03-19 23:14:33,2,7.6,1,N,1,22.5,0.500000000,0.500000000,5.9,5.76,0.300000000,35.46,138,263,23,Monday,3,138,LaGuardia Airport,Queens
2,2018-07-31 11:11:26,2018-07-31 12:00:25,1,13.4,1,N,1,45.0,0E-9,0.500000000,15.47,5.76,0.300000000,67.03,138,261,11,Tuesday,7,138,LaGuardia Airport,Queens
1,2018-12-13 12:50:37,2018-12-13 13:32:44,1,15.9,1,N,1,45.0,0E-9,0.500000000,12.85,5.76,0.300000000,64.41,138,13,12,Thursday,12,138,LaGuardia Airport,Queens
2,2018-06-08 19:01:57,2018-06-08 19:27:17,1,9.33,1,N,1,29.5,1.000000000,0.500000000,7.41,5.76,0.300000000,44.47,138,162,19,Friday,6,138,LaGuardia Airport,Queens
2,2018-05-29 19:38:32,2018-05-29 20:08:11,1,10.19,1,N,1,32.5,1.000000000,0.500000000,8.01,5.76,0.300000000,48.07,138,68,19,Tuesday,5,138,LaGuardia Airport,Queens
1,2018-03-11 21:05:35,2018-03-11 21:39:36,1,15.5,1,N,1,43.5,0.500000000,0.500000000,7.0,5.76,0.300000000,57.56,138,100,21,Sunday,3,138,LaGuardia Airport,Queens
1,2018-12-01 18:47:38,2018-12-01 19:11:12,1,7.9,1,N,1,25.0,0E-9,0.500000000,6.45,0.0,0.300000000,32.25,138,255,18,Saturday,12,138,LaGuardia Airport,Queens
2,2018-12-12 09:57:54,2018-12-12 10:55:11,1,8.15,1,N,1,39.0,0E-9,0.500000000,7.96,0.0,0.300000000,47.76,138,230,9,Wednesday,12,138,LaGuardia Airport,Queens
2,2018-02-10 11:25:32,2018-02-10 11:53:05,1,12.15,1,N,1,36.0,0E-9,0.500000000,12.77,5.76,0.300000000,55.33,138,68,11,Saturday,2,138,LaGuardia Airport,Queens
2,2018-04-18 15:51:11,2018-04-18 16:41:33,1,9.51,1,N,1,35.5,0E-9,0.500000000,4.0,5.76,0.300000000,46.06,138,148,15,Wednesday,4,138,LaGuardia Airport,Queens
2,2018-03-20 13:45:54,2018-03-20 14:13:13,1,11.89,1,N,1,33.0,0E-9,0.500000000,6.76,0.0,0.300000000,40.56,138,132,13,Tuesday,3,138,LaGuardia Airport,Queens
2,2018-02-20 19:12:40,2018-02-20 19:52:57,1,12.59,1,N,1,41.0,1.000000000,0.500000000,8.56,0.0,0.300000000,51.36,138,90,19,Tuesday,2,138,LaGuardia Airport,Queens
1,2018-11-01 11:46:52,2018-11-01 12:19:51,1,8.8,1,N,1,30.0,0E-9,0.500000000,7.3,5.75,0.300000000,43.85,138,170,11,Thursday,11,138,LaGuardia Airport,Queens
2,2018-12-22 16:41:45,2018-12-22 17:12:24,1,11.78,1,N,1,33.5,0E-9,0.500000000,6.86,0.0,0.300000000,41.16,138,191,16,Saturday,12,138,LaGuardia Airport,Queens
2,2018-09-29 12:05:33,2018-09-29 12:33:34,2,10.52,1,N,1,31.5,0E-9,0.500000000,5.5,0.0,0.300000000,37.8,138,181,12,Saturday,9,138,LaGuardia Airport,Queens
2,2018-02-21 20:48:10,2018-02-21 21:18:01,1,12.29,1,N,1,36.5,0.500000000,0.500000000,13.07,5.76,0.300000000,56.63,138,164,20,Wednesday,2,138,LaGuardia Airport,Queens
2,2018-08-13 23:31:12,2018-08-13 23:52:45,1,9.12,1,N,1,27.0,0.500000000,0.500000000,5.66,0.0,0.300000000,33.96,138,37,23,Monday,8,138,LaGuardia Airport,Queens
2,2018-08-14 11:59:16,2018-08-14 12:33:32,6,9.72,1,N,1,31.0,0E-9,0.500000000,5.63,5.76,0.300000000,43.19,138,141,11,Tuesday,8,138,LaGuardia Airport,Queens
1,2018-03-12 17:37:00,2018-03-12 18:14:03,1,10.3,1,Y,1,34.5,1.000000000,0.500000000,8.4,5.76,0.300000000,50.46,138,161,17,Monday,3,138,LaGuardia Airport,Queens
2,2018-09-04 20:49:27,2018-09-04 21:03:49,3,8.64,1,N,1,24.5,0.500000000,0.500000000,4.5,5.76,0.300000000,36.06,138,236,20,Tuesday,9,138,LaGuardia Airport,Queens
2,2018-03-20 14:44:26,2018-03-20 15:26:53,2,13.52,1,N,1,44.5,0E-9,0.500000000,10.21,5.76,0.300000000,61.27,138,239,14,Tuesday,3,138,LaGuardia Airport,Queens
2,2018-07-31 18:41:27,2018-07-31 19:08:37,1,10.04,1,N,1,30.5,1.000000000,0.500000000,7.61,5.76,0.300000000,45.67,138,162,18,Tuesday,7,138,LaGuardia Airport,Queens
2,2018-07-19 12:29:45,2018-07-19 12:59:03,1,10.03,1,N,1,30.0,0E-9,0.500000000,7.31,5.76,0.300000000,43.87,138,141,12,Thursday,7,138,LaGuardia Airport,Queens
2,2018-10-23 19:41:42,2018-10-23 20:01:23,5,10.09,1,N,1,28.5,1.000000000,0.500000000,7.21,5.76,0.300000000,43.27,138,162,19,Tuesday,10,138,LaGuardia Airport,Queens
2,2018-03-29 19:54:18,2018-03-29 20:20:59,1,9.5,1,N,1,29.5,1.000000000,0.500000000,9.26,5.76,0.300000000,46.32,138,113,19,Thursday,3,138,LaGuardia Airport,Queens
2,2018-06-11 19:01:51,2018-06-11 19:23:14,2,8.67,1,N,1,26.5,1.000000000,0.500000000,6.81,5.76,0.300000000,40.87,138,161,19,Monday,6,138,LaGuardia Airport,Queens
2,2018-09-05 21:24:27,2018-09-05 21:50:56,1,9.83,1,N,1,30.5,0.500000000,0.500000000,7.51,5.76,0.300000000,45.07,138,68,21,Wednesday,9,138,LaGuardia Airport,Queens
2,2018-07-14 00:13:35,2018-07-14 00:33:16,1,11.01,1,N,1,30.5,0.500000000,0.500000000,7.51,5.76,0.300000000,45.07,138,233,0,Saturday,7,138,LaGuardia Airport,Queens
2,2018-06-12 14:23:48,2018-06-12 14:55:38,1,10.93,1,N,1,33.5,0E-9,0.500000000,6.0,5.76,0.300000000,46.06,138,229,14,Tuesday,6,138,LaGuardia Airport,Queens
2,2018-05-18 12:31:00,2018-05-18 13:13:10,1,11.34,1,N,1,40.5,0E-9,0.500000000,9.41,5.76,0.300000000,56.47,138,142,12,Friday,5,138,LaGuardia Airport,Queens
2,2018-03-30 14:56:09,2018-03-30 15:18:57,1,8.82,1,N,1,27.0,0E-9,0.500000000,8.39,5.76,0.300000000,41.95,138,164,14,Friday,3,138,LaGuardia Airport,Queens
2,2018-04-27 16:57:38,2018-04-27 17:52:40,1,10.39,1,N,1,36.5,1.000000000,0.500000000,6.0,5.76,0.300000000,50.06,138,161,16,Friday,4,138,LaGuardia Airport,Queens
2,2018-11-12 12:08:22,2018-11-12 12:25:45,2,7.38,1,N,1,22.5,0E-9,0.500000000,4.66,0.0,0.300000000,27.96,138,98,12,Monday,11,138,LaGuardia Airport,Queens
2,2018-09-29 23:55:25,2018-09-30 00:22:25,1,9.06,1,N,1,29.0,0.500000000,0.500000000,7.21,5.76,0.300000000,43.27,138,48,23,Saturday,9,138,LaGuardia Airport,Queens
1,2018-01-14 11:26:25,2018-01-14 11:57:20,2,12.0,1,N,1,36.5,0E-9,0.500000000,8.6,5.76,0.300000000,51.66,138,50,11,Sunday,1,138,LaGuardia Airport,Queens
1,2018-11-14 18:22:59,2018-11-14 18:43:34,2,6.4,1,N,1,21.5,1.000000000,0.500000000,3.94,5.76,0.300000000,33.0,138,74,18,Wednesday,11,138,LaGuardia Airport,Queens
2,2018-07-23 08:53:55,2018-07-23 09:44:19,2,11.71,1,N,1,41.5,0E-9,0.500000000,12.02,5.76,0.300000000,60.08,138,186,8,Monday,7,138,LaGuardia Airport,Queens
2,2018-01-01 12:08:41,2018-01-01 12:33:34,1,11.07,1,N,1,33.0,0E-9,0.500000000,7.91,5.76,0.300000000,47.47,138,142,12,Monday,1,138,LaGuardia Airport,Queens
1,2018-07-26 22:00:51,2018-07-26 22:22:59,1,9.9,1,N,1,28.5,0.500000000,0.500000000,7.45,0.0,0.300000000,37.25,138,17,22,Thursday,7,138,LaGuardia Airport,Queens
2,2018-11-16 08:45:07,2018-11-16 09:31:12,1,9.02,1,N,1,35.0,0E-9,0.500000000,8.31,5.76,0.300000000,49.87,138,107,8,Friday,11,138,LaGuardia Airport,Queens
2,2018-09-17 17:41:04,2018-09-17 18:22:59,1,11.24,1,N,1,36.0,1.000000000,0.500000000,7.56,0.0,0.300000000,45.36,138,36,17,Monday,9,138,LaGuardia Airport,Queens
1,2018-02-28 21:53:49,2018-02-28 22:16:27,1,9.2,1,N,1,27.5,0.500000000,0.500000000,6.91,5.76,0.300000000,41.47,138,79,21,Wednesday,2,138,LaGuardia Airport,Queens
2,2018-10-25 18:07:18,2018-10-25 19:31:49,2,13.74,1,N,1,56.5,1.000000000,0.500000000,8.0,0.0,0.300000000,66.3,138,181,18,Thursday,10,138,LaGuardia Airport,Queens
2,2018-10-23 22:54:12,2018-10-23 23:16:32,5,10.64,1,N,1,30.5,0.500000000,0.500000000,6.36,0.0,0.300000000,38.16,138,114,22,Tuesday,10,138,LaGuardia Airport,Queens
1,2018-05-12 22:08:57,2018-05-12 22:41:57,1,9.8,1,N,1,32.0,0.500000000,0.500000000,9.75,5.76,0.300000000,48.81,138,48,22,Saturday,5,138,LaGuardia Airport,Queens
2,2018-06-21 08:48:10,2018-06-21 09:33:41,1,8.69,1,N,1,30.5,0E-9,0.500000000,7.41,5.76,0.300000000,44.47,138,263,8,Thursday,6,138,LaGuardia Airport,Queens
1,2018-04-23 13:33:51,2018-04-23 13:52:13,1,9.6,1,N,1,27.5,0E-9,0.500000000,5.66,0.0,0.300000000,33.96,138,65,13,Monday,4,138,LaGuardia Airport,Queens
2,2018-03-30 20:47:14,2018-03-30 21:05:24,1,10.6,1,N,1,29.5,0.500000000,0.500000000,6.16,0.0,0.300000000,36.96,138,66,20,Friday,3,138,LaGuardia Airport,Queens
2,2018-07-04 17:44:42,2018-07-04 18:07:30,1,7.66,1,N,1,25.0,0E-9,0.500000000,5.16,0.0,0.300000000,30.96,138,256,17,Wednesday,7,138,LaGuardia Airport,Queens
2,2018-01-28 12:32:00,2018-01-28 12:47:26,1,7.66,1,N,1,22.5,0E-9,0.500000000,5.81,5.76,0.300000000,34.87,138,247,12,Sunday,1,138,LaGuardia Airport,Queens
1,2018-09-11 18:11:51,2018-09-11 18:30:39,1,8.8,1,N,1,26.0,1.000000000,0.500000000,5.55,0.0,0.300000000,33.35,138,97,18,Tuesday,9,138,LaGuardia Airport,Queens
2,2018-02-05 10:15:03,2018-02-05 10:41:29,1,7.94,1,N,1,26.5,0E-9,0.500000000,6.61,5.76,0.300000000,39.67,138,170,10,Monday,2,138,LaGuardia Airport,Queens
2,2018-04-15 19:01:36,2018-04-15 19:27:43,1,11.38,1,N,1,33.0,0E-9,0.500000000,5.07,0.0,0.300000000,38.87,138,209,19,Sunday,4,138,LaGuardia Airport,Queens
2,2018-03-26 10:44:07,2018-03-26 11:30:31,1,12.38,1,N,1,43.0,0E-9,0.500000000,8.0,5.76,0.300000000,57.56,138,48,10,Monday,3,138,LaGuardia Airport,Queens
1,2018-01-15 13:14:37,2018-01-15 13:31:48,1,8.6,1,N,1,25.0,0E-9,0.500000000,7.85,5.76,0.300000000,39.41,138,162,13,Monday,1,138,LaGuardia Airport,Queens
1,2018-01-28 21:28:01,2018-01-28 21:49:56,1,9.5,1,N,1,28.0,0.500000000,0.500000000,5.85,0.0,0.300000000,35.15,138,162,21,Sunday,1,138,LaGuardia Airport,Queens
2,2018-03-16 21:39:16,2018-03-16 22:07:34,1,9.04,1,N,1,29.0,0.500000000,0.500000000,3.61,5.76,0.300000000,39.67,138,237,21,Friday,3,138,LaGuardia Airport,Queens
2,2018-06-22 00:24:27,2018-06-22 00:54:16,2,10.88,1,N,1,33.5,0.500000000,0.500000000,8.11,5.76,0.300000000,48.67,138,143,0,Friday,6,138,LaGuardia Airport,Queens
2,2018-02-05 20:11:22,2018-02-05 20:29:18,1,8.95,1,N,1,26.0,0.500000000,0.500000000,8.26,5.76,0.300000000,41.32,138,186,20,Monday,2,138,LaGuardia Airport,Queens
1,2018-11-07 09:40:40,2018-11-07 10:23:55,1,9.9,1,N,1,35.0,0E-9,0.500000000,10.0,5.76,0.300000000,51.56,138,163,9,Wednesday,11,138,LaGuardia Airport,Queens
1,2018-10-03 22:03:07,2018-10-03 22:34:56,4,12.0,1,N,1,37.0,0.500000000,0.500000000,12.0,5.76,0.300000000,56.06,138,230,22,Wednesday,10,138,LaGuardia Airport,Queens
1,2018-04-30 18:57:40,2018-04-30 19:29:16,1,10.5,1,N,1,32.0,1.000000000,0.500000000,9.85,5.76,0.300000000,49.41,138,230,18,Monday,4,138,LaGuardia Airport,Queens
1,2018-06-03 12:31:34,2018-06-03 12:58:16,1,10.1,1,N,1,30.5,0E-9,0.500000000,7.4,5.76,0.300000000,44.46,138,161,12,Sunday,6,138,LaGuardia Airport,Queens
2,2018-11-28 17:13:48,2018-11-28 18:16:34,1,8.99,1,N,1,41.5,1.000000000,0.500000000,8.66,0.0,0.300000000,51.96,138,170,17,Wednesday,11,138,LaGuardia Airport,Queens
1,2018-05-15 16:50:39,2018-05-15 17:43:27,1,10.3,1,N,1,37.0,1.000000000,0.500000000,8.9,5.76,0.300000000,53.46,138,142,16,Tuesday,5,138,LaGuardia Airport,Queens
2,2018-10-10 17:13:33,2018-10-10 17:58:07,1,8.86,1,N,1,33.0,1.000000000,0.500000000,8.7,0.0,0.300000000,43.5,138,37,17,Wednesday,10,138,LaGuardia Airport,Queens
1,2018-08-08 11:00:47,2018-08-08 12:05:56,4,11.4,1,N,1,46.5,0E-9,0.500000000,13.25,5.76,0.300000000,66.31,138,230,11,Wednesday,8,138,LaGuardia Airport,Queens
1,2018-10-12 20:21:12,2018-10-12 20:50:01,1,8.7,1,N,1,31.0,0.500000000,0.500000000,4.0,5.76,0.300000000,42.06,138,170,20,Friday,10,138,LaGuardia Airport,Queens
1,2018-07-18 07:46:05,2018-07-18 08:32:57,1,13.8,1,N,1,43.5,0E-9,0.500000000,10.01,5.76,0.300000000,60.07,138,13,7,Wednesday,7,138,LaGuardia Airport,Queens
2,2018-05-03 14:43:23,2018-05-03 15:32:07,1,10.91,1,N,1,37.5,0E-9,0.500000000,8.81,5.76,0.300000000,52.87,138,43,14,Thursday,5,138,LaGuardia Airport,Queens
1,2018-03-16 16:41:06,2018-03-16 17:36:09,1,3.6,1,Y,1,33.0,1.000000000,0.500000000,6.95,0.0,0.300000000,41.75,146,143,16,Friday,3,146,Long Island City/Queens Plaza,Queens
2,2018-03-28 20:57:52,2018-03-28 21:16:15,1,8.1,1,N,1,24.0,0.500000000,0.500000000,6.21,5.76,0.300000000,37.27,138,233,20,Wednesday,3,138,LaGuardia Airport,Queens
1,2018-10-15 09:10:32,2018-10-15 10:00:49,2,11.5,1,N,1,40.0,0E-9,0.500000000,9.3,5.76,0.300000000,55.86,138,164,9,Monday,10,138,LaGuardia Airport,Queens
2,2018-08-17 15:55:42,2018-08-17 16:30:44,6,8.62,1,N,1,31.0,0E-9,0.500000000,6.0,5.76,0.300000000,43.56,138,186,15,Friday,8,138,LaGuardia Airport,Queens
2,2018-11-29 00:34:02,2018-11-29 01:12:33,2,12.27,1,N,1,40.5,0.500000000,0.500000000,9.51,5.76,0.300000000,57.07,138,186,0,Thursday,11,138,LaGuardia Airport,Queens
2,2018-09-04 15:08:31,2018-09-04 15:29:40,2,8.76,1,N,1,25.5,0E-9,0.500000000,6.41,5.76,0.300000000,38.47,138,262,15,Tuesday,9,138,LaGuardia Airport,Queens
1,2018-06-23 12:00:07,2018-06-23 12:25:55,1,11.8,1,N,1,35.0,0E-9,0.500000000,7.15,0.0,0.300000000,42.95,138,37,12,Saturday,6,138,LaGuardia Airport,Queens
2,2018-03-05 22:35:56,2018-03-05 22:52:17,2,8.72,1,N,1,25.0,0.500000000,0.500000000,8.02,5.76,0.300000000,40.08,138,233,22,Monday,3,138,LaGuardia Airport,Queens
2,2018-08-11 10:24:20,2018-08-11 11:00:00,1,10.92,1,N,2,34.5,0E-9,0.500000000,0.0,5.76,0.300000000,41.06,138,163,10,Saturday,8,138,LaGuardia Airport,Queens
1,2018-05-05 18:55:43,2018-05-05 20:05:35,1,10.2,1,N,1,49.5,0E-9,0.500000000,11.2,5.76,0.300000000,67.26,138,144,18,Saturday,5,138,LaGuardia Airport,Queens
1,2018-08-17 15:58:38,2018-08-17 16:22:56,2,7.6,1,N,1,24.5,1.000000000,0.500000000,5.25,0.0,0.300000000,31.55,138,255,15,Friday,8,138,LaGuardia Airport,Queens
2,2018-07-19 09:30:32,2018-07-19 10:44:12,6,12.32,1,N,2,49.5,0E-9,0.500000000,0.0,5.76,0.300000000,56.06,138,68,9,Thursday,7,138,LaGuardia Airport,Queens
2,2018-12-14 10:02:12,2018-12-14 10:42:50,1,10.85,1,N,2,36.5,0E-9,0.500000000,0.0,5.76,0.300000000,43.06,138,161,10,Friday,12,138,LaGuardia Airport,Queens
1,2018-09-13 20:00:21,2018-09-13 20:21:49,2,10.1,1,Y,1,29.5,0.500000000,0.500000000,5.44,5.76,0.300000000,42.0,138,244,20,Thursday,9,138,LaGuardia Airport,Queens
2,2018-03-04 16:01:49,2018-03-04 17:15:54,1,8.88,1,N,1,49.5,0E-9,0.500000000,11.21,5.76,0.300000000,67.27,138,48,16,Sunday,3,138,LaGuardia Airport,Queens
2,2018-08-20 14:51:36,2018-08-20 15:19:10,6,9.99,1,N,1,31.0,0E-9,0.500000000,7.51,5.76,0.300000000,45.07,138,237,14,Monday,8,138,LaGuardia Airport,Queens
2,2018-05-04 00:22:29,2018-05-04 00:48:00,1,10.63,1,N,1,32.0,0.500000000,0.500000000,4.0,5.76,0.300000000,43.06,138,143,0,Friday,5,138,LaGuardia Airport,Queens
2,2018-03-28 16:56:41,2018-03-28 17:35:13,1,8.41,1,N,1,30.0,1.000000000,0.500000000,7.51,5.76,0.300000000,45.07,138,162,16,Wednesday,3,138,LaGuardia Airport,Queens
1,2018-10-31 14:58:56,2018-10-31 15:29:43,1,10.5,1,N,2,32.5,0E-9,0.500000000,0.0,5.76,0.300000000,39.06,138,230,14,Wednesday,10,138,LaGuardia Airport,Queens
2,2018-06-07 12:11:20,2018-06-07 12:42:45,1,8.82,1,N,1,29.0,0E-9,0.500000000,3.2,5.76,0.300000000,38.76,138,141,12,Thursday,6,138,LaGuardia Airport,Queens
2,2018-09-26 12:12:32,2018-09-26 12:46:07,5,8.94,1,N,1,31.5,0E-9,0.500000000,6.46,0.0,0.300000000,38.76,138,148,12,Wednesday,9,138,LaGuardia Airport,Queens
2,2018-01-19 14:39:16,2018-01-19 15:18:03,1,11.34,1,N,1,34.5,0E-9,0.500000000,7.06,0.0,0.300000000,42.36,138,52,14,Friday,1,138,LaGuardia Airport,Queens
2,2018-10-17 22:21:02,2018-10-17 22:58:09,6,9.82,1,N,1,35.5,0.500000000,0.500000000,10.64,5.76,0.300000000,53.2,138,48,22,Wednesday,10,138,LaGuardia Airport,Queens
2,2018-06-07 15:48:42,2018-06-07 16:24:41,2,9.19,1,N,2,29.5,0E-9,0.500000000,0.0,5.76,0.300000000,36.06,138,107,15,Thursday,6,138,LaGuardia Airport,Queens
2,2018-10-29 11:36:35,2018-10-29 12:22:36,1,10.13,1,N,1,39.5,0E-9,0.500000000,8.06,0.0,0.300000000,48.36,138,125,11,Monday,10,138,LaGuardia Airport,Queens
2,2018-04-18 07:49:53,2018-04-18 08:45:02,1,13.32,1,N,2,46.0,0E-9,0.500000000,0.0,5.76,0.300000000,52.56,138,230,7,Wednesday,4,138,LaGuardia Airport,Queens
1,2018-03-08 10:11:55,2018-03-08 10:40:24,1,8.4,1,N,1,29.0,0E-9,0.500000000,6.0,5.76,0.300000000,41.56,138,236,10,Thursday,3,138,LaGuardia Airport,Queens
1,2018-06-28 10:42:00,2018-06-28 11:30:28,0,8.8,1,N,1,36.0,0E-9,0.500000000,6.38,5.76,0.300000000,48.94,138,264,10,Thursday,6,138,LaGuardia Airport,Queens
2,2018-03-20 14:19:20,2018-03-20 14:57:06,1,17.7,4,N,1,62.5,0E-9,0.500000000,10.0,0.0,0.300000000,73.3,138,265,14,Tuesday,3,138,LaGuardia Airport,Queens
2,2018-12-13 16:53:20,2018-12-13 17:26:38,1,7.86,1,N,1,27.0,1.000000000,0.500000000,6.91,5.76,0.300000000,41.47,138,42,16,Thursday,12,138,LaGuardia Airport,Queens
1,2018-02-18 23:36:54,2018-02-18 23:57:03,1,10.7,1,N,1,30.5,0.500000000,0.500000000,7.5,5.76,0.300000000,45.06,138,127,23,Sunday,2,138,LaGuardia Airport,Queens
2,2018-12-27 11:14:13,2018-12-27 11:50:50,6,13.46,1,N,1,41.0,0E-9,0.500000000,0.0,5.76,0.300000000,47.56,138,144,11,Thursday,12,138,LaGuardia Airport,Queens
1,2018-12-11 18:48:36,2018-12-11 19:19:40,1,8.7,1,N,1,30.5,1.000000000,0.500000000,11.4,5.76,0.300000000,49.46,138,164,18,Tuesday,12,138,LaGuardia Airport,Queens
2,2018-12-26 12:30:33,2018-12-26 12:45:34,1,10.97,1,N,2,30.0,0.500000000,0.500000000,0.0,0.0,0.300000000,31.3,138,33,12,Wednesday,12,138,LaGuardia Airport,Queens
2,2018-04-17 16:59:28,2018-04-17 17:44:38,1,10.24,1,N,1,36.5,1.000000000,0.500000000,4.0,0.0,0.300000000,42.3,138,79,16,Tuesday,4,138,LaGuardia Airport,Queens
2,2018-05-08 00:03:44,2018-05-08 00:25:22,1,9.11,1,N,1,27.5,0.500000000,0.500000000,6.91,5.76,0.300000000,41.47,138,161,0,Tuesday,5,138,LaGuardia Airport,Queens
1,2018-08-12 17:42:24,2018-08-12 18:13:41,1,9.0,1,N,1,29.0,0E-9,0.500000000,7.1,5.76,0.300000000,42.66,138,239,17,Sunday,8,138,LaGuardia Airport,Queens
1,2018-06-18 07:49:35,2018-06-18 08:36:45,1,9.5,1,N,1,35.5,0E-9,0.500000000,8.4,5.76,0.300000000,50.46,138,238,7,Monday,6,138,LaGuardia Airport,Queens
2,2018-03-01 09:44:22,2018-03-01 10:22:46,2,9.64,1,N,1,32.5,0E-9,0.500000000,7.81,5.76,0.300000000,46.87,138,162,9,Thursday,3,138,LaGuardia Airport,Queens
2,2018-12-13 13:28:52,2018-12-13 14:00:15,1,10.65,1,N,1,31.5,0E-9,0.500000000,7.61,5.76,0.300000000,45.67,138,229,13,Thursday,12,138,LaGuardia Airport,Queens
1,2018-06-11 12:16:30,2018-06-11 12:55:55,1,10.6,1,N,1,36.0,0E-9,0.500000000,8.5,5.76,0.300000000,51.06,138,142,12,Monday,6,138,LaGuardia Airport,Queens
2,2018-12-05 15:14:24,2018-12-05 15:43:00,1,7.94,1,N,1,27.0,0E-9,0.500000000,6.71,5.76,0.300000000,40.27,138,116,15,Wednesday,12,138,LaGuardia Airport,Queens
1,2018-05-07 21:02:56,2018-05-07 21:39:12,1,11.5,1,N,1,36.0,0.500000000,0.500000000,7.45,0.0,0.300000000,44.75,138,239,21,Monday,5,138,LaGuardia Airport,Queens
2,2018-01-25 11:26:51,2018-01-25 12:24:42,1,12.38,1,N,1,46.0,0E-9,0.500000000,10.51,5.76,0.300000000,63.07,138,48,11,Thursday,1,138,LaGuardia Airport,Queens
1,2018-03-01 22:28:46,2018-03-01 22:48:53,1,7.7,1,N,1,24.5,0.500000000,0.500000000,7.85,5.76,0.300000000,39.41,138,262,22,Thursday,3,138,LaGuardia Airport,Queens
2,2018-04-23 00:08:14,2018-04-23 00:22:41,2,8.6,1,N,1,24.0,0.500000000,0.500000000,7.76,5.76,0.300000000,38.82,138,229,0,Monday,4,138,LaGuardia Airport,Queens
1,2018-08-24 22:38:18,2018-08-24 23:03:03,4,10.2,1,N,1,31.0,0.500000000,0.500000000,6.45,0.0,0.300000000,38.75,138,224,22,Friday,8,138,LaGuardia Airport,Queens
1,2018-03-23 13:56:53,2018-03-23 14:47:52,1,10.2,1,N,1,39.0,0E-9,0.500000000,7.29,5.76,0.300000000,52.85,138,163,13,Friday,3,138,LaGuardia Airport,Queens
2,2018-05-31 22:44:28,2018-05-31 23:06:50,2,10.39,1,N,1,30.5,0.500000000,0.500000000,6.36,0.0,0.300000000,38.16,138,211,22,Thursday,5,138,LaGuardia Airport,Queens
4,2018-11-25 19:20:59,2018-11-25 19:49:14,1,16.07,1,N,1,44.0,0E-9,0.500000000,12.64,5.76,0.300000000,63.2,138,48,19,Sunday,11,138,LaGuardia Airport,Queens
4,2018-12-04 19:01:06,2018-12-04 19:33:52,1,9.73,1,N,1,31.5,1.000000000,0.500000000,6.66,0.0,0.300000000,39.96,138,65,19,Tuesday,12,138,LaGuardia Airport,Queens
2,2018-03-14 10:31:23,2018-03-14 11:14:57,1,11.88,1,N,1,37.5,0E-9,0.500000000,7.66,0.0,0.300000000,45.96,138,261,10,Wednesday,3,138,LaGuardia Airport,Queens
2,2018-07-25 09:48:56,2018-07-25 10:54:28,1,11.17,1,N,1,42.5,0E-9,0.500000000,9.81,5.76,0.300000000,58.87,138,164,9,Wednesday,7,138,LaGuardia Airport,Queens
2,2018-07-01 21:43:49,2018-07-01 22:04:49,1,8.05,1,N,1,25.0,0.500000000,0.500000000,5.26,0.0,0.300000000,31.56,138,193,21,Sunday,7,138,LaGuardia Airport,Queens
1,2018-07-13 12:50:04,2018-07-13 13:11:18,1,7.6,1,N,1,24.0,0E-9,0.500000000,4.95,0.0,0.300000000,29.75,138,37,12,Friday,7,138,LaGuardia Airport,Queens
2,2018-04-13 22:53:47,2018-04-13 23:32:14,1,12.66,1,N,1,39.5,0.500000000,0.500000000,6.12,0.0,0.300000000,46.92,138,87,22,Friday,4,138,LaGuardia Airport,Queens
1,2018-05-31 09:45:11,2018-05-31 10:29:15,1,11.0,1,N,1,36.5,0E-9,0.500000000,8.6,5.76,0.300000000,51.66,138,142,9,Thursday,5,138,LaGuardia Airport,Queens
2,2018-04-30 15:07:08,2018-04-30 15:42:08,1,9.72,1,N,1,32.5,0E-9,0.500000000,7.0,5.76,0.300000000,46.06,138,161,15,Monday,4,138,LaGuardia Airport,Queens
2,2018-06-13 11:03:18,2018-06-13 11:44:21,5,9.66,1,N,1,35.5,0E-9,0.500000000,10.52,5.76,0.300000000,52.58,138,161,11,Wednesday,6,138,LaGuardia Airport,Queens
1,2018-11-24 09:48:45,2018-11-24 10:07:49,2,9.8,1,N,1,29.0,0E-9,0.500000000,7.1,5.76,0.300000000,42.66,138,161,9,Saturday,11,138,LaGuardia Airport,Queens
2,2018-11-14 15:01:06,2018-11-14 15:57:52,2,12.02,1,N,1,41.0,0E-9,0.500000000,8.36,0.0,0.300000000,50.16,138,52,15,Wednesday,11,138,LaGuardia Airport,Queens
2,2018-03-02 09:37:54,2018-03-02 10:21:06,5,12.39,1,N,1,42.0,0E-9,0.500000000,12.14,5.76,0.300000000,60.7,138,230,9,Friday,3,138,LaGuardia Airport,Queens
2,2018-05-12 13:09:39,2018-05-12 13:28:34,1,7.54,1,N,1,23.0,0E-9,0.500000000,7.14,0.0,0.300000000,30.94,138,255,13,Saturday,5,138,LaGuardia Airport,Queens
1,2018-01-25 21:09:17,2018-01-25 21:29:48,1,7.0,1,N,1,22.0,0.500000000,0.500000000,4.65,0.0,0.300000000,27.95,138,145,21,Thursday,1,138,LaGuardia Airport,Queens
1,2018-06-03 19:08:17,2018-06-03 19:30:15,1,9.5,1,N,1,28.5,0E-9,0.500000000,7.0,5.76,0.300000000,42.06,138,100,19,Sunday,6,138,LaGuardia Airport,Queens
2,2018-11-25 17:18:27,2018-11-25 17:51:58,5,8.63,1,N,1,29.5,0E-9,0.500000000,0.08,5.76,0.300000000,36.14,138,230,17,Sunday,11,138,LaGuardia Airport,Queens
1,2018-03-16 21:25:39,2018-03-16 21:55:53,1,12.9,1,N,1,37.5,0.500000000,0.500000000,7.6,0.0,0.300000000,46.4,138,231,21,Friday,3,138,LaGuardia Airport,Queens
1,2018-01-16 11:41:24,2018-01-16 12:29:25,1,13.5,1,N,1,44.0,0E-9,0.500000000,10.1,5.76,0.300000000,60.66,138,68,11,Tuesday,1,138,LaGuardia Airport,Queens
2,2018-03-16 11:26:55,2018-03-16 12:05:26,2,11.18,1,N,1,36.0,0E-9,0.500000000,7.36,0.0,0.300000000,44.16,138,189,11,Friday,3,138,LaGuardia Airport,Queens
2,2018-03-26 15:58:23,2018-03-26 16:53:41,1,8.46,1,N,1,38.0,1.000000000,0.500000000,7.96,0.0,0.300000000,47.76,138,230,15,Monday,3,138,LaGuardia Airport,Queens
1,2018-04-13 15:05:38,2018-04-13 15:28:10,2,5.7,1,N,1,21.5,0E-9,0.500000000,6.0,5.76,0.300000000,34.06,138,74,15,Friday,4,138,LaGuardia Airport,Queens
1,2018-05-20 22:59:17,2018-05-20 23:22:15,1,7.4,1,N,1,24.0,0.500000000,0.500000000,5.05,0.0,0.300000000,30.35,138,142,22,Sunday,5,138,LaGuardia Airport,Queens
2,2018-07-29 16:14:33,2018-07-29 16:39:22,1,9.18,1,N,1,27.5,0E-9,0.500000000,6.81,5.76,0.300000000,40.87,138,229,16,Sunday,7,138,LaGuardia Airport,Queens
2,2018-06-15 16:53:21,2018-06-15 17:38:32,3,9.71,1,N,1,35.5,1.000000000,0.500000000,8.61,5.76,0.300000000,51.67,138,68,16,Friday,6,138,LaGuardia Airport,Queens
2,2018-07-16 14:31:00,2018-07-16 14:52:48,1,8.54,1,N,1,25.5,0E-9,0.500000000,6.0,5.76,0.300000000,38.06,138,141,14,Monday,7,138,LaGuardia Airport,Queens
2,2018-05-01 17:20:21,2018-05-01 18:01:21,5,10.15,1,N,1,34.5,1.000000000,0.500000000,7.26,0.0,0.300000000,43.56,138,65,17,Tuesday,5,138,LaGuardia Airport,Queens
1,2018-11-04 23:38:39,2018-11-04 23:54:47,1,9.0,1,N,1,25.5,0.500000000,0.500000000,9.75,5.76,0.300000000,42.31,138,162,23,Sunday,11,138,LaGuardia Airport,Queens
2,2018-11-28 22:44:30,2018-11-28 23:16:57,1,11.79,1,N,1,36.5,0.500000000,0.500000000,10.89,5.76,0.300000000,54.45,138,143,22,Wednesday,11,138,LaGuardia Airport,Queens
2,2018-05-23 19:00:41,2018-05-23 19:33:35,2,9.15,1,N,1,31.5,1.000000000,0.500000000,6.66,0.0,0.300000000,39.96,138,148,19,Wednesday,5,138,LaGuardia Airport,Queens
2,2018-01-07 14:30:22,2018-01-07 15:12:49,1,28.23,4,N,1,116.0,0E-9,0.500000000,15.0,5.76,0.300000000,137.56,138,265,14,Sunday,1,138,LaGuardia Airport,Queens
2,2018-03-27 17:54:14,2018-03-27 18:32:11,1,9.91,1,N,1,32.0,1.000000000,0.500000000,6.76,0.0,0.300000000,40.56,138,102,17,Tuesday,3,138,LaGuardia Airport,Queens
2,2018-05-22 22:03:54,2018-05-22 22:26:03,1,11.1,1,N,1,32.5,0.500000000,0.500000000,11.87,5.76,0.300000000,51.43,138,243,22,Tuesday,5,138,LaGuardia Airport,Queens
1,2018-09-26 10:23:42,2018-09-26 11:29:28,1,8.6,1,N,1,43.0,0E-9,0.500000000,9.9,5.76,0.300000000,59.46,138,161,10,Wednesday,9,138,LaGuardia Airport,Queens
1,2018-01-31 19:30:38,2018-01-31 20:02:56,1,13.5,1,N,2,39.5,1.000000000,0.500000000,0.0,0.0,0.300000000,41.3,138,62,19,Wednesday,1,138,LaGuardia Airport,Queens
2,2018-07-07 17:57:54,2018-07-07 18:30:03,1,10.38,1,N,2,32.5,0E-9,0.500000000,0.0,0.0,0.300000000,33.3,138,4,17,Saturday,7,138,LaGuardia Airport,Queens
2,2018-09-14 21:09:29,2018-09-14 21:51:16,1,10.17,1,N,1,36.0,0.500000000,0.500000000,8.0,5.76,0.300000000,51.06,138,249,21,Friday,9,138,LaGuardia Airport,Queens
2,2018-10-14 18:38:06,2018-10-14 19:02:00,5,8.34,1,N,1,26.0,0E-9,0.500000000,6.51,5.76,0.300000000,39.07,138,164,18,Sunday,10,138,LaGuardia Airport,Queens
2,2018-06-25 13:21:19,2018-06-25 13:50:50,1,14.17,1,N,1,39.5,0E-9,0.500000000,9.21,5.76,0.300000000,55.27,138,209,13,Monday,6,138,LaGuardia Airport,Queens
2,2018-03-08 12:50:48,2018-03-08 13:22:47,1,10.86,1,N,1,36.0,0E-9,0.500000000,8.51,5.76,0.300000000,51.07,138,230,12,Thursday,3,138,LaGuardia Airport,Queens
1,2018-02-09 08:03:33,2018-02-09 08:29:46,1,6.7,1,N,1,22.5,0E-9,0.500000000,6.95,0.0,0.300000000,30.25,138,80,8,Friday,2,138,LaGuardia Airport,Queens
1,2018-05-03 17:47:47,2018-05-03 18:34:18,1,12.7,1,N,1,40.0,1.000000000,0.500000000,8.35,0.0,0.300000000,50.15,138,132,17,Thursday,5,138,LaGuardia Airport,Queens
2,2018-10-04 21:24:56,2018-10-04 21:49:43,1,10.49,1,N,1,31.5,0.500000000,0.500000000,6.56,0.0,0.300000000,39.36,138,25,21,Thursday,10,138,LaGuardia Airport,Queens
1,2018-11-08 09:28:14,2018-11-08 10:19:32,1,15.2,1,N,1,46.5,0E-9,0.500000000,9.45,0.0,0.300000000,56.75,138,261,9,Thursday,11,138,LaGuardia Airport,Queens
2,2018-03-18 14:15:27,2018-03-18 14:56:34,2,10.15,1,N,1,35.0,0E-9,0.500000000,8.31,5.76,0.300000000,49.87,138,158,14,Sunday,3,138,LaGuardia Airport,Queens
1,2018-07-30 14:03:52,2018-07-30 14:34:14,1,8.0,1,N,1,28.5,0E-9,0.500000000,5.85,0.0,0.300000000,35.15,138,163,14,Monday,7,138,LaGuardia Airport,Queens
2,2018-03-19 13:33:47,2018-03-19 14:10:07,1,10.04,1,N,1,33.0,0E-9,0.500000000,7.91,5.76,0.300000000,47.47,138,163,13,Monday,3,138,LaGuardia Airport,Queens
1,2018-11-29 16:06:00,2018-11-29 17:02:52,3,11.0,1,N,1,40.0,1.000000000,0.500000000,9.5,5.76,0.300000000,57.06,138,239,16,Thursday,11,138,LaGuardia Airport,Queens
2,2018-03-19 11:23:59,2018-03-19 12:03:42,2,10.89,1,N,1,37.0,0E-9,0.500000000,10.89,5.76,0.300000000,54.45,138,163,11,Monday,3,138,LaGuardia Airport,Queens
2,2018-04-19 10:53:45,2018-04-19 11:28:20,6,9.88,1,N,1,31.0,0E-9,0.500000000,7.51,5.76,0.300000000,45.07,138,162,10,Thursday,4,138,LaGuardia Airport,Queens
2,2018-07-07 20:44:35,2018-07-07 21:12:09,1,9.83,1,N,2,30.5,0.500000000,0.500000000,0.0,0.0,0.300000000,31.8,138,263,20,Saturday,7,138,LaGuardia Airport,Queens
1,2018-05-18 17:29:36,2018-05-18 18:26:36,2,10.7,1,N,2,40.0,1.000000000,0.500000000,0.0,0.0,0.300000000,41.8,138,180,17,Friday,5,138,LaGuardia Airport,Queens
2,2018-01-10 17:46:49,2018-01-10 18:55:41,1,16.77,1,N,2,54.5,1.000000000,0.500000000,0.0,0.0,0.300000000,56.3,146,132,17,Wednesday,1,146,Long Island City/Queens Plaza,Queens
2,2018-03-19 10:28:35,2018-03-19 11:04:14,1,10.63,1,N,1,34.0,0E-9,0.500000000,8.11,5.76,0.300000000,48.67,138,229,10,Monday,3,138,LaGuardia Airport,Queens
1,2018-09-05 11:14:30,2018-09-05 12:17:58,0,10.4,1,N,2,44.0,0E-9,0.500000000,0.0,5.76,0.300000000,50.56,138,161,11,Wednesday,9,138,LaGuardia Airport,Queens
2,2018-10-21 09:44:38,2018-10-21 10:03:41,1,10.91,1,N,1,30.0,0E-9,0.500000000,7.31,5.76,0.300000000,43.87,138,233,9,Sunday,10,138,LaGuardia Airport,Queens
2,2018-08-23 13:35:08,2018-08-23 14:15:30,1,11.31,1,N,1,37.5,0E-9,0.500000000,13.22,5.76,0.300000000,57.28,138,230,13,Thursday,8,138,LaGuardia Airport,Queens
2,2018-08-12 17:11:59,2018-08-12 17:32:13,2,8.51,1,N,1,25.0,0E-9,0.500000000,6.31,5.76,0.300000000,37.87,138,236,17,Sunday,8,138,LaGuardia Airport,Queens
2,2018-06-07 18:48:27,2018-06-07 19:27:46,2,8.91,1,N,1,31.0,1.000000000,0.500000000,7.71,5.76,0.300000000,46.27,138,236,18,Thursday,6,138,LaGuardia Airport,Queens
2,2018-04-20 21:22:47,2018-04-20 21:40:49,1,8.44,1,N,1,25.0,0.500000000,0.500000000,6.41,5.76,0.300000000,38.47,138,42,21,Friday,4,138,LaGuardia Airport,Queens
2,2018-04-09 16:54:54,2018-04-09 17:22:13,1,9.35,1,N,1,28.5,1.000000000,0.500000000,7.21,5.76,0.300000000,43.27,138,141,16,Monday,4,138,LaGuardia Airport,Queens
1,2018-07-31 20:53:46,2018-07-31 21:14:42,1,10.9,1,N,1,30.5,0.500000000,0.500000000,6.35,0.0,0.300000000,38.15,138,25,20,Tuesday,7,138,LaGuardia Airport,Queens
1,2018-08-23 16:48:59,2018-08-23 17:22:06,1,7.9,1,N,1,28.0,1.000000000,0.500000000,7.1,5.76,0.300000000,42.66,138,170,16,Thursday,8,138,LaGuardia Airport,Queens
2,2018-03-22 17:29:35,2018-03-22 18:06:42,1,11.27,1,N,1,35.5,1.000000000,0.500000000,9.32,0.0,0.300000000,46.62,138,106,17,Thursday,3,138,LaGuardia Airport,Queens
2,2018-05-10 19:33:28,2018-05-10 20:09:32,1,15.91,1,N,1,45.5,1.000000000,0.500000000,10.0,5.76,0.300000000,63.06,138,13,19,Thursday,5,138,LaGuardia Airport,Queens
2,2018-03-20 12:24:38,2018-03-20 13:04:41,1,9.95,1,N,1,34.5,0E-9,0.500000000,7.06,0.0,0.300000000,42.36,138,65,12,Tuesday,3,138,LaGuardia Airport,Queens
1,2018-12-28 08:36:50,2018-12-28 09:03:50,1,15.2,1,N,1,41.0,0E-9,0.500000000,7.0,5.76,0.300000000,54.56,138,88,8,Friday,12,138,LaGuardia Airport,Queens
1,2018-03-23 09:30:33,2018-03-23 10:23:50,1,9.9,1,N,1,39.0,0E-9,0.500000000,9.1,5.76,0.300000000,54.66,138,249,9,Friday,3,138,LaGuardia Airport,Queens
2,2018-08-13 14:41:27,2018-08-13 15:14:58,1,9.07,1,N,1,32.0,0E-9,0.500000000,7.71,5.76,0.300000000,46.27,138,238,14,Monday,8,138,LaGuardia Airport,Queens
1,2018-03-29 19:51:41,2018-03-29 20:11:12,1,6.8,1,N,1,22.0,1.000000000,0.500000000,7.0,0.0,0.300000000,30.8,138,80,19,Thursday,3,138,LaGuardia Airport,Queens
1,2018-03-29 19:34:15,2018-03-29 20:04:59,1,10.0,1,N,1,31.0,1.000000000,0.500000000,10.0,5.76,0.300000000,48.56,138,163,19,Thursday,3,138,LaGuardia Airport,Queens
2,2018-05-28 15:08:25,2018-05-28 15:48:23,1,14.44,1,N,1,42.5,0E-9,0.500000000,8.66,0.0,0.300000000,51.96,138,181,15,Monday,5,138,LaGuardia Airport,Queens
1,2018-03-30 13:22:58,2018-03-30 13:40:39,1,8.1,1,N,1,24.0,0E-9,0.500000000,7.6,5.76,0.300000000,38.16,138,236,13,Friday,3,138,LaGuardia Airport,Queens
2,2018-10-31 14:16:45,2018-10-31 14:56:42,1,9.05,1,N,1,34.0,0E-9,0.500000000,6.96,0.0,0.300000000,41.76,138,161,14,Wednesday,10,138,LaGuardia Airport,Queens
2,2018-08-26 18:15:59,2018-08-26 18:46:48,3,14.38,1,N,1,39.0,0E-9,0.500000000,11.39,5.76,0.300000000,56.95,138,209,18,Sunday,8,138,LaGuardia Airport,Queens
2,2018-08-26 18:21:27,2018-08-26 18:50:15,1,11.53,1,N,1,33.5,0E-9,0.500000000,8.01,5.76,0.300000000,48.07,138,230,18,Sunday,8,138,LaGuardia Airport,Queens
1,2018-02-19 09:48:33,2018-02-19 10:07:05,1,10.0,1,Y,1,29.5,0E-9,0.500000000,6.05,0.0,0.300000000,36.35,138,65,9,Monday,2,138,LaGuardia Airport,Queens
2,2018-06-29 17:31:51,2018-06-29 18:27:54,2,8.63,1,N,1,37.5,1.000000000,0.500000000,3.8,0.0,0.300000000,43.1,138,140,17,Friday,6,138,LaGuardia Airport,Queens
2,2018-03-23 22:46:47,2018-03-23 23:18:31,1,9.53,1,N,1,32.5,0.500000000,0.500000000,7.91,5.76,0.300000000,47.47,138,234,22,Friday,3,138,LaGuardia Airport,Queens
2,2018-03-11 20:53:43,2018-03-11 21:18:20,3,10.34,1,N,1,30.5,0.500000000,0.500000000,7.51,5.76,0.300000000,45.07,138,230,20,Sunday,3,138,LaGuardia Airport,Queens
2,2018-10-22 13:00:30,2018-10-22 13:34:01,1,10.89,1,N,1,35.0,0E-9,0.500000000,8.31,5.76,0.300000000,49.87,138,163,13,Monday,10,138,LaGuardia Airport,Queens
2,2018-03-12 12:43:09,2018-03-12 13:21:54,1,10.44,1,N,1,36.0,0E-9,0.500000000,10.64,5.76,0.300000000,53.2,138,230,12,Monday,3,138,LaGuardia Airport,Queens
1,2018-12-14 19:47:23,2018-12-14 20:39:10,1,10.7,1,N,1,40.0,1.000000000,0.500000000,9.5,5.76,0.300000000,57.06,138,230,19,Friday,12,138,LaGuardia Airport,Queens
2,2018-04-20 19:03:21,2018-04-20 19:38:25,5,13.22,1,N,1,38.5,1.000000000,0.500000000,8.06,0.0,0.300000000,48.36,138,228,19,Friday,4,138,LaGuardia Airport,Queens
2,2018-01-24 11:48:32,2018-01-24 12:25:27,1,11.99,1,N,1,36.5,0E-9,0.500000000,12.92,5.76,0.300000000,55.98,138,107,11,Wednesday,1,138,LaGuardia Airport,Queens
2,2018-01-14 20:29:43,2018-01-14 21:16:22,1,13.84,1,N,1,45.0,0.500000000,0.500000000,9.26,0.0,0.300000000,55.56,138,90,20,Sunday,1,138,LaGuardia Airport,Queens
2,2018-07-14 18:57:47,2018-07-14 19:28:04,1,11.24,1,N,1,34.5,0E-9,0.500000000,6.9,5.76,0.300000000,47.96,138,142,18,Saturday,7,138,LaGuardia Airport,Queens
2,2018-01-12 11:39:55,2018-01-12 12:26:55,5,11.15,1,N,1,37.5,0E-9,0.500000000,7.0,0.0,0.300000000,45.3,138,188,11,Friday,1,138,LaGuardia Airport,Queens
1,2018-03-03 11:03:06,2018-03-03 11:36:32,2,12.3,1,N,1,37.5,0E-9,0.500000000,8.8,5.76,0.300000000,52.86,138,48,11,Saturday,3,138,LaGuardia Airport,Queens
2,2018-11-01 17:48:14,2018-11-01 18:16:14,2,8.02,1,N,1,27.0,1.000000000,0.500000000,6.91,5.76,0.300000000,41.47,138,170,17,Thursday,11,138,LaGuardia Airport,Queens
1,2018-03-03 20:02:00,2018-03-03 20:36:09,1,11.3,1,N,1,35.0,0.500000000,0.500000000,7.25,0.0,0.300000000,43.55,138,100,20,Saturday,3,138,LaGuardia Airport,Queens
1,2018-10-01 22:20:59,2018-10-01 22:43:10,2,12.3,1,N,1,35.0,0.500000000,0.500000000,7.25,0.0,0.300000000,43.55,138,181,22,Monday,10,138,LaGuardia Airport,Queens
2,2018-12-18 19:05:15,2018-12-18 19:42:58,1,9.82,1,N,1,33.5,1.000000000,0.500000000,7.06,0.0,0.300000000,42.36,138,231,19,Tuesday,12,138,LaGuardia Airport,Queens
2,2018-01-15 12:31:06,2018-01-15 13:09:58,2,9.32,1,N,1,34.0,0E-9,0.500000000,8.11,5.76,0.300000000,48.67,138,234,12,Monday,1,138,LaGuardia Airport,Queens
2,2018-07-14 12:23:18,2018-07-14 13:03:29,6,8.87,1,N,1,34.5,0E-9,0.500000000,8.21,5.76,0.300000000,49.27,138,170,12,Saturday,7,138,LaGuardia Airport,Queens
2,2018-01-16 15:20:15,2018-01-16 15:46:35,1,8.46,1,N,1,27.5,0E-9,0.500000000,6.81,5.76,0.300000000,40.87,138,262,15,Tuesday,1,138,LaGuardia Airport,Queens
2,2018-12-17 15:15:38,2018-12-17 15:42:39,1,10.68,1,N,1,30.5,0E-9,0.500000000,11.12,5.76,0.300000000,48.18,138,233,15,Monday,12,138,LaGuardia Airport,Queens
2,2018-06-21 09:38:28,2018-06-21 10:45:23,2,10.12,1,N,1,44.0,0E-9,0.500000000,10.11,5.76,0.300000000,60.67,138,230,9,Thursday,6,138,LaGuardia Airport,Queens
1,2018-06-01 10:16:46,2018-06-01 11:19:26,1,9.3,1,N,1,42.5,0E-9,0.500000000,10.0,5.76,0.300000000,59.06,138,48,10,Friday,6,138,LaGuardia Airport,Queens
1,2018-03-25 18:09:24,2018-03-25 18:49:25,2,14.9,1,N,1,43.5,0E-9,0.500000000,8.85,0.0,0.300000000,53.15,138,257,18,Sunday,3,138,LaGuardia Airport,Queens
2,2018-11-05 21:26:13,2018-11-05 21:43:50,5,8.52,1,N,1,25.0,0.500000000,0.500000000,5.77,5.76,0.300000000,37.83,138,140,21,Monday,11,138,LaGuardia Airport,Queens
1,2018-12-20 08:32:21,2018-12-20 09:20:27,1,12.5,1,N,1,44.0,0E-9,0.500000000,7.5,5.76,0.300000000,58.06,138,100,8,Thursday,12,138,LaGuardia Airport,Queens
2,2018-10-03 20:39:17,2018-10-03 21:07:00,1,15.58,1,N,1,42.5,0.500000000,0.500000000,7.0,5.76,0.300000000,56.56,138,13,20,Wednesday,10,138,LaGuardia Airport,Queens
2,2018-07-28 16:23:19,2018-07-28 16:56:00,2,11.5,1,N,1,34.5,0E-9,0.500000000,12.32,5.76,0.300000000,53.38,138,163,16,Saturday,7,138,LaGuardia Airport,Queens
2,2018-11-29 20:56:36,2018-11-29 21:48:24,2,12.43,1,N,1,46.0,0.500000000,0.500000000,10.61,5.76,0.300000000,63.67,138,230,20,Thursday,11,138,LaGuardia Airport,Queens
2,2018-07-27 07:31:13,2018-07-27 08:07:20,3,12.89,1,N,1,39.0,0E-9,0.500000000,9.11,5.76,0.300000000,54.67,138,161,7,Friday,7,138,LaGuardia Airport,Queens
1,2018-09-14 14:38:28,2018-09-14 15:14:49,1,9.4,1,N,1,33.0,0E-9,0.500000000,7.9,5.76,0.300000000,47.46,138,238,14,Friday,9,138,LaGuardia Airport,Queens
2,2018-11-30 07:46:38,2018-11-30 08:42:30,1,12.06,1,N,1,43.5,0E-9,0.500000000,10.01,5.76,0.300000000,60.07,138,186,7,Friday,11,138,LaGuardia Airport,Queens
2,2018-04-26 09:27:41,2018-04-26 10:08:51,2,20.47,1,N,1,57.0,0E-9,0.500000000,11.56,0.0,0.300000000,69.36,138,265,9,Thursday,4,138,LaGuardia Airport,Queens
2,2018-10-17 17:41:04,2018-10-17 18:24:02,2,9.43,1,N,1,33.0,1.000000000,0.500000000,6.96,0.0,0.300000000,41.76,138,144,17,Wednesday,10,138,LaGuardia Airport,Queens
2,2018-02-15 21:42:19,2018-02-15 22:22:52,1,12.41,1,N,1,40.0,0.500000000,0.500000000,8.26,0.0,0.300000000,49.56,138,188,21,Thursday,2,138,LaGuardia Airport,Queens
2,2018-05-14 09:34:14,2018-05-14 10:23:05,2,12.91,1,N,1,45.0,0E-9,0.500000000,6.0,5.76,0.300000000,57.56,138,163,9,Monday,5,138,LaGuardia Airport,Queens
1,2018-04-26 13:49:31,2018-04-26 14:25:26,1,8.8,1,N,1,30.5,0E-9,0.500000000,10.0,5.76,0.300000000,47.06,138,161,13,Thursday,4,138,LaGuardia Airport,Queens
1,2018-01-20 21:03:30,2018-01-20 21:24:05,0,7.9,1,N,2,24.5,0.500000000,0.500000000,0.0,5.76,0.300000000,31.56,138,167,21,Saturday,1,138,LaGuardia Airport,Queens
2,2018-11-08 23:24:56,2018-11-08 23:41:27,1,10.14,1,N,2,28.0,0.500000000,0.500000000,0.0,5.76,0.300000000,35.06,138,229,23,Thursday,11,138,LaGuardia Airport,Queens
2,2018-01-08 10:42:34,2018-01-08 11:41:03,1,12.87,1,N,1,45.0,0E-9,0.500000000,9.16,0.0,0.300000000,54.96,138,13,10,Monday,1,138,LaGuardia Airport,Queens
1,2018-03-04 18:36:40,2018-03-04 18:57:51,1,8.0,1,N,1,25.0,0E-9,0.500000000,6.3,5.76,0.300000000,37.86,138,170,18,Sunday,3,138,LaGuardia Airport,Queens
1,2018-04-16 19:31:02,2018-04-16 19:50:54,1,8.3,1,N,1,25.5,1.000000000,0.500000000,6.6,5.76,0.300000000,39.66,138,164,19,Monday,4,138,LaGuardia Airport,Queens
1,2018-04-27 11:05:03,2018-04-27 11:35:16,1,9.0,1,N,2,27.5,0E-9,0.500000000,0.0,5.76,0.300000000,34.06,138,140,11,Friday,4,138,LaGuardia Airport,Queens
2,2018-02-26 13:14:49,2018-02-26 13:49:23,5,11.54,1,N,1,36.5,0E-9,0.500000000,8.61,5.76,0.300000000,51.67,138,230,13,Monday,2,138,LaGuardia Airport,Queens
2,2018-05-15 23:30:14,2018-05-15 23:53:38,4,8.93,1,N,1,28.5,0.500000000,0.500000000,7.11,5.76,0.300000000,42.67,138,186,23,Tuesday,5,138,LaGuardia Airport,Queens
2,2018-02-09 16:07:20,2018-02-09 16:52:36,2,11.22,1,N,1,38.5,1.000000000,0.500000000,13.5,0.0,0.300000000,53.8,138,113,16,Friday,2,138,LaGuardia Airport,Queens
2,2018-01-30 09:17:24,2018-01-30 09:49:03,1,9.33,1,N,1,30.5,0E-9,0.500000000,7.41,5.76,0.300000000,44.47,138,244,9,Tuesday,1,138,LaGuardia Airport,Queens
1,2018-05-18 19:54:51,2018-05-18 20:10:16,1,8.5,1,N,1,24.5,1.000000000,0.500000000,0.0,5.76,0.300000000,32.06,138,140,19,Friday,5,138,LaGuardia Airport,Queens
1,2018-04-28 11:08:58,2018-04-28 11:57:35,2,12.4,1,N,2,43.5,0E-9,0.500000000,0.0,0.0,0.300000000,44.3,138,211,11,Saturday,4,138,LaGuardia Airport,Queens
2,2018-11-30 11:18:45,2018-11-30 12:16:54,1,8.29,1,N,1,38.5,0E-9,0.500000000,9.82,0.0,0.300000000,49.12,138,230,11,Friday,11,138,LaGuardia Airport,Queens
1,2018-06-26 22:53:37,2018-06-26 23:18:12,1,11.1,1,N,1,32.5,0.500000000,0.500000000,9.85,5.76,0.300000000,49.41,138,48,22,Tuesday,6,138,LaGuardia Airport,Queens
2,2018-03-18 15:04:20,2018-03-18 15:37:06,1,9.73,1,N,1,30.5,0E-9,0.500000000,6.26,0.0,0.300000000,37.56,138,65,15,Sunday,3,138,LaGuardia Airport,Queens
1,2018-03-19 20:42:23,2018-03-19 21:16:57,1,18.0,1,N,2,50.0,0.500000000,0.500000000,0.0,0.0,0.300000000,51.3,138,22,20,Monday,3,138,LaGuardia Airport,Queens
2,2018-10-17 12:16:40,2018-10-17 12:43:12,1,9.41,1,N,1,30.0,0E-9,0.500000000,9.14,5.76,0.300000000,45.7,138,166,12,Wednesday,10,138,LaGuardia Airport,Queens
2,2018-04-07 22:53:49,2018-04-07 23:11:49,1,11.49,1,N,1,31.5,0.500000000,0.500000000,6.56,0.0,0.300000000,39.36,138,25,22,Saturday,4,138,LaGuardia Airport,Queens
2,2018-10-29 10:11:50,2018-10-29 10:29:17,1,12.7,1,N,1,34.5,0E-9,0.500000000,0.0,0.0,0.300000000,35.3,138,132,10,Monday,10,138,LaGuardia Airport,Queens
2,2018-04-19 10:48:09,2018-04-19 11:51:05,6,12.52,1,N,1,47.5,0E-9,0.500000000,10.81,5.76,0.300000000,64.87,138,68,10,Thursday,4,138,LaGuardia Airport,Queens
1,2018-04-19 17:12:28,2018-04-19 18:09:37,4,12.9,1,N,1,43.0,1.000000000,0.500000000,6.72,0.0,0.300000000,51.52,138,132,17,Thursday,4,138,LaGuardia Airport,Queens
2,2018-10-30 18:06:35,2018-10-30 19:07:04,1,11.46,1,N,2,43.0,1.000000000,0.500000000,0.0,5.76,0.300000000,50.56,138,142,18,Tuesday,10,138,LaGuardia Airport,Queens
2,2018-06-18 12:29:09,2018-06-18 13:24:09,1,11.6,1,N,1,45.0,0E-9,0.500000000,10.31,5.76,0.300000000,61.87,138,230,12,Monday,6,138,LaGuardia Airport,Queens
2,2018-06-06 22:55:32,2018-06-06 23:25:58,1,14.87,1,N,1,42.5,0.500000000,0.500000000,12.39,5.76,0.300000000,61.95,138,88,22,Wednesday,6,138,LaGuardia Airport,Queens
2,2018-12-11 19:33:44,2018-12-11 19:50:43,1,9.0,1,N,1,25.5,1.000000000,0.500000000,6.61,5.76,0.300000000,39.67,138,79,19,Tuesday,12,138,LaGuardia Airport,Queens
1,2018-02-20 15:14:31,2018-02-20 15:47:20,1,11.1,1,N,1,34.0,0E-9,0.500000000,8.1,5.76,0.300000000,48.66,138,161,15,Tuesday,2,138,LaGuardia Airport,Queens
2,2018-06-10 17:01:16,2018-06-10 17:35:54,5,14.64,1,N,1,41.0,0E-9,0.500000000,9.51,5.76,0.300000000,57.07,138,87,17,Sunday,6,138,LaGuardia Airport,Queens
1,2018-04-28 13:02:45,2018-04-28 13:30:30,2,9.5,1,N,1,29.0,0E-9,0.500000000,7.1,5.76,0.300000000,42.66,138,237,13,Saturday,4,138,LaGuardia Airport,Queens
2,2018-02-20 11:40:32,2018-02-20 12:10:37,2,10.16,1,N,1,31.0,0E-9,0.500000000,6.36,0.0,0.300000000,38.16,138,97,11,Tuesday,2,138,LaGuardia Airport,Queens
4,2018-12-13 16:46:11,2018-12-13 17:44:36,1,11.01,1,N,1,41.0,1.000000000,0.500000000,8.56,0.0,0.300000000,51.36,138,181,16,Thursday,12,138,LaGuardia Airport,Queens
2,2018-04-18 21:26:02,2018-04-18 22:01:27,3,12.73,1,N,1,38.5,0.500000000,0.500000000,7.96,0.0,0.300000000,47.76,138,125,21,Wednesday,4,138,LaGuardia Airport,Queens
2,2018-02-01 19:51:28,2018-02-01 20:11:42,1,9.2,1,N,1,27.5,1.000000000,0.500000000,5.86,0.0,0.300000000,35.16,138,49,19,Thursday,2,138,LaGuardia Airport,Queens
2,2018-12-16 15:14:37,2018-12-16 15:59:49,1,9.58,1,N,1,36.5,0E-9,0.500000000,10.76,5.76,0.300000000,53.82,138,161,15,Sunday,12,138,LaGuardia Airport,Queens
2,2018-08-23 22:00:37,2018-08-23 22:14:26,1,7.3,1,N,1,21.5,0.500000000,0.500000000,5.71,5.76,0.300000000,34.27,138,262,22,Thursday,8,138,LaGuardia Airport,Queens
1,2018-03-29 23:36:49,2018-03-30 00:07:18,1,11.7,1,N,1,36.5,0.500000000,0.500000000,7.55,0.0,0.300000000,45.35,138,87,23,Thursday,3,138,LaGuardia Airport,Queens
2,2018-03-22 19:54:05,2018-03-22 20:21:42,1,15.28,1,N,1,42.0,1.000000000,0.500000000,9.91,5.76,0.300000000,59.47,138,261,19,Thursday,3,138,LaGuardia Airport,Queens
1,2018-03-20 21:08:44,2018-03-20 21:34:39,1,12.1,1,N,1,36.0,0.500000000,0.500000000,7.45,0.0,0.300000000,44.75,138,25,21,Tuesday,3,138,LaGuardia Airport,Queens
2,2018-12-27 13:49:16,2018-12-27 14:13:34,1,8.93,1,N,1,28.0,0E-9,0.500000000,6.0,5.76,0.300000000,40.56,138,263,13,Thursday,12,138,LaGuardia Airport,Queens
1,2018-03-19 16:59:47,2018-03-19 17:31:55,1,12.0,1,N,1,36.5,1.000000000,0.500000000,8.8,5.76,0.300000000,52.86,138,107,16,Monday,3,138,LaGuardia Airport,Queens
1,2018-09-05 11:36:23,2018-09-05 12:32:56,1,11.0,1,N,1,41.5,0E-9,0.500000000,0.04,5.76,0.300000000,48.1,138,230,11,Wednesday,9,138,LaGuardia Airport,Queens
1,2018-03-22 17:04:58,2018-03-22 17:38:02,1,10.1,1,N,1,32.5,1.000000000,0.500000000,8.0,5.76,0.300000000,48.06,138,142,17,Thursday,3,138,LaGuardia Airport,Queens
2,2018-08-24 11:39:05,2018-08-24 12:08:06,1,8.69,1,N,1,28.0,0E-9,0.500000000,6.91,5.76,0.300000000,41.47,138,170,11,Friday,8,138,LaGuardia Airport,Queens
2,2018-11-11 12:07:34,2018-11-11 12:40:15,1,9.52,1,N,1,31.0,0E-9,0.500000000,7.51,5.76,0.300000000,45.07,138,148,12,Sunday,11,138,LaGuardia Airport,Queens
2,2018-05-20 10:36:00,2018-05-20 10:58:53,1,10.26,1,N,1,31.0,0E-9,0.500000000,7.51,5.76,0.300000000,45.07,138,237,10,Sunday,5,138,LaGuardia Airport,Queens
2,2018-03-23 18:59:20,2018-03-23 19:27:15,5,10.29,1,N,1,31.5,1.000000000,0.500000000,7.81,5.76,0.300000000,46.87,138,239,18,Friday,3,138,LaGuardia Airport,Queens
2,2018-04-30 16:45:52,2018-04-30 17:24:13,1,6.94,1,N,1,29.0,1.000000000,0.500000000,9.14,5.76,0.300000000,45.7,138,152,16,Monday,4,138,LaGuardia Airport,Queens
1,2018-12-16 22:40:44,2018-12-16 23:02:52,1,9.5,1,N,1,28.5,0.500000000,0.500000000,5.33,5.76,0.300000000,40.89,138,79,22,Sunday,12,138,LaGuardia Airport,Queens
1,2018-09-10 18:31:49,2018-09-10 19:00:37,1,10.8,1,N,1,33.0,1.000000000,0.500000000,8.1,5.76,0.300000000,48.66,138,163,18,Monday,9,138,LaGuardia Airport,Queens
2,2018-09-10 19:01:27,2018-09-10 19:28:58,1,12.42,1,N,1,36.0,1.000000000,0.500000000,13.07,5.76,0.300000000,56.63,138,186,19,Monday,9,138,LaGuardia Airport,Queens
2,2018-10-08 22:40:44,2018-10-08 23:01:12,5,16.02,1,N,1,43.0,0.500000000,0.500000000,8.0,5.76,0.300000000,58.06,138,13,22,Monday,10,138,LaGuardia Airport,Queens
2,2018-01-14 20:45:45,2018-01-14 21:05:13,1,8.58,1,N,1,25.5,0.500000000,0.500000000,9.77,5.76,0.300000000,42.33,138,107,20,Sunday,1,138,LaGuardia Airport,Queens
1,2018-12-30 17:14:56,2018-12-30 17:42:50,3,9.5,1,N,1,29.0,0E-9,0.500000000,7.1,5.76,0.300000000,42.66,138,140,17,Sunday,12,138,LaGuardia Airport,Queens
2,2018-04-24 18:03:58,2018-04-24 18:41:04,1,10.92,1,N,1,35.0,1.000000000,0.500000000,10.64,5.76,0.300000000,53.2,138,170,18,Tuesday,4,138,LaGuardia Airport,Queens
2,2018-03-16 16:28:39,2018-03-16 17:14:57,3,9.12,1,N,1,32.0,1.000000000,0.500000000,7.91,5.76,0.300000000,47.47,138,141,16,Friday,3,138,LaGuardia Airport,Queens
2,2018-12-07 22:34:20,2018-12-07 22:54:55,1,6.44,1,N,1,22.0,0.500000000,0.500000000,4.66,0.0,0.300000000,27.96,138,255,22,Friday,12,138,LaGuardia Airport,Queens
2,2018-03-14 11:40:46,2018-03-14 12:13:29,1,10.62,1,N,1,33.5,0E-9,0.500000000,8.01,5.76,0.300000000,48.07,138,229,11,Wednesday,3,138,LaGuardia Airport,Queens
2,2018-08-07 15:02:07,2018-08-07 15:41:07,1,12.0,1,N,1,37.5,0E-9,0.500000000,5.5,5.76,0.300000000,49.56,138,164,15,Tuesday,8,138,LaGuardia Airport,Queens
1,2018-04-23 22:01:59,2018-04-23 22:26:40,1,8.9,1,N,1,28.0,0.500000000,0.500000000,10.5,5.76,0.300000000,45.56,138,116,22,Monday,4,138,LaGuardia Airport,Queens
2,2018-06-03 15:44:10,2018-06-03 16:12:15,1,9.11,1,N,1,28.5,0E-9,0.500000000,7.01,5.76,0.300000000,42.07,138,164,15,Sunday,6,138,LaGuardia Airport,Queens
2,2018-03-01 12:10:11,2018-03-01 12:52:55,1,16.91,1,N,1,48.5,0E-9,0.500000000,11.01,5.76,0.300000000,66.07,138,13,12,Thursday,3,138,LaGuardia Airport,Queens
2,2018-10-08 21:27:12,2018-10-08 21:49:58,1,8.97,1,N,1,26.5,0.500000000,0.500000000,6.71,5.76,0.300000000,40.27,138,90,21,Monday,10,138,LaGuardia Airport,Queens
1,2018-04-23 11:14:51,2018-04-23 11:50:07,2,12.5,1,N,1,37.5,0E-9,0.500000000,8.8,5.76,0.300000000,52.86,138,261,11,Monday,4,138,LaGuardia Airport,Queens
1,2018-10-10 19:08:55,2018-10-10 19:35:57,1,10.1,1,N,1,30.5,1.000000000,0.500000000,8.05,0.0,0.300000000,40.35,138,16,19,Wednesday,10,138,LaGuardia Airport,Queens
2,2018-11-27 16:49:17,2018-11-27 17:37:16,1,15.7,1,N,1,45.5,1.000000000,0.500000000,13.26,5.76,0.300000000,66.32,138,87,16,Tuesday,11,138,LaGuardia Airport,Queens
2,2018-08-08 12:03:18,2018-08-08 12:37:32,1,10.8,1,N,1,31.0,0E-9,0.500000000,6.36,0.0,0.300000000,38.16,138,66,12,Wednesday,8,138,LaGuardia Airport,Queens
2,2018-05-13 18:53:49,2018-05-13 19:17:23,1,8.89,1,N,1,27.5,0E-9,0.500000000,10.22,5.76,0.300000000,44.28,138,162,18,Sunday,5,138,LaGuardia Airport,Queens
2,2018-03-05 07:04:37,2018-03-05 07:37:17,1,15.5,1,N,1,42.0,0E-9,0.500000000,9.71,5.76,0.300000000,58.27,138,88,7,Monday,3,138,LaGuardia Airport,Queens
1,2018-08-09 18:37:04,2018-08-09 19:08:49,1,10.6,1,N,1,32.5,1.000000000,0.500000000,6.85,0.0,0.300000000,41.15,138,33,18,Thursday,8,138,LaGuardia Airport,Queens
1,2018-05-01 21:01:03,2018-05-01 21:27:58,1,9.9,1,N,1,30.0,0.500000000,0.500000000,7.4,5.76,0.300000000,44.46,138,68,21,Tuesday,5,138,LaGuardia Airport,Queens
1,2018-08-15 11:21:16,2018-08-15 11:56:30,1,10.5,1,N,1,32.0,0E-9,0.500000000,6.55,0.0,0.300000000,39.35,138,25,11,Wednesday,8,138,LaGuardia Airport,Queens
1,2018-08-15 14:44:19,2018-08-15 15:03:15,1,7.8,1,N,1,23.0,0E-9,0.500000000,8.85,5.76,0.300000000,38.41,138,262,14,Wednesday,8,138,LaGuardia Airport,Queens
2,2018-06-21 17:30:03,2018-06-21 18:25:53,1,7.59,1,N,1,36.0,1.000000000,0.500000000,8.71,5.76,0.300000000,52.27,138,42,17,Thursday,6,138,LaGuardia Airport,Queens
2,2018-05-20 20:15:29,2018-05-20 20:39:52,1,8.88,1,N,1,28.0,0.500000000,0.500000000,7.01,5.76,0.300000000,42.07,138,151,20,Sunday,5,138,LaGuardia Airport,Queens
2,2018-06-02 22:59:05,2018-06-02 23:15:36,1,8.25,1,N,1,24.0,0.500000000,0.500000000,6.21,5.76,0.300000000,37.27,138,137,22,Saturday,6,138,LaGuardia Airport,Queens
4,2018-10-10 17:37:50,2018-10-10 18:02:49,1,7.2,1,N,1,23.0,1.000000000,0.500000000,6.11,5.76,0.300000000,36.67,138,236,17,Wednesday,10,138,LaGuardia Airport,Queens
2,2018-10-04 12:59:40,2018-10-04 13:35:12,2,9.58,1,N,1,32.0,0E-9,0.500000000,6.0,0.0,0.300000000,38.8,138,114,12,Thursday,10,138,LaGuardia Airport,Queens
1,2018-04-25 08:09:52,2018-04-25 09:05:22,1,13.6,1,N,1,47.0,0E-9,0.500000000,8.0,5.76,0.300000000,61.56,138,90,8,Wednesday,4,138,LaGuardia Airport,Queens
1,2018-09-11 22:44:53,2018-09-11 23:06:16,1,11.1,1,N,1,31.5,0.500000000,0.500000000,11.55,5.76,0.300000000,50.11,138,164,22,Tuesday,9,138,LaGuardia Airport,Queens
2,2018-08-08 07:50:44,2018-08-08 08:40:33,4,9.65,1,N,1,37.0,0E-9,0.500000000,8.0,5.76,0.300000000,51.56,138,230,7,Wednesday,8,138,LaGuardia Airport,Queens
2,2018-04-17 09:29:43,2018-04-17 10:19:01,1,12.19,1,N,1,38.0,0E-9,0.500000000,8.91,5.76,0.300000000,53.47,138,186,9,Tuesday,4,138,LaGuardia Airport,Queens
2,2018-04-16 21:06:02,2018-04-16 21:38:13,2,10.49,1,N,1,33.0,0.500000000,0.500000000,6.01,5.76,0.300000000,46.07,138,143,21,Monday,4,138,LaGuardia Airport,Queens
1,2018-01-05 23:43:57,2018-01-06 00:11:17,1,11.3,1,N,1,33.5,0.500000000,0.500000000,8.1,5.76,0.300000000,48.66,138,50,23,Friday,1,138,LaGuardia Airport,Queens
2,2018-09-12 13:03:15,2018-09-12 13:48:22,1,11.98,1,N,1,41.0,0E-9,0.500000000,9.51,5.76,0.300000000,57.07,138,48,13,Wednesday,9,138,LaGuardia Airport,Queens
2,2018-12-11 10:06:41,2018-12-11 10:47:24,1,12.29,1,N,1,37.5,0E-9,0.500000000,7.66,0.0,0.300000000,45.96,138,88,10,Tuesday,12,138,LaGuardia Airport,Queens
1,2018-06-22 09:10:24,2018-06-22 09:55:38,2,10.5,1,N,1,35.5,0E-9,0.500000000,8.4,5.76,0.300000000,50.46,138,239,9,Friday,6,138,LaGuardia Airport,Queens
1,2018-02-24 10:26:00,2018-02-24 10:51:03,1,7.0,1,N,1,24.5,0E-9,0.500000000,6.3,0.0,0.300000000,31.6,138,145,10,Saturday,2,138,LaGuardia Airport,Queens
2,2018-06-04 23:45:47,2018-06-05 00:09:59,6,11.12,1,N,1,32.5,0.500000000,0.500000000,3.96,5.76,0.300000000,43.52,138,162,23,Monday,6,138,LaGuardia Airport,Queens
1,2018-10-03 18:27:20,2018-10-03 19:10:31,2,13.7,1,N,1,42.0,1.000000000,0.500000000,9.9,5.76,0.300000000,59.46,138,261,18,Wednesday,10,138,LaGuardia Airport,Queens
1,2018-02-26 20:47:11,2018-02-26 21:06:39,1,12.3,1,N,1,34.0,0.500000000,0.500000000,7.0,0.0,0.300000000,42.3,138,52,20,Monday,2,138,LaGuardia Airport,Queens
2,2018-10-15 22:31:53,2018-10-15 23:03:22,6,11.85,1,N,1,36.0,0.500000000,0.500000000,9.32,0.0,0.300000000,46.62,138,188,22,Monday,10,138,LaGuardia Airport,Queens
1,2018-12-09 14:24:20,2018-12-09 15:01:55,1,12.5,1,N,1,38.5,0E-9,0.500000000,7.85,0.0,0.300000000,47.15,138,188,14,Sunday,12,138,LaGuardia Airport,Queens
1,2018-03-05 23:31:56,2018-03-05 23:51:17,1,11.6,1,N,1,32.0,0.500000000,0.500000000,6.65,0.0,0.300000000,39.95,138,209,23,Monday,3,138,LaGuardia Airport,Queens
2,2018-05-23 12:26:24,2018-05-23 13:04:16,1,14.26,1,N,1,42.0,0E-9,0.500000000,9.71,5.76,0.300000000,58.27,138,13,12,Wednesday,5,138,LaGuardia Airport,Queens
1,2018-05-13 18:27:37,2018-05-13 19:05:37,1,9.9,1,N,1,32.5,0E-9,0.500000000,4.0,5.76,0.300000000,43.06,138,162,18,Sunday,5,138,LaGuardia Airport,Queens
2,2018-03-17 15:30:35,2018-03-17 16:02:06,1,7.93,1,N,1,28.0,0E-9,0.500000000,6.0,5.76,0.300000000,40.56,138,236,15,Saturday,3,138,LaGuardia Airport,Queens
2,2018-06-05 15:13:18,2018-06-05 15:50:18,2,9.42,1,N,1,33.0,0E-9,0.500000000,7.91,5.76,0.300000000,47.47,138,230,15,Tuesday,6,138,LaGuardia Airport,Queens
2,2018-10-05 14:44:06,2018-10-05 15:35:34,1,9.94,1,N,1,39.5,0E-9,0.500000000,9.21,5.76,0.300000000,55.27,138,163,14,Friday,10,138,LaGuardia Airport,Queens
2,2018-03-19 07:31:33,2018-03-19 08:21:44,1,11.76,1,N,1,37.0,0E-9,0.500000000,8.71,5.76,0.300000000,52.27,138,230,7,Monday,3,138,LaGuardia Airport,Queens
1,2018-03-09 16:47:20,2018-03-09 17:55:49,1,8.5,1,N,1,42.0,1.000000000,0.500000000,10.0,0.0,0.300000000,53.8,138,230,16,Friday,3,138,LaGuardia Airport,Queens
2,2018-05-16 15:44:25,2018-05-16 16:30:33,1,6.69,1,N,2,28.0,0E-9,0.500000000,0.0,5.76,0.300000000,34.56,138,42,15,Wednesday,5,138,LaGuardia Airport,Queens
1,2018-05-16 17:26:04,2018-05-16 18:41:34,1,8.3,1,N,1,45.0,1.000000000,0.500000000,10.5,5.76,0.300000000,63.06,138,68,17,Wednesday,5,138,LaGuardia Airport,Queens
2,2018-04-18 09:58:26,2018-04-18 10:49:57,1,11.22,1,N,1,39.5,0E-9,0.500000000,9.21,5.76,0.300000000,55.27,138,161,9,Wednesday,4,138,LaGuardia Airport,Queens
2,2018-11-18 14:43:38,2018-11-18 15:28:09,2,8.82,1,N,1,34.0,0E-9,0.500000000,6.96,0.0,0.300000000,41.76,138,161,14,Sunday,11,138,LaGuardia Airport,Queens
2,2018-10-17 22:29:27,2018-10-17 23:02:15,5,10.7,1,N,1,35.0,0.500000000,0.500000000,7.26,0.0,0.300000000,43.56,138,181,22,Wednesday,10,138,LaGuardia Airport,Queens
1,2018-05-25 20:55:59,2018-05-25 21:23:16,1,11.0,1,N,1,33.0,0.500000000,0.500000000,8.55,0.0,0.300000000,42.85,138,231,20,Friday,5,138,LaGuardia Airport,Queens
1,2018-05-04 10:50:50,2018-05-04 11:41:21,1,10.9,1,N,1,38.5,0E-9,0.500000000,9.0,5.76,0.300000000,54.06,138,230,10,Friday,5,138,LaGuardia Airport,Queens
2,2018-03-06 20:43:44,2018-03-06 21:16:53,1,11.35,1,N,1,36.0,0.500000000,0.500000000,8.61,5.76,0.300000000,51.67,138,100,20,Tuesday,3,138,LaGuardia Airport,Queens
2,2018-08-12 11:32:57,2018-08-12 12:02:19,1,12.54,1,N,2,37.5,0E-9,0.500000000,0.0,0.0,0.300000000,38.3,138,72,11,Sunday,8,138,LaGuardia Airport,Queens
2,2018-12-11 23:10:17,2018-12-11 23:31:50,1,9.77,1,N,1,28.5,0.500000000,0.500000000,6.0,5.76,0.300000000,41.56,138,48,23,Tuesday,12,138,LaGuardia Airport,Queens
2,2018-09-05 07:55:59,2018-09-05 08:42:08,1,9.76,1,N,1,35.5,0E-9,0.500000000,7.26,0.0,0.300000000,43.56,138,79,7,Wednesday,9,138,LaGuardia Airport,Queens
1,2018-06-25 23:05:36,2018-06-25 23:30:59,1,10.7,1,N,1,32.0,0.500000000,0.500000000,7.8,5.76,0.300000000,46.86,138,161,23,Monday,6,138,LaGuardia Airport,Queens
1,2018-03-08 23:24:27,2018-03-08 23:55:24,1,16.7,1,N,1,46.0,0.500000000,0.500000000,0.0,0.0,0.300000000,47.3,138,165,23,Thursday,3,138,LaGuardia Airport,Queens
2,2018-04-08 13:52:32,2018-04-08 14:21:55,1,10.74,1,N,2,32.0,0E-9,0.500000000,0.0,0.0,0.300000000,32.8,138,33,13,Sunday,4,138,LaGuardia Airport,Queens
2,2018-03-19 22:51:50,2018-03-19 23:08:24,5,7.56,1,N,2,23.0,0.500000000,0.500000000,0.0,5.76,0.300000000,30.06,179,243,22,Monday,3,179,Old Astoria,Queens
1,2018-02-28 08:33:54,2018-02-28 09:26:42,2,9.5,1,N,1,36.5,0E-9,0.500000000,8.6,5.76,0.300000000,51.66,138,100,8,Wednesday,2,138,LaGuardia Airport,Queens
2,2018-04-08 15:29:21,2018-04-08 16:31:46,1,20.91,1,N,2,62.0,0E-9,0.500000000,0.0,0.0,0.300000000,62.8,138,155,15,Sunday,4,138,LaGuardia Airport,Queens
2,2018-03-08 22:23:28,2018-03-08 22:41:07,5,8.76,1,N,1,25.5,0.500000000,0.500000000,6.51,5.76,0.300000000,39.07,138,233,22,Thursday,3,138,LaGuardia Airport,Queens
2,2018-08-02 19:52:32,2018-08-02 20:16:03,1,8.97,1,N,2,27.5,1.000000000,0.500000000,0.0,5.76,0.300000000,35.06,138,239,19,Thursday,8,138,LaGuardia Airport,Queens
2,2018-09-06 16:17:24,2018-09-06 17:11:20,1,9.47,1,N,1,37.5,1.000000000,0.500000000,11.79,0.0,0.300000000,51.09,138,61,16,Thursday,9,138,LaGuardia Airport,Queens
2,2018-08-03 19:49:54,2018-08-03 20:12:57,1,7.69,1,N,1,26.0,1.000000000,0.500000000,8.39,5.76,0.300000000,41.95,138,236,19,Friday,8,138,LaGuardia Airport,Queens
1,2018-01-09 21:37:15,2018-01-09 22:03:52,1,15.8,1,N,1,43.0,0.500000000,0.500000000,8.85,0.0,0.300000000,53.15,138,227,21,Tuesday,1,138,LaGuardia Airport,Queens
2,2018-02-09 17:04:27,2018-02-09 17:33:08,1,9.33,1,N,1,27.5,1.000000000,0.500000000,7.01,5.76,0.300000000,42.07,138,229,17,Friday,2,138,LaGuardia Airport,Queens
2,2018-12-03 18:04:15,2018-12-03 18:27:50,5,7.38,1,N,1,24.5,1.000000000,0.500000000,6.0,5.76,0.300000000,38.06,138,263,18,Monday,12,138,LaGuardia Airport,Queens
2,2018-12-26 16:59:21,2018-12-26 17:39:25,1,11.91,1,N,1,37.0,1.000000000,0.500000000,8.91,5.76,0.300000000,53.47,138,231,16,Wednesday,12,138,LaGuardia Airport,Queens
2,2018-04-09 16:18:05,2018-04-09 16:47:19,1,9.76,1,N,1,30.5,1.000000000,0.500000000,9.52,5.76,0.300000000,47.58,138,107,16,Monday,4,138,LaGuardia Airport,Queens
2,2018-11-08 22:27:35,2018-11-08 22:52:42,6,13.86,1,N,1,39.0,0.500000000,0.500000000,8.06,0.0,0.300000000,48.36,138,181,22,Thursday,11,138,LaGuardia Airport,Queens
1,2018-11-08 17:24:23,2018-11-08 18:30:03,1,9.2,1,N,1,42.0,1.000000000,0.500000000,9.9,5.76,0.300000000,59.46,138,162,17,Thursday,11,138,LaGuardia Airport,Queens
1,2018-02-21 07:23:10,2018-02-21 08:03:12,1,12.7,1,N,1,39.5,0E-9,0.500000000,9.2,5.76,0.300000000,55.26,138,237,7,Wednesday,2,138,LaGuardia Airport,Queens
1,2018-10-23 07:51:12,2018-10-23 08:42:27,1,13.9,1,N,1,46.0,0E-9,0.500000000,13.1,5.76,0.300000000,65.66,138,50,7,Tuesday,10,138,LaGuardia Airport,Queens
1,2018-07-24 09:50:08,2018-07-24 10:28:55,2,9.8,1,N,1,33.0,0E-9,0.500000000,7.9,5.76,0.300000000,47.46,138,162,9,Tuesday,7,138,LaGuardia Airport,Queens
1,2018-05-10 20:42:49,2018-05-10 21:13:40,1,8.5,1,N,1,29.0,0.500000000,0.500000000,7.2,5.76,0.300000000,43.26,138,186,20,Thursday,5,138,LaGuardia Airport,Queens
4,2018-11-24 21:53:15,2018-11-24 22:10:43,1,7.58,1,N,1,23.0,0.500000000,0.500000000,6.01,5.76,0.300000000,36.07,138,233,21,Saturday,11,138,LaGuardia Airport,Queens
2,2018-03-12 08:02:02,2018-03-12 08:47:43,1,9.59,1,N,1,32.5,0E-9,0.500000000,7.81,5.76,0.300000000,46.87,138,162,8,Monday,3,138,LaGuardia Airport,Queens
2,2018-12-14 10:38:15,2018-12-14 11:10:14,2,12.51,1,N,1,37.5,0E-9,0.500000000,9.58,0.0,0.300000000,47.88,138,225,10,Friday,12,138,LaGuardia Airport,Queens
1,2018-12-02 20:37:28,2018-12-02 20:58:51,1,9.4,1,N,1,28.0,0.500000000,0.500000000,4.0,5.76,0.300000000,39.06,138,237,20,Sunday,12,138,LaGuardia Airport,Queens
2,2018-02-22 16:35:29,2018-02-22 17:15:58,1,9.51,1,N,1,31.5,1.000000000,0.500000000,7.81,5.76,0.300000000,46.87,138,224,16,Thursday,2,138,LaGuardia Airport,Queens
2,2018-04-20 15:34:01,2018-04-20 16:03:40,1,5.52,1,N,1,22.5,0E-9,0.500000000,4.66,0.0,0.300000000,27.96,138,226,15,Friday,4,138,LaGuardia Airport,Queens
2,2018-01-16 18:49:53,2018-01-16 19:22:26,1,11.03,1,N,1,34.0,1.000000000,0.500000000,8.31,5.76,0.300000000,49.87,138,142,18,Tuesday,1,138,LaGuardia Airport,Queens
2,2018-03-16 14:16:07,2018-03-16 14:54:55,1,11.58,1,N,1,37.0,0E-9,0.500000000,7.56,0.0,0.300000000,45.36,138,132,14,Friday,3,138,LaGuardia Airport,Queens
2,2018-01-29 12:08:26,2018-01-29 12:23:29,2,7.91,1,N,1,23.0,0E-9,0.500000000,5.91,5.76,0.300000000,35.47,138,170,12,Monday,1,138,LaGuardia Airport,Queens
2,2018-01-18 10:27:05,2018-01-18 11:27:02,1,8.67,1,N,1,39.5,0E-9,0.500000000,9.21,5.76,0.300000000,55.27,138,236,10,Thursday,1,138,LaGuardia Airport,Queens
2,2018-05-24 13:13:01,2018-05-24 13:43:00,1,9.68,1,N,1,31.5,0E-9,0.500000000,8.08,0.0,0.300000000,40.38,138,45,13,Thursday,5,138,LaGuardia Airport,Queens
1,2018-03-06 08:39:32,2018-03-06 09:31:35,1,9.6,1,N,1,38.0,0E-9,0.500000000,8.9,5.76,0.300000000,53.46,138,48,8,Tuesday,3,138,LaGuardia Airport,Queens
2,2018-03-29 23:29:11,2018-03-29 23:47:14,2,8.48,1,N,2,25.5,0.500000000,0.500000000,0.0,5.76,0.300000000,32.56,138,151,23,Thursday,3,138,LaGuardia Airport,Queens
2,2018-12-14 22:52:16,2018-12-14 23:22:10,6,9.76,1,N,2,30.5,0.500000000,0.500000000,0.0,0.0,0.300000000,31.8,138,62,22,Friday,12,138,LaGuardia Airport,Queens
2,2018-01-31 15:00:53,2018-01-31 15:33:20,1,9.27,1,N,1,31.0,0E-9,0.500000000,6.36,0.0,0.300000000,38.16,138,148,15,Wednesday,1,138,LaGuardia Airport,Queens
2,2018-03-20 12:14:06,2018-03-20 12:55:11,5,10.62,1,N,1,36.0,0E-9,0.500000000,8.51,5.76,0.300000000,51.07,138,142,12,Tuesday,3,138,LaGuardia Airport,Queens
2,2018-03-29 18:37:33,2018-03-29 19:09:02,1,8.48,1,N,1,28.0,1.000000000,0.500000000,7.11,5.76,0.300000000,42.67,138,262,18,Thursday,3,138,LaGuardia Airport,Queens
2,2018-05-31 20:24:55,2018-05-31 20:42:03,1,7.4,1,N,1,23.0,0.500000000,0.500000000,4.86,0.0,0.300000000,29.16,138,255,20,Thursday,5,138,LaGuardia Airport,Queens
1,2018-10-10 18:24:08,2018-10-10 18:59:54,1,10.0,1,N,1,31.5,1.000000000,0.500000000,7.8,5.76,0.300000000,46.86,138,162,18,Wednesday,10,138,LaGuardia Airport,Queens
2,2018-03-25 21:40:47,2018-03-25 22:02:56,5,7.05,1,N,1,22.5,0.500000000,0.500000000,3.57,0.0,0.300000000,27.37,138,145,21,Sunday,3,138,LaGuardia Airport,Queens
2,2018-02-12 21:57:05,2018-02-12 22:20:15,2,10.25,1,N,1,31.0,0.500000000,0.500000000,8.08,0.0,0.300000000,40.38,138,125,21,Monday,2,138,LaGuardia Airport,Queens
